Date,Open,High,Low,Close,Adj Close,Volume
2004-12-17,0.5,2.5,0.5,2.1212658882141113,1.4232430458068848,33045
2004-12-20,2.319999933242798,2.325000047683716,2.0,2.078732967376709,1.394706130027771,62580
2004-12-21,2.125,2.1500000953674316,2.0275330543518066,2.0987329483032227,1.4081248044967651,25455
2004-12-22,2.3499999046325684,2.3499999046325684,1.975000023841858,2.0587329864501953,1.3812875747680664,13995
2004-12-23,2.2249999046325684,2.2249999046325684,1.9800000190734863,2.003732919692993,1.3443856239318848,5055
2004-12-24,2.1625330448150635,2.1625330448150635,1.9500000476837158,2.07373309135437,1.391351342201233,7725
2004-12-27,1.975000023841858,2.0299999713897705,1.975000023841858,2.0275330543518066,1.360353946685791,3615
2004-12-28,1.875,2.0,1.828732967376709,1.8487329483032227,1.2403898239135742,10275
2004-12-29,2.0999999046325684,2.0999999046325684,1.875,1.8812659978866577,1.262217402458191,59550
2004-12-30,1.9962660074234009,1.9962660074234009,1.875,1.8875329494476318,1.2664222717285156,18720
2004-12-31,1.752532958984375,1.983733057975769,1.752532958984375,1.907533049583435,1.2798411846160889,10155
2005-01-03,1.8887330293655396,2.2899999618530273,1.7999999523162842,2.261265993118286,1.5171749591827393,165855
2005-01-04,2.450000047683716,2.5,2.2312660217285156,2.338732957839966,1.569150447845459,87105
2005-01-05,2.718733072280884,2.718733072280884,2.075000047683716,2.1112658977508545,1.4165339469909668,24015
2005-01-06,2.2249999046325684,2.5337328910827637,2.125,2.5325329303741455,1.699178695678711,165795
2005-01-07,2.7249999046325684,2.9749999046325684,2.552532911300659,2.6700000762939453,1.7914106845855713,389430
2005-01-10,2.773732900619507,2.799999952316284,2.1525330543518066,2.466265916824341,1.6547175645828247,53775
2005-01-11,2.450000047683716,2.5250000953674316,2.4225330352783203,2.4312660694122314,1.6312346458435059,23700
2005-01-12,2.4049999713897705,2.4049999713897705,2.1887331008911133,2.1887331008911133,1.4685097932815552,31935
2005-01-13,2.372533082962036,2.375,2.200000047683716,2.208733081817627,1.4819279909133911,11625
2005-01-14,2.2125329971313477,2.2125329971313477,2.0,2.0,1.3418809175491333,47820
2005-01-17,2.0312659740448,2.0312659740448,1.8087329864501953,1.852532982826233,1.2429392337799072,7590
2005-01-18,2.0250000953674316,2.0250000953674316,1.9012659788131714,1.9737329483032227,1.3242571353912354,5205
2005-01-19,1.9062659740447998,1.9249999523162842,1.7875330448150635,1.8087329864501953,1.2135522365570068,24900
2005-01-20,1.875,1.875,1.6312659978866577,1.6649999618530273,1.11711585521698,75960
2005-01-24,1.7475329637527466,1.784999966621399,1.7000000476837158,1.7737330198287964,1.190069317817688,5505
2005-01-25,1.875,1.875,1.7875330448150635,1.8049999475479126,1.211047649383545,17115
2005-01-27,1.875,1.875,1.7775330543518066,1.7875330448150635,1.1993283033370972,27105
2005-01-28,1.7775330543518066,1.875,1.7775330543518066,1.8162659406661987,1.2186063528060913,21435
2005-01-31,1.8375329971313477,1.9199999570846558,1.774999976158142,1.7799999713897705,1.194273829460144,13350
2005-02-01,1.7875330448150635,1.8475329875946045,1.725000023841858,1.7487330436706543,1.1732958555221558,48180
2005-02-02,1.8475329875946045,1.8687330484390259,1.715000033378601,1.7599999904632568,1.180855393409729,25515
2005-02-03,1.8125330209732056,1.8737330436706543,1.8125330209732056,1.850000023841858,1.2412399053573608,22650
2005-02-04,1.8250000476837158,1.8825329542160034,1.8250000476837158,1.877532958984375,1.2597129344940186,12345
2005-02-07,1.899999976158142,2.0450000762939453,1.899999976158142,1.9937330484390259,1.337675929069519,21405
2005-02-08,1.9199999570846558,2.184999942779541,1.91873300075531,2.119999885559082,1.422393798828125,51585
2005-02-09,2.2750000953674316,2.299999952316284,2.140000104904175,2.184999942779541,1.4660050868988037,177435
2005-02-10,2.2750000953674316,2.2750000953674316,2.005000114440918,2.1125330924987793,1.417384147644043,41160
2005-02-11,2.0012660026550293,2.174999952316284,1.9012659788131714,2.0299999713897705,1.3620092868804932,33315
2005-02-14,2.07373309135437,2.07373309135437,1.9387329816818237,1.9487329721450806,1.3074837923049927,19455
2005-02-15,1.9500000476837158,1.9525330066680908,1.875,1.875,1.258013367652893,10155
2005-02-16,1.8300000429153442,1.9487329721450806,1.8300000429153442,1.8675329685211182,1.2530033588409424,6810
2005-02-17,1.899999976158142,1.899999976158142,1.8375329971313477,1.852532982826233,1.2429392337799072,9810
2005-02-18,1.893733024597168,1.899999976158142,1.850000023841858,1.850000023841858,1.2412399053573608,4260
2005-02-21,1.8250000476837158,1.875,1.8250000476837158,1.875,1.258013367652893,2100
2005-02-22,1.9249999523162842,2.062532901763916,1.8250000476837158,2.062532901763916,1.3838369846343994,68775
2005-02-23,2.25,2.268733024597168,2.1262660026550293,2.268733024597168,1.5221848487854004,44820
2005-02-24,2.382533073425293,2.382533073425293,2.299999952316284,2.382533073425293,1.5985379219055176,319755
2005-02-25,2.4125330448150635,2.471266031265259,2.26373291015625,2.26373291015625,1.5188297033309937,80505
2005-02-28,2.1600000858306885,2.25,2.151266098022461,2.151266098022461,1.443371295928955,30660
2005-03-01,2.0975329875946045,2.1500000953674316,2.0975329875946045,2.1012659072875977,1.4098244905471802,23445
2005-03-02,2.075000047683716,2.14253306388855,2.075000047683716,2.1050000190734863,1.4123297929763794,9315
2005-03-03,2.0999999046325684,2.1649999618530273,2.0975329875946045,2.1062660217285156,1.4131791591644287,29175
2005-03-04,2.1625330448150635,2.1625330448150635,2.062532901763916,2.0662660598754883,1.3863416910171509,11925
2005-03-07,2.1625330448150635,2.1625330448150635,2.0250000953674316,2.128732919692993,1.4282530546188354,66465
2005-03-08,2.125,2.2312660217285156,2.075000047683716,2.136265993118286,1.4333072900772095,91455
2005-03-09,2.174999952316284,2.2175331115722656,2.125,2.1475329399108887,1.4408668279647827,34770
2005-03-10,2.2225329875946045,2.2225329875946045,2.088732957839966,2.096266031265259,1.4064695835113525,10785
2005-03-11,2.174999952316284,2.174999952316284,2.07373309135437,2.093733072280884,1.4047701358795166,11280
2005-03-14,2.1562659740448,2.1562659740448,2.055000066757202,2.081265926361084,1.3964054584503174,10965
2005-03-15,2.1725330352783203,2.1725330352783203,1.9800000190734863,2.0,1.3418809175491333,22005
2005-03-16,2.0999999046325684,2.0999999046325684,1.9025330543518066,1.9149999618530273,1.2848511934280396,13995
2005-03-17,2.0,2.0,1.9237329959869385,1.9500000476837158,1.3083339929580688,5565
2005-03-18,2.0375330448150635,2.0375330448150635,1.9012659788131714,1.9712660312652588,1.3226022720336914,8055
2005-03-21,1.9875329732894897,2.0,1.975000023841858,1.975000023841858,1.325107455253601,6900
2005-03-22,1.8887330293655396,1.9362659454345703,1.8762660026550293,1.877532958984375,1.2597129344940186,4635
2005-03-23,1.9687329530715942,1.9687329530715942,1.7887330055236816,1.8012659549713135,1.2085421085357666,4560
2005-03-24,1.7375329732894897,1.850000023841858,1.7375329732894897,1.7425329685211182,1.1691359281539917,6255
2005-03-28,1.828732967376709,1.828732967376709,1.7137329578399658,1.7575329542160034,1.1792000532150269,10035
2005-03-29,1.8375329971313477,1.8375329971313477,1.6749999523162842,1.6749999523162842,1.123825192451477,13755
2005-03-30,1.6775330305099487,1.7125329971313477,1.6749999523162842,1.6749999523162842,1.123825192451477,1500
2005-03-31,1.7575329542160034,1.7575329542160034,1.7375329732894897,1.7425329685211182,1.1691359281539917,11070
2005-04-01,1.774999976158142,1.7975330352783203,1.728732943534851,1.7562659978866577,1.1783500909805298,11475
2005-04-04,1.7475329637527466,1.774999976158142,1.7000000476837158,1.7325329780578613,1.162426471710205,8745
2005-04-05,1.7737330198287964,1.7737330198287964,1.725000023841858,1.725000023841858,1.1573723554611206,2760
2005-04-06,1.725000023841858,1.725000023841858,1.6875330209732056,1.7000000476837158,1.1405987739562988,11775
2005-04-07,1.7612659931182861,1.7625329494476318,1.6449999809265137,1.66873300075531,1.119620442390442,25815
2005-04-08,1.6875330209732056,1.6875330209732056,1.600000023841858,1.6137330532073975,1.0827189683914185,25500
2005-04-11,1.6862659454345703,1.6862659454345703,1.578732967376709,1.6649999618530273,1.11711585521698,3015
2005-04-12,1.6862659454345703,1.6862659454345703,1.6162660121917725,1.6225329637527466,1.0886229276657104,2805
2005-04-13,1.6312659978866577,1.6699999570846558,1.6100000143051147,1.6325329542160034,1.095332384109497,6030
2005-04-15,1.684999942779541,1.6887329816818237,1.6625330448150635,1.6625330448150635,1.115460753440857,2235
2005-04-18,1.602532982826233,1.6749999523162842,1.5775330066680908,1.667533040046692,1.118815541267395,13545
2005-04-19,1.725000023841858,1.8250000476837158,1.7000000476837158,1.7200000286102295,1.154017448425293,37290
2005-04-20,1.8812659978866577,1.8812659978866577,1.6512659788131714,1.6749999523162842,1.123825192451477,3435
2005-04-21,1.7487330436706543,1.7487330436706543,1.7487330436706543,1.7487330436706543,1.1732958555221558,15
2005-04-22,1.6562659740447998,1.7225329875946045,1.6549999713897705,1.6549999713897705,1.110406517982483,2025
2005-04-25,1.7000000476837158,1.7000000476837158,1.66873300075531,1.66873300075531,1.119620442390442,2505
2005-04-26,1.5499999523162842,1.7975330352783203,1.5499999523162842,1.7300000190734863,1.1607270240783691,16815
2005-04-27,1.7975330352783203,1.7975330352783203,1.7400000095367432,1.7812659740447998,1.195123314857483,7515
2005-04-28,1.6625330448150635,1.752532958984375,1.6625330448150635,1.7425329685211182,1.1691359281539917,2205
2005-04-29,1.7999999523162842,1.7999999523162842,1.7025330066680908,1.7025330066680908,1.1422983407974243,2100
2005-05-02,1.6625330448150635,1.7475329637527466,1.6525330543518066,1.6587330102920532,1.1129109859466553,7800
2005-05-03,1.6137330532073975,1.6975330114364624,1.6137330532073975,1.6887329816818237,1.1330393552780151,1695
2005-05-04,1.6987329721450806,1.7000000476837158,1.627532958984375,1.6637330055236816,1.116265892982483,3105
2005-05-05,1.6749999523162842,1.8312660455703735,1.6749999523162842,1.8312660455703735,1.228670358657837,10035
2005-05-06,2.0,2.0,1.8512660264968872,1.8512660264968872,1.2420893907546997,6975
2005-05-09,1.9500000476837158,1.9950000047683716,1.899999976158142,1.9762660264968872,1.3259568214416504,27315
2005-05-10,1.899999976158142,1.899999976158142,1.852532982826233,1.875,1.258013367652893,5235
2005-05-11,1.875,1.9500000476837158,1.8637330532073975,1.8849999904632568,1.2647228240966797,4290
2005-05-12,1.899999976158142,1.9725329875946045,1.899999976158142,1.9562660455703735,1.3125381469726562,14535
2005-05-13,1.9975329637527466,2.1525330543518066,1.9975329637527466,2.134999990463257,1.4324579238891602,58815
2005-05-16,2.312532901763916,2.3487329483032227,2.200000047683716,2.305000066757202,1.5465174913406372,92355
2005-05-17,2.325000047683716,2.3499999046325684,2.177532911300659,2.211266040802002,1.4836279153823853,63825
2005-05-18,2.125,2.200000047683716,2.125,2.200000047683716,1.4760689735412598,1605
2005-05-19,2.2750000953674316,2.375,2.25,2.3062660694122314,1.5473673343658447,54945
2005-05-20,2.2875330448150635,2.2875330448150635,2.1637330055236816,2.1662659645080566,1.4534356594085693,9495
2005-05-23,2.322532892227173,2.359999895095825,2.1125330924987793,2.146265983581543,1.440016746520996,34035
2005-05-24,2.1700000762939453,2.194999933242798,2.125,2.1475329399108887,1.4408668279647827,21675
2005-05-25,2.1700000762939453,2.174999952316284,2.1062660217285156,2.125,1.4257484674453735,5055
2005-05-26,2.1025331020355225,2.1037330627441406,2.0850000381469727,2.093733072280884,1.4047701358795166,90
2005-05-27,2.130000114440918,2.218733072280884,2.1262660026550293,2.1262660026550293,1.4265978336334229,16065
2005-05-30,2.0850000381469727,2.0875329971313477,2.012532949447632,2.069999933242798,1.3888466358184814,3000
2005-05-31,2.0250000953674316,2.0250000953674316,1.965000033378601,1.977532982826233,1.326806902885437,23415
2005-06-01,2.0,2.0612659454345703,1.8250000476837158,1.9262659549713135,1.292409896850586,15585
2005-06-02,1.9487329721450806,1.9500000476837158,1.9487329721450806,1.9500000476837158,1.3083339929580688,1095
2005-06-03,2.01373291015625,2.01373291015625,1.9500000476837158,1.9575330018997192,1.3133882284164429,21525
2005-06-06,2.0250000953674316,2.0475330352783203,2.0250000953674316,2.0475330352783203,1.3737727403640747,165
2005-06-07,2.0,2.077533006668091,2.0,2.026266098022461,1.3595037460327148,7710
2005-06-08,2.122533082962036,2.1625330448150635,2.0399999618530273,2.0975329875946045,1.4073195457458496,42360
2005-06-09,2.1612660884857178,2.307533025741577,2.0875329971313477,2.307533025741577,1.5482171773910522,78375
2005-06-10,2.3499999046325684,2.4875330924987793,2.319999933242798,2.3499999046325684,1.5767103433609009,141405
2005-06-13,2.375,2.4237329959869385,2.262532949447632,2.26373291015625,1.5188297033309937,21015
2005-06-14,2.372533082962036,2.372533082962036,2.2875330448150635,2.2875330448150635,1.5347983837127686,5685
2005-06-15,2.2775330543518066,2.3087329864501953,2.2750000953674316,2.2775330543518066,1.5280890464782715,10650
2005-06-16,2.2325329780578613,2.273732900619507,2.2249999046325684,2.2312660217285156,1.497046709060669,8745
2005-06-17,2.202533006668091,2.202533006668091,2.1625330448150635,2.1625330448150635,1.450931191444397,3585
2005-06-20,2.0899999141693115,2.200000047683716,2.0899999141693115,2.196265935897827,1.47356379032135,2025
2005-06-21,2.2725329399108887,2.2725329399108887,2.1187329292297363,2.146265983581543,1.440016746520996,7035
2005-06-22,2.25,2.25,2.086266040802002,2.1262660026550293,1.4265978336334229,8505
2005-06-23,2.1500000953674316,2.1737329959869385,2.132533073425293,2.1587328910827637,1.4483815431594849,2415
2005-06-24,2.2125329971313477,2.2249999046325684,2.2125329971313477,2.2249999046325684,1.4928427934646606,1245
2005-06-27,2.447532892227173,2.447532892227173,2.375,2.447532892227173,1.642148733139038,438735
2005-06-28,2.5425329208374023,2.6050000190734863,2.3625330924987793,2.3949999809265137,1.6069022417068481,256005
2005-06-29,2.387532949447632,2.5,2.380000114440918,2.4962658882141113,1.674845814704895,89025
2005-06-30,2.505000114440918,2.5225329399108887,2.4075329303741455,2.4725329875946045,1.6589224338531494,26415
2005-07-01,2.5,2.5,2.3762660026550293,2.444999933242798,1.6404491662979126,19485
2005-07-04,2.450000047683716,2.575000047683716,2.450000047683716,2.5275330543518066,1.6958242654800415,100455
2005-07-05,2.575000047683716,2.575000047683716,2.424999952316284,2.4800000190734863,1.6639320850372314,32940
2005-07-06,2.497533082962036,2.5999999046325684,2.424999952316284,2.5462660789489746,1.7083929777145386,75135
2005-07-07,2.586266040802002,2.6475329399108887,2.5299999713897705,2.5512659549713135,1.7117475271224976,29535
2005-07-08,2.549999952316284,2.619999885559082,2.549999952316284,2.5999999046325684,1.7444450855255127,20025
2005-07-11,2.437532901763916,2.859999895095825,2.424999952316284,2.859999895095825,1.9188897609710693,77145
2005-07-12,2.9749999046325684,3.146265983581543,2.9749999046325684,3.1449999809265137,2.110107660293579,208560
2005-07-13,3.2962660789489746,3.302532911300659,3.062532901763916,3.3012659549713135,2.2149531841278076,276180
2005-07-14,3.3475329875946045,3.391266107559204,3.202533006668091,3.3087329864501953,2.2199628353118896,40980
2005-07-15,3.312532901763916,3.424999952316284,3.2249999046325684,3.375,2.2644240856170654,34125
2005-07-18,3.424999952316284,3.427532911300659,3.252532958984375,3.3662660121917725,2.258563995361328,13305
2005-07-19,3.2262659072875977,3.2937328815460205,3.19873309135437,3.2049999237060547,2.1503639221191406,15825
2005-07-20,3.200000047683716,3.3499999046325684,3.069999933242798,3.221266031265259,2.1612772941589355,48675
2005-07-21,3.1762659549713135,3.261265993118286,3.1762659549713135,3.2125329971313477,2.155418872833252,1155
2005-07-22,3.25,3.2750000953674316,3.200000047683716,3.218733072280884,2.159578323364258,9705
2005-07-25,3.200000047683716,3.200000047683716,3.076266050338745,3.076266050338745,2.0639915466308594,3495
2005-07-26,2.990000009536743,3.091265916824341,2.9749999046325684,2.9749999046325684,1.9960477352142334,5775
2005-07-27,2.9875330924987793,3.0999999046325684,2.9749999046325684,3.002532958984375,2.014521360397339,4245
2005-07-28,20.016666412353516,20.016666412353516,20.016666412353516,20.016666412353516,13.429990768432617,0
2005-07-29,3.125,3.125,2.950000047683716,3.0362660884857178,2.0371532440185547,6090
2005-08-01,2.951266050338745,2.951266050338745,2.884999990463257,2.9337329864501953,1.968360424041748,18375
2005-08-02,2.875,2.878732919692993,2.7887330055236816,2.825000047683716,1.8954075574874878,21675
2005-08-03,2.7125329971313477,2.924999952316284,2.700000047683716,2.7249999046325684,1.8283125162124634,18555
2005-08-04,2.7375330924987793,2.7375330924987793,2.6687328815460205,2.692533016204834,1.8065295219421387,2205
2005-08-05,2.718733072280884,2.819999933242798,2.687532901763916,2.706265926361084,1.8157436847686768,23610
2005-08-08,2.700000047683716,2.700000047683716,2.571265935897827,2.576266050338745,1.7285211086273193,29025
2005-08-09,2.5999999046325684,2.692533016204834,2.5999999046325684,2.6887331008911133,1.803979516029358,1440
2005-08-10,2.7125329971313477,2.958733081817627,2.7125329971313477,2.9575328826904297,1.9843288660049438,20250
2005-08-11,2.924999952316284,2.9987330436706543,2.8137331008911133,2.9112660884857178,1.953286051750183,6405
2005-08-12,2.875,2.950000047683716,2.825000047683716,2.875,1.9289536476135254,8895
2005-08-16,2.890000104904175,3.117532968521118,2.890000104904175,3.0799999237060547,2.0664968490600586,14865
2005-08-17,3.055000066757202,3.3737330436706543,3.0512659549713135,3.140000104904175,2.1067535877227783,30975
2005-08-18,3.077533006668091,3.2225329875946045,3.049999952316284,3.1075329780578613,2.0849695205688477,20055
2005-08-19,3.143733024597168,3.375,3.077533006668091,3.336266040802002,2.238436222076416,44775
2005-08-22,3.299999952316284,3.325000047683716,3.125,3.278733015060425,2.1998348236083984,30915
2005-08-23,3.2850000858306885,3.2850000858306885,3.1587328910827637,3.174999952316284,2.1302361488342285,15435
2005-08-24,3.0999999046325684,3.1262660026550293,3.018733024597168,3.1262660026550293,2.097538709640503,3105
2005-08-25,3.0250000953674316,3.1500000953674316,3.0,3.026266098022461,2.0304441452026367,3255
2005-08-26,3.2875330448150635,3.2875330448150635,3.0350000858306885,3.2462658882141113,2.178050994873047,6855
2005-08-29,3.299999952316284,3.372533082962036,3.0662660598754883,3.2362658977508545,2.17134165763855,14430
2005-08-30,3.369999885559082,3.372533082962036,3.174999952316284,3.174999952316284,2.1302361488342285,16485
2005-08-31,3.325000047683716,3.325000047683716,3.049999952316284,3.221266031265259,2.1612772941589355,7785
2005-09-01,3.25,3.25,3.1500000953674316,3.200000047683716,2.1470096111297607,3015
2005-09-02,3.273732900619507,3.273732900619507,3.077533006668091,3.1475329399108887,2.1799299716949463,4965
2005-09-05,3.052532911300659,3.2362658977508545,3.049999952316284,3.200000047683716,2.2162678241729736,10515
2005-09-06,3.3499999046325684,3.3499999046325684,3.1500000953674316,3.218733072280884,2.2292420864105225,8565
2005-09-08,3.151266098022461,3.2750000953674316,3.125,3.136265993118286,2.1721270084381104,20925
2005-09-09,3.2375330924987793,3.2375330924987793,3.130000114440918,3.130000114440918,2.1677873134613037,8820
2005-09-12,3.200000047683716,3.25,3.137532949447632,3.2249999046325684,2.2335822582244873,12150
2005-09-13,3.200000047683716,3.2125329971313477,3.125,3.2125329971313477,2.2249481678009033,6405
2005-09-14,3.200000047683716,3.200000047683716,3.0999999046325684,3.1675329208374023,2.193782091140747,6255
2005-09-15,3.075000047683716,3.174999952316284,3.075000047683716,3.174999952316284,2.198953151702881,7965
2005-09-16,3.0999999046325684,3.0999999046325684,3.0,3.0425329208374023,2.107208490371704,4095
2005-09-19,3.1500000953674316,3.1687328815460205,3.0999999046325684,3.0999999046325684,2.1470093727111816,3525
2005-09-20,3.049999952316284,3.174999952316284,2.924999952316284,2.9625329971313477,2.051802158355713,13305
2005-09-21,3.2225329875946045,3.2237329483032227,2.8562660217285156,2.968733072280884,2.056096076965332,26985
2005-09-22,2.826266050338745,3.0250000953674316,2.674999952316284,2.674999952316284,1.8526617288589478,25185
2005-09-23,2.5,2.700000047683716,2.4775331020355225,2.588732957839966,1.7929145097732544,9975
2005-09-26,2.4749999046325684,2.8487329483032227,2.4262659549713135,2.75,1.9046051502227783,19890
2005-09-27,2.7750000953674316,2.869999885559082,2.75,2.7812659740448,1.926259160041809,6765
2005-09-28,2.799999952316284,2.875,2.6012659072875977,2.6649999618530273,1.8457351922988892,6615
2005-09-29,2.633733034133911,2.8637330532073975,2.6312661170959473,2.633733034133911,1.8240805864334106,16905
2005-09-30,2.7750000953674316,2.8625330924987793,2.4887330532073975,2.674999952316284,1.8526617288589478,29250
2005-10-03,2.577533006668091,2.7100000381469727,2.5637331008911133,2.577533006668091,1.7851574420928955,13980
2005-10-04,2.75,2.7962660789489746,2.6600000858306885,2.7249999046325684,1.887290596961975,29205
2005-10-05,2.75,2.768733024597168,2.694999933242798,2.7362658977508545,1.8950930833816528,7485
2005-10-06,2.7125329971313477,2.8499999046325684,2.7125329971313477,2.7249999046325684,1.887290596961975,8100
2005-10-07,2.700000047683716,2.7975330352783203,2.6762659549713135,2.6762659549713135,1.8535380363464355,2745
2005-10-10,2.687532901763916,2.773732900619507,2.687532901763916,2.773732900619507,1.9210422039031982,255
2005-10-11,2.700000047683716,2.700000047683716,2.700000047683716,2.700000047683716,1.8699764013290405,1005
2005-10-13,2.75,2.75,2.5975329875946045,2.615000009536743,1.811106562614441,7050
2005-10-14,2.7225329875946045,2.7225329875946045,2.575000047683716,2.5825328826904297,1.7886202335357666,113355
2005-10-17,2.5387330055236816,2.5387330055236816,2.5012660026550293,2.502532958984375,1.7332135438919067,1500
2005-10-18,2.6237330436706543,2.625,2.4749999046325684,2.4837329387664795,1.7201929092407227,17025
2005-10-19,2.3499999046325684,2.5475330352783203,2.2825329303741455,2.3499999046325684,1.627571940422058,23310
2005-10-20,2.4749999046325684,2.4749999046325684,2.325000047683716,2.325000047683716,1.6102572679519653,1995
2005-10-21,2.325000047683716,2.4749999046325684,2.325000047683716,2.44873309135437,1.6959527730941772,660
2005-10-24,2.375,2.549999952316284,2.307533025741577,2.549999952316284,1.7660884857177734,5040
2005-10-25,2.549999952316284,2.549999952316284,2.549999952316284,2.549999952316284,1.7660884857177734,0
2005-10-26,2.390000104904175,2.44873309135437,2.32373309135437,2.39253306388855,1.657029390335083,7380
2005-10-27,2.325000047683716,2.325000047683716,2.2750000953674316,2.2750000953674316,1.5756279230117798,1215
2005-10-28,2.2249999046325684,2.2249999046325684,2.200000047683716,2.200000047683716,1.5236842632293701,960
2005-10-31,2.25,2.25,2.1037330627441406,2.2249999046325684,1.540998935699463,21975
2005-11-02,2.372533082962036,2.372533082962036,2.372533082962036,2.372533082962036,1.6431782245635986,0
2005-11-04,2.372533082962036,2.372533082962036,2.372533082962036,2.372533082962036,1.6431782245635986,0
2005-11-07,2.549999952316284,2.549999952316284,2.3325328826904297,2.3325328826904297,1.6154741048812866,21195
2005-11-08,2.494999885559082,2.4962658882141113,2.317533016204834,2.4812660217285156,1.7184847593307495,30495
2005-11-09,2.4000000953674316,2.4749999046325684,2.3625330924987793,2.393733024597168,1.6578603982925415,6990
2005-11-10,2.375,2.4862658977508545,2.341265916824341,2.3450000286102295,1.6241086721420288,795
2005-11-11,2.4049999713897705,2.497533082962036,2.3812661170959473,2.497533082962036,1.7297507524490356,4245
2005-11-14,2.3949999809265137,2.4962658882141113,2.3949999809265137,2.4962658882141113,1.728873372077942,2505
2005-11-16,2.5250000953674316,2.5250000953674316,2.523732900619507,2.5250000953674316,1.7487738132476807,405
2005-11-17,2.5250000953674316,2.5275330543518066,2.317533016204834,2.380000114440918,1.648349404335022,9165
2005-11-18,2.3525331020355225,2.4237329959869385,2.3375329971313477,2.346266031265259,1.624985933303833,64515
2005-11-21,2.3612658977508545,2.3612658977508545,2.3525331020355225,2.3550000190734863,1.6310347318649292,975
2005-11-22,2.375,2.4787330627441406,2.252532958984375,2.2725329399108887,1.5739192962646484,14535
2005-11-23,2.434999942779541,2.434999942779541,2.2899999618530273,2.312532901763916,1.6016227006912231,2085
2005-11-24,2.3737330436706543,2.375,2.3737330436706543,2.375,1.6448863744735718,4995
2005-11-25,2.375,2.4000000953674316,2.3499999046325684,2.382533073425293,1.6501034498214722,14325
2005-11-28,2.4987330436706543,2.4987330436706543,2.3575329780578613,2.375,1.6448863744735718,3825
2005-11-29,2.4000000953674316,2.4125330448150635,2.4000000953674316,2.4125330448150635,1.6708811521530151,1200
2005-11-30,2.3562660217285156,2.450000047683716,2.3562660217285156,2.3812661170959473,1.6492259502410889,555
2005-12-01,2.468733072280884,2.468733072280884,2.377532958984375,2.4000000953674316,1.6622012853622437,12150
2005-12-02,2.377532958984375,2.377532958984375,2.377532958984375,2.377532958984375,1.6466403007507324,495
2005-12-05,15.850000381469727,15.850000381469727,15.850000381469727,15.850000381469727,10.977452278137207,0
2005-12-06,2.3499999046325684,2.3499999046325684,2.3499999046325684,2.3499999046325684,1.627571940422058,495
2005-12-07,2.4025330543518066,2.5850000381469727,2.3537330627441406,2.5850000381469727,1.7903286218643188,74940
2005-12-08,2.700000047683716,2.742532968521118,2.625,2.716265916824341,1.8812414407730103,44475
2005-12-09,2.75,2.9749999046325684,2.7237329483032227,2.893733024597168,2.004152297973633,43635
2005-12-12,2.9000000953674316,3.0250000953674316,2.826266050338745,2.9212660789489746,2.023221254348755,65190
2005-12-13,2.875,2.924999952316284,2.8499999046325684,2.8499999046325684,1.973863124847412,7905
2005-12-14,2.8499999046325684,2.8512659072875977,2.7249999046325684,2.759999990463257,1.9115315675735474,22260
2005-12-15,2.677532911300659,2.799999952316284,2.6562659740448,2.6700000762939453,1.8491984605789185,12795
2005-12-16,2.7750000953674316,2.8037331104278564,2.7750000953674316,2.8037331104278564,1.9418202638626099,54765
2005-12-19,2.943732976913452,2.944999933242798,2.943732976913452,2.944999933242798,2.039658784866333,1665
2005-12-20,3.0925331115722656,3.0925331115722656,3.0925331115722656,3.0925331115722656,2.1418378353118896,5145
2005-12-21,3.247533082962036,3.247533082962036,3.0,3.247533082962036,2.2491886615753174,459735
2005-12-22,3.375,3.4100000858306885,3.25,3.4100000858306885,2.361710786819458,393525
2005-12-23,3.549999952316284,3.576266050338745,3.4000000953674316,3.4362659454345703,2.3799021244049072,620055
2005-12-26,3.4387331008911133,3.5,3.265000104904175,3.265000104904175,2.2612855434417725,9345
2005-12-27,3.25,3.3475329875946045,3.1500000953674316,3.3087329864501953,2.291574478149414,60420
2005-12-28,3.375,3.446265935897827,3.252532958984375,3.2562661170959473,2.2552366256713867,343440
2005-12-29,3.2387330532073975,3.25,3.201266050338745,3.2312660217285156,2.237922191619873,14970
2005-12-30,3.200000047683716,3.247533082962036,3.174999952316284,3.174999952316284,2.198953151702881,8475
2006-01-02,3.1625330448150635,3.2225329875946045,3.1625330448150635,3.177532911300659,2.20070743560791,5145
2006-01-03,3.2487330436706543,3.2487330436706543,3.0999999046325684,3.1562659740448,2.185978412628174,10695
2006-01-04,3.2487330436706543,3.2850000858306885,3.2249999046325684,3.2437329292297363,2.246556520462036,3765
2006-01-05,3.25,3.4062659740448,3.125,3.3450000286102295,2.316692590713501,26385
2006-01-06,3.5,3.512532949447632,3.384999990463257,3.4200000762939453,2.368635892868042,46095
2006-01-09,3.4749999046325684,3.512532949447632,3.3812661170959473,3.484999895095825,2.413654088973999,39255
2006-01-10,3.4749999046325684,3.648732900619507,3.375,3.575000047683716,2.4759867191314697,77235
2006-01-12,3.674999952316284,3.674999952316284,3.4000000953674316,3.458733081817627,2.3954617977142334,12885
2006-01-13,3.4749999046325684,3.632533073425293,3.4749999046325684,3.632533073425293,2.5158329010009766,489075
2006-01-16,3.747533082962036,3.75,3.5825328826904297,3.6187329292297363,2.5062756538391113,73170
2006-01-17,3.702533006668091,3.7375330924987793,3.452533006668091,3.6237330436706543,2.5097384452819824,263385
2006-01-18,3.552532911300659,3.555000066757202,3.451266050338745,3.4775331020355225,2.4084830284118652,16935
2006-01-19,3.549999952316284,3.6525330543518066,3.549999952316284,3.651266098022461,2.5288074016571045,25545
2006-01-20,3.713732957839966,3.75,3.637532949447632,3.7237329483032227,2.578996181488037,142095
2006-01-23,3.742532968521118,3.9100000858306885,3.6050000190734863,3.9000000953674316,2.7010762691497803,436350
2006-01-24,4.025000095367432,4.053732872009277,3.890000104904175,3.9112660884857178,2.708879232406616,123600
2006-01-25,4.050000190734863,4.050000190734863,3.7799999713897705,3.8537330627441406,2.6690328121185303,65325
2006-01-27,3.8499999046325684,3.898732900619507,3.6887331008911133,3.8087329864501953,2.637866258621216,37530
2006-01-30,3.7975330352783203,3.7975330352783203,3.6187329292297363,3.622533082962036,2.5089077949523926,8445
2006-01-31,3.609999895095825,3.700000047683716,3.609999895095825,3.633733034133911,2.5166642665863037,9135
2006-02-01,3.625,3.625,3.453732967376709,3.4887330532073975,2.4162395000457764,37755
2006-02-02,3.484999895095825,3.5250000953674316,3.3499999046325684,3.403733015060425,2.3573696613311768,32265
2006-02-03,3.2387330532073975,3.5250000953674316,3.2387330532073975,3.396265983581543,2.352198362350464,7335
2006-02-06,3.4000000953674316,3.511265993118286,3.4000000953674316,3.4312660694122314,2.376438856124878,32895
2006-02-07,3.5,3.5,3.4025330543518066,3.494999885559082,2.420579671859741,16305
2006-02-08,3.403733015060425,3.4737329483032227,3.321265935897827,3.321265935897827,2.3002548217773438,11835
2006-02-10,3.4225330352783203,3.4625329971313477,3.3037331104278564,3.4625329971313477,2.3980937004089355,3090
2006-02-13,3.299999952316284,3.5475330352783203,3.299999952316284,3.375,2.3374698162078857,22515
2006-02-14,3.4000000953674316,3.4649999141693115,3.3499999046325684,3.3499999046325684,2.320155382156372,4485
2006-02-15,3.325000047683716,3.325000047683716,3.0250000953674316,3.067533016204834,2.124523401260376,30255
2006-02-16,3.125,3.375,3.125,3.375,2.3374698162078857,134025
2006-02-17,3.424999952316284,3.674999952316284,3.075000047683716,3.1737329959869385,2.198076009750366,172845
2006-02-20,3.1549999713897705,3.369999885559082,2.865000009536743,3.234999895095825,2.2405080795288086,90255
2006-02-21,3.3499999046325684,3.4237329959869385,3.1262660026550293,3.193732976913452,2.2119274139404297,52905
2006-02-22,3.2275331020355225,3.261265993118286,3.049999952316284,3.1475329399108887,2.1799299716949463,13695
2006-02-23,3.206265926361084,3.4625329971313477,3.206265926361084,3.377532958984375,2.3392245769500732,87405
2006-02-24,3.299999952316284,3.3975329399108887,3.299999952316284,3.333733081817627,2.308889150619507,27045
2006-02-27,3.3975329399108887,3.4000000953674316,3.2487330436706543,3.2725329399108887,2.266503095626831,9480
2006-02-28,3.325000047683716,3.3687329292297363,3.2812659740448,3.3475329875946045,2.3184468746185303,18570
2006-03-01,3.424999952316284,3.424999952316284,3.312532901763916,3.3475329875946045,2.3184468746185303,8610
2006-03-02,3.325000047683716,3.375,3.2325329780578613,3.273732900619507,2.267333984375,2235
2006-03-03,3.200000047683716,3.25,3.1787331104278564,3.25,2.250896692276001,1860
2006-03-06,3.569999933242798,3.569999933242798,3.1050000190734863,3.391266107559204,2.3487353324890137,142260
2006-03-07,3.4000000953674316,3.4000000953674316,3.325000047683716,3.3299999237060547,2.3063039779663086,18570
2006-03-08,3.387532949447632,3.387532949447632,3.1762659549713135,3.2512660026550293,2.2517740726470947,11205
2006-03-09,3.2125329971313477,3.325000047683716,3.1025331020355225,3.174999952316284,2.198953151702881,14685
2006-03-10,3.1500000953674316,3.2975330352783203,3.0875329971313477,3.1500000953674316,2.181638717651367,44955
2006-03-13,3.25,3.424999952316284,3.25,3.3687329292297363,2.333129644393921,61260
2006-03-14,3.446265935897827,3.5,3.3499999046325684,3.471266031265259,2.404142141342163,117240
2006-03-16,3.515000104904175,3.7249999046325684,3.512532949447632,3.6787331104278564,2.54783034324646,635475
2006-03-17,3.674999952316284,3.7987329959869385,3.4049999713897705,3.552532911300659,2.4604263305664062,1088955
2006-03-20,3.575000047683716,3.619999885559082,3.4000000953674316,3.4112660884857178,2.3625872135162354,15825
2006-03-21,3.343733072280884,3.4725329875946045,3.3162660598754883,3.4049999713897705,2.358247756958008,13230
2006-03-22,3.622533082962036,3.622533082962036,3.128732919692993,3.26373291015625,2.260408401489258,26925
2006-03-23,3.4000000953674316,3.5,3.253732919692993,3.437532901763916,2.3807790279388428,24975
2006-03-24,3.3012659549713135,3.4000000953674316,3.2750000953674316,3.3325328826904297,2.308058023452759,12765
2006-03-27,3.450000047683716,3.450000047683716,3.299999952316284,3.3625330924987793,2.3288357257843018,19500
2006-03-28,3.2750000953674316,3.3499999046325684,3.134999990463257,3.2249999046325684,2.2335822582244873,105810
2006-03-29,3.5250000953674316,3.5250000953674316,3.115000009536743,3.3399999141693115,2.3132293224334717,3810
2006-03-30,3.3975329399108887,3.468733072280884,3.268733024597168,3.268733024597168,2.263871192932129,3495
2006-03-31,3.2249999046325684,3.325000047683716,3.180000066757202,3.201266050338745,2.217144250869751,9525
2006-04-03,3.327533006668091,3.5225329399108887,3.2275331020355225,3.5225329399108887,2.4396488666534424,29430
2006-04-04,3.575000047683716,3.694999933242798,3.375,3.427532911300659,2.3738536834716797,25275
2006-04-05,3.5250000953674316,3.549999952316284,3.401266098022461,3.450000047683716,2.389413833618164,6510
2006-04-07,3.4000000953674316,3.5450000762939453,3.325000047683716,3.325000047683716,2.3028404712677,58875
2006-04-10,3.25,3.6125330924987793,3.2149999141693115,3.5562660694122314,2.4630119800567627,26355
2006-04-12,3.549999952316284,3.549999952316284,3.424999952316284,3.5062661170959473,2.4283828735351562,9105
2006-04-13,3.25,3.492532968521118,3.25,3.325000047683716,2.3028404712677,4605
2006-04-17,3.4800000190734863,3.4800000190734863,3.2750000953674316,3.2775330543518066,2.2699661254882812,73215
2006-04-18,3.2912659645080566,3.5975329875946045,3.2912659645080566,3.430000066757202,2.3755626678466797,42885
2006-04-19,3.5,3.5,3.375,3.375,2.3374698162078857,5145
2006-04-20,3.049999952316284,3.4725329875946045,3.049999952316284,3.375,2.3374698162078857,2025
2006-04-21,3.375,3.4000000953674316,3.299999952316284,3.299999952316284,2.2855262756347656,11580
2006-04-24,3.5250000953674316,3.5250000953674316,3.2875330448150635,3.2899999618530273,2.2786004543304443,3855
2006-04-25,3.4000000953674316,3.5,3.4000000953674316,3.4000000953674316,2.3547849655151367,110685
2006-04-26,3.3762660026550293,3.571265935897827,3.3762660026550293,3.5012660026550293,2.424919605255127,18090
2006-04-27,3.5999999046325684,3.6025331020355225,3.4049999713897705,3.4062659740448,2.3591244220733643,26130
2006-04-28,3.424999952316284,3.575000047683716,3.3525331020355225,3.375,2.3374698162078857,19050
2006-05-02,3.5,3.674999952316284,3.325000047683716,3.3375329971313477,2.31152081489563,85020
2006-05-03,3.4600000381469727,3.4625329971313477,3.325000047683716,3.3550000190734863,2.323618173599243,24195
2006-05-04,3.4000000953674316,3.4000000953674316,3.2899999618530273,3.307533025741577,2.290743350982666,26400
2006-05-05,3.326266050338745,3.424999952316284,3.326266050338745,3.38873291015625,2.3469810485839844,11475
2006-05-08,3.450000047683716,3.4575328826904297,3.375,3.375,2.3374698162078857,10395
2006-05-09,3.325000047683716,3.700000047683716,3.325000047683716,3.637532949447632,2.519296169281006,55605
2006-05-10,3.721266031265259,3.7462658882141113,3.549999952316284,3.615000009536743,2.503690242767334,27285
2006-05-11,3.625,3.625,3.4825329780578613,3.4987330436706543,2.4231655597686768,43935
2006-05-12,3.625,3.700000047683716,3.5999999046325684,3.625,2.510615825653076,15780
2006-05-15,3.575000047683716,3.575000047683716,3.5,3.5,2.4240429401397705,8250
2006-05-16,3.2750000953674316,3.5475330352783203,3.132533073425293,3.505000114440918,2.427506446838379,31755
2006-05-17,3.674999952316284,3.75,3.4762659072875977,3.4987330436706543,2.4231655597686768,437310
2006-05-18,3.4749999046325684,3.6687328815460205,3.450000047683716,3.450000047683716,2.389413833618164,54915
2006-05-19,3.3975329399108887,3.450000047683716,3.174999952316284,3.192533016204834,2.21109676361084,15600
2006-05-22,3.247533082962036,3.247533082962036,3.247533082962036,3.247533082962036,2.2491886615753174,495
2006-05-23,3.125,3.450000047683716,3.125,3.450000047683716,2.389413833618164,29625
2006-05-24,3.3499999046325684,3.5,3.3499999046325684,3.4049999713897705,2.358247756958008,265605
2006-05-25,3.3087329864501953,3.44873309135437,3.299999952316284,3.3062660694122314,2.2898659706115723,2010
2006-05-26,3.4912660121917725,3.575000047683716,3.3087329864501953,3.378732919692993,2.340055465698242,12750
2006-05-29,3.4000000953674316,3.5225329399108887,3.299999952316284,3.3012659549713135,2.286402940750122,11565
2006-05-30,3.325000047683716,3.325000047683716,3.325000047683716,3.325000047683716,2.3028404712677,1005
2006-05-31,3.3662660121917725,3.375,3.299999952316284,3.299999952316284,2.2855262756347656,4500
2006-06-01,3.127532958984375,3.127532958984375,3.075000047683716,3.0999999046325684,2.1470093727111816,3000
2006-06-02,2.7837328910827637,3.1625330448150635,2.7825329303741455,2.8762660026550293,1.9920554161071777,810
2006-06-05,3.244999885559082,3.244999885559082,2.825000047683716,2.893733024597168,2.004152297973633,3105
2006-06-06,2.9125330448150635,2.997533082962036,2.75,2.757533073425293,1.9098225831985474,4815
2006-06-07,2.75,2.867532968521118,2.6500000953674316,2.718733072280884,1.8829500675201416,4335
2006-06-08,2.177532911300659,2.369999885559082,2.174999952316284,2.174999952316284,1.5063698291778564,870
2006-06-09,2.174999952316284,2.174999952316284,2.174999952316284,2.174999952316284,1.5063698291778564,0
2006-06-12,2.3525331020355225,2.3525331020355225,2.3525331020355225,2.3525331020355225,1.6293259859085083,45
2006-06-13,2.567533016204834,2.588732957839966,2.375,2.5537331104278564,1.7686738967895508,4740
2006-06-14,2.625,2.7249999046325684,2.625,2.7249999046325684,1.887290596961975,1125
2006-06-15,2.4575328826904297,2.9875330924987793,2.4575328826904297,2.799999952316284,1.9392342567443848,5235
2006-06-16,3.011265993118286,3.011265993118286,2.5875329971313477,2.5999999046325684,1.8007177114486694,6660
2006-06-19,2.4775331020355225,2.4775331020355225,2.4775331020355225,2.4775331020355225,1.7158989906311035,15
2006-06-20,2.5,2.7262659072875977,2.5,2.674999952316284,1.8526617288589478,40995
2006-06-21,2.75,2.7750000953674316,2.75,2.75,1.9046051502227783,3000
2006-06-22,2.937532901763916,2.947532892227173,2.937532901763916,2.937532901763916,2.0344882011413574,3000
2006-06-23,3.122533082962036,3.122533082962036,3.0,3.0,2.0777509212493896,8295
2006-06-26,2.997533082962036,3.0,2.997533082962036,3.0,2.0777509212493896,1995
2006-06-27,2.8587329387664795,2.8587329387664795,2.8587329387664795,2.8587329387664795,1.9799115657806396,300
2006-06-28,2.7249999046325684,2.7249999046325684,2.7249999046325684,2.7249999046325684,1.887290596961975,6000
2006-06-29,2.7249999046325684,2.7249999046325684,2.7249999046325684,2.7249999046325684,1.887290596961975,0
2006-06-30,2.8612658977508545,2.8612658977508545,2.8612658977508545,2.8612658977508545,1.9816659688949585,3105
2006-07-03,3.0,3.0,2.9000000953674316,3.0,2.0777509212493896,7785
2006-07-04,3.0999999046325684,3.1500000953674316,3.0999999046325684,3.0999999046325684,2.1470093727111816,1995
2006-07-05,3.0999999046325684,3.0999999046325684,3.0999999046325684,3.0999999046325684,2.1470093727111816,0
2006-07-06,3.075000047683716,3.255000114440918,3.0,3.2462658882141113,2.2483108043670654,93465
2006-07-07,3.2462658882141113,3.2462658882141113,3.2462658882141113,3.2462658882141113,2.2483108043670654,0
2006-07-10,3.2125329971313477,3.2125329971313477,3.086266040802002,3.086266040802002,2.1374974250793457,1410
2006-07-11,2.934999942779541,3.096266031265259,2.934999942779541,2.9387331008911133,2.035318374633789,1125
2006-07-12,3.0250000953674316,3.049999952316284,3.0250000953674316,3.049999952316284,2.1123805046081543,1035
2006-07-13,3.049999952316284,3.049999952316284,3.049999952316284,3.049999952316284,2.1123805046081543,0
2006-07-14,3.049999952316284,3.049999952316284,3.049999952316284,3.049999952316284,2.1123805046081543,0
2006-07-17,3.049999952316284,3.049999952316284,3.049999952316284,3.049999952316284,2.1123805046081543,0
2006-07-18,2.9000000953674316,3.049999952316284,2.9000000953674316,3.0437328815460205,2.1080398559570312,1305
2006-07-19,3.0,3.0,2.9000000953674316,2.9000000953674316,2.008492946624756,15
2006-07-20,2.755000114440918,2.872533082962036,2.755000114440918,2.7925329208374023,1.9340629577636719,2235
2006-07-21,2.700000047683716,2.700000047683716,2.653733015060425,2.697532892227173,1.8682670593261719,195
2006-07-24,2.694999933242798,2.694999933242798,2.694999933242798,2.694999933242798,1.8665130138397217,105
2006-07-25,2.75,2.773732900619507,2.5612659454345703,2.7149999141693115,1.8803645372390747,1335
2006-07-26,2.591265916824341,2.8512659072875977,2.591265916824341,2.8499999046325684,1.973863124847412,57405
2006-07-27,2.7249999046325684,2.8625330924987793,2.718733072280884,2.8350000381469727,1.9634748697280884,19065
2006-07-28,2.8350000381469727,2.8350000381469727,2.8350000381469727,2.8350000381469727,1.9634748697280884,0
2006-07-31,2.7775330543518066,2.7775330543518066,2.7750000953674316,2.7750000953674316,1.9219200611114502,10260
2006-08-01,2.700000047683716,2.825000047683716,2.6500000953674316,2.75,1.9046051502227783,10950
2006-08-02,2.825000047683716,2.8737330436706543,2.643733024597168,2.8737330436706543,1.9903008937835693,7290
2006-08-03,2.757533073425293,2.799999952316284,2.75,2.799999952316284,1.9392342567443848,8805
2006-08-04,2.687532901763916,2.887532949447632,2.6625330448150635,2.799999952316284,1.9392342567443848,76650
2006-08-07,2.6887331008911133,2.6887331008911133,2.6600000858306885,2.6725330352783203,1.8509526252746582,1305
2006-08-08,2.627532958984375,2.75,2.627532958984375,2.7437329292297363,1.9002647399902344,1995
2006-08-09,2.7437329292297363,2.7437329292297363,2.7437329292297363,2.7437329292297363,1.9002647399902344,0
2006-08-10,2.7437329292297363,2.7437329292297363,2.7437329292297363,2.7437329292297363,1.9002647399902344,0
2006-08-11,2.706265926361084,2.8037331104278564,2.706265926361084,2.7975330352783203,1.9375262260437012,5145
2006-08-14,2.8499999046325684,2.8499999046325684,2.687532901763916,2.687532901763916,1.9544944763183594,600
2006-08-16,2.825000047683716,2.9000000953674316,2.700000047683716,2.825000047683716,2.0544674396514893,5790
2006-08-17,2.674999952316284,2.7962660789489746,2.5999999046325684,2.7462658882141113,1.997207760810852,5730
2006-08-18,2.700000047683716,2.761265993118286,2.5999999046325684,2.625,1.90901780128479,6990
2006-08-21,2.7937328815460205,2.7937328815460205,2.552532911300659,2.5637331008911133,1.8644620180130005,525
2006-08-22,2.799999952316284,2.799999952316284,2.625,2.628732919692993,1.9117329120635986,6555
2006-08-23,2.625,2.625,2.390000104904175,2.4912660121917725,1.8117603063583374,8280
2006-08-24,2.4912660121917725,2.4912660121917725,2.4912660121917725,2.4912660121917725,1.8117603063583374,0
2006-08-25,2.4875330924987793,2.7337329387664795,2.4875330924987793,2.625,1.90901780128479,3300
2006-08-28,2.562532901763916,2.700000047683716,2.562532901763916,2.625,1.90901780128479,3060
2006-08-29,2.6500000953674316,2.674999952316284,2.557533025741577,2.557533025741577,1.8599529266357422,11265
2006-08-30,2.557533025741577,2.6675329208374023,2.3325328826904297,2.5,1.8181123733520508,13980
2006-08-31,2.6500000953674316,2.734999895095825,2.6500000953674316,2.6625330448150635,1.9363136291503906,9735
2006-09-01,2.799999952316284,2.799999952316284,2.5,2.7387330532073975,1.991729497909546,55605
2006-09-04,2.4837329387664795,2.94873309135437,2.4837329387664795,2.76373291015625,2.009911060333252,22605
2006-09-05,2.7287330627441406,2.8062660694122314,2.7287330627441406,2.75,1.9999237060546875,77730
2006-09-06,2.6500000953674316,2.9187328815460205,2.6500000953674316,2.75,1.9999237060546875,45480
2006-09-07,2.575000047683716,2.825000047683716,2.575000047683716,2.7375330924987793,1.9908565282821655,10500
2006-09-08,2.8499999046325684,2.8499999046325684,2.7325329780578613,2.821265935897827,2.051751136779785,20310
2006-09-11,3.0999999046325684,3.0999999046325684,2.6525330543518066,2.799999952316284,2.036285638809204,16995
2006-09-12,2.700000047683716,2.875,2.583733081817627,2.7750000953674316,2.0181047916412354,94500
2006-09-13,2.687532901763916,2.8499999046325684,2.6600000858306885,2.693732976913452,1.9590038061141968,16245
2006-09-14,2.7249999046325684,2.82373309135437,2.690000057220459,2.82373309135437,2.0535449981689453,17175
2006-09-15,2.6312661170959473,2.799999952316284,2.6312661170959473,2.75,1.9999237060546875,8850
2006-09-18,2.633733034133911,2.893733024597168,2.633733034133911,2.716265916824341,1.9753905534744263,13620
2006-09-19,2.637532949447632,2.7437329292297363,2.637532949447632,2.7337329387664795,1.988093376159668,4005
2006-09-20,2.625,2.8475329875946045,2.6125330924987793,2.625,1.90901780128479,14505
2006-09-21,2.625,2.7249999046325684,2.6125330924987793,2.6737329959869385,1.9444587230682373,7560
2006-09-22,2.653733015060425,2.700000047683716,2.627532958984375,2.6475329399108887,1.9254049062728882,6795
2006-09-25,2.6500000953674316,2.75,2.6500000953674316,2.75,1.9999237060546875,3855
2006-09-26,2.799999952316284,2.812532901763916,2.552532911300659,2.6012659072875977,1.8917573690414429,16245
2006-09-27,2.7225329875946045,2.7249999046325684,2.5587329864501953,2.617532968521118,1.9035874605178833,10305
2006-09-28,2.625,2.700000047683716,2.5,2.5250000953674316,1.8362934589385986,16095
2006-09-29,2.5,2.6837329864501953,2.5,2.5312659740448,1.840850591659546,14400
2006-10-03,2.562532901763916,2.6025331020355225,2.5225329399108887,2.5475330352783203,1.8526802062988281,16245
2006-10-04,2.507533073425293,2.562532901763916,2.5,2.5,1.8181123733520508,17925
2006-10-05,2.6500000953674316,2.6500000953674316,2.4625329971313477,2.5,1.8181123733520508,17025
2006-10-06,2.6125330924987793,2.6125330924987793,2.5,2.5,1.8181123733520508,3525
2006-10-09,2.625,2.625,2.424999952316284,2.5875329971313477,1.8817704916000366,3735
2006-10-10,2.549999952316284,2.625,2.4800000190734863,2.5012660026550293,1.819032907485962,6000
2006-10-11,2.5062661170959473,2.5487329959869385,2.4762659072875977,2.5012660026550293,1.819032907485962,17175
2006-10-12,2.6612660884857178,2.6612660884857178,2.437532901763916,2.4749999046325684,1.7999309301376343,14205
2006-10-13,2.5,2.5475330352783203,2.4962658882141113,2.521265983581543,1.8335778713226318,13980
2006-10-16,2.5375330448150635,2.6500000953674316,2.51373291015625,2.6475329399108887,1.9254049062728882,13635
2006-10-17,2.6500000953674316,2.7362658977508545,2.576266050338745,2.6549999713897705,1.9308348894119263,20010
2006-10-18,2.588732957839966,2.6725330352783203,2.5562660694122314,2.557533025741577,1.8599529266357422,27855
2006-10-19,2.6500000953674316,2.6737329959869385,2.555000066757202,2.555000066757202,1.8581105470657349,16755
2006-10-20,2.5999999046325684,2.5999999046325684,2.5350000858306885,2.572532892227173,1.8708616495132446,7005
2006-10-23,2.5250000953674316,2.581265926361084,2.5250000953674316,2.5562660694122314,1.8590316772460938,5625
2006-10-26,2.575000047683716,2.575000047683716,2.575000047683716,2.575000047683716,1.8726558685302734,4785
2006-10-27,2.575000047683716,2.7462658882141113,2.5637331008911133,2.7249999046325684,1.9817427396774292,37455
2006-10-30,2.7249999046325684,2.7249999046325684,2.7249999046325684,2.7249999046325684,1.9817427396774292,0
2006-10-31,2.7487330436706543,2.7487330436706543,2.508733034133911,2.549999952316284,1.8544741868972778,23715
2006-11-01,2.505000114440918,2.5799999237060547,2.4825329780578613,2.5,1.8181123733520508,5850
2006-11-02,2.512532949447632,2.6862659454345703,2.5062661170959473,2.6862659454345703,1.9535735845565796,7095
2006-11-03,2.526266098022461,2.555000066757202,2.5,2.511265993118286,1.826305627822876,28140
2006-11-06,2.503732919692993,2.762532949447632,2.503732919692993,2.6549999713897705,1.9308348894119263,114765
2006-11-07,2.744999885559082,2.869999885559082,2.575000047683716,2.6700000762939453,1.9417437314987183,31905
2006-11-08,2.6649999618530273,2.697532892227173,2.549999952316284,2.575000047683716,1.8726558685302734,25395
2006-11-09,2.557533025741577,2.5662660598754883,2.5,2.5,1.8181123733520508,12000
2006-11-10,2.5425329208374023,2.5425329208374023,2.4700000286102295,2.5012660026550293,1.819032907485962,8100
2006-11-13,2.4875330924987793,2.4937329292297363,2.4625329971313477,2.4937329292297363,1.8135547637939453,9675
2006-11-14,2.4937329292297363,2.4937329292297363,2.4937329292297363,2.4937329292297363,1.8135547637939453,0
2006-11-15,2.3375329971313477,2.567533016204834,2.3375329971313477,2.523732900619507,1.8353722095489502,1650
2006-11-16,2.523732900619507,2.523732900619507,2.523732900619507,2.523732900619507,1.8353722095489502,0
2006-11-17,2.424999952316284,2.5,2.424999952316284,2.5,1.8181123733520508,495
2006-11-20,2.4075329303741455,2.5387330055236816,2.25,2.4962658882141113,1.8153966665267944,28095
2006-11-21,2.5337328910827637,2.5375330448150635,2.432533025741577,2.432533025741577,1.7690472602844238,2295
2006-11-22,2.5,2.5250000953674316,2.4137330055236816,2.4412660598754883,1.7753982543945312,5295
2006-11-23,2.403733015060425,2.5850000381469727,2.4025330543518066,2.4887330532073975,1.8099184036254883,18345
2006-11-24,2.567533016204834,2.7387330532073975,2.567533016204834,2.6087329387664795,1.8971880674362183,108780
2006-11-27,2.6700000762939453,2.75,2.6012659072875977,2.6012659072875977,1.8917573690414429,14580
2006-11-28,2.637532949447632,2.6500000953674316,2.625,2.648732900619507,1.9262770414352417,20445
2006-11-29,2.625,2.625,2.515000104904175,2.5987329483032227,1.8899153470993042,7650
2006-11-30,2.5012660026550293,2.8499999046325684,2.5012660026550293,2.694999933242798,1.9599246978759766,32805
2006-12-01,2.5850000381469727,2.75,2.5850000381469727,2.75,1.9999237060546875,16995
2006-12-04,2.701266050338745,2.701266050338745,2.6500000953674316,2.6575329303741455,1.932677149772644,17295
2006-12-05,2.627532958984375,2.700000047683716,2.625,2.700000047683716,1.9635610580444336,3015
2006-12-06,2.674999952316284,2.721266031265259,2.5999999046325684,2.6662659645080566,1.9390287399291992,1770
2006-12-07,2.5250000953674316,2.700000047683716,2.523732900619507,2.575000047683716,1.8726558685302734,4755
2006-12-08,2.6125330924987793,2.7725329399108887,2.5999999046325684,2.5999999046325684,1.890836477279663,7050
2006-12-11,2.4749999046325684,2.674999952316284,2.4749999046325684,2.51753306388855,1.830863118171692,6255
2006-12-12,2.5999999046325684,2.5999999046325684,2.456265926361084,2.456265926361084,1.7863068580627441,7170
2006-12-13,2.549999952316284,2.549999952316284,2.549999952316284,2.549999952316284,1.8544741868972778,6795
2006-12-14,2.5999999046325684,2.674999952316284,2.5999999046325684,2.6649999618530273,1.9381071329116821,6255
2006-12-15,2.625,2.674999952316284,2.5999999046325684,2.634999990463257,1.9162901639938354,8025
2006-12-18,1.7217329740524292,1.7217329740524292,1.7075330018997192,1.7075330018997192,1.241794466972351,150
2006-12-19,1.75,1.7832659482955933,1.733265995979309,1.733265995979309,1.2605087757110596,2715
2006-12-20,1.733265995979309,1.7667330503463745,1.733265995979309,1.733265995979309,1.2605087757110596,7125
2006-12-21,1.733265995979309,1.733265995979309,1.7117329835891724,1.733265995979309,1.2605087757110596,3000
2006-12-22,1.733265995979309,1.733265995979309,1.733265995979309,1.733265995979309,1.2605087757110596,105
2006-12-26,1.7075330018997192,1.7075330018997192,1.706732988357544,1.706732988357544,1.2412128448486328,1500
2006-12-27,1.706732988357544,1.706732988357544,1.706732988357544,1.706732988357544,1.2412128448486328,0
2006-12-28,1.6950000524520874,1.7167329788208008,1.6950000524520874,1.7167329788208008,1.2484852075576782,495
2006-12-29,1.7017329931259155,1.856732964515686,1.6649999618530273,1.6799999475479126,1.2217715978622437,17685
2007-01-02,1.75,1.75,1.75,1.75,1.2726784944534302,495
2007-01-03,1.7325329780578613,1.7325329780578613,1.7325329780578613,1.7325329780578613,1.259975790977478,255
2007-01-04,1.733265995979309,1.733265995979309,1.6667330265045166,1.7167329788208008,1.2484852075576782,9225
2007-01-05,1.731732964515686,1.733265995979309,1.6667330265045166,1.6682660579681396,1.2132378816604614,12345
2007-01-08,1.683266043663025,1.7000000476837158,1.6667330265045166,1.7000000476837158,1.236316442489624,4365
2007-01-09,1.7482659816741943,1.75,1.6457329988479614,1.649999976158142,1.1999539136886597,18675
2007-01-10,1.6667330265045166,1.6667330265045166,1.6667330265045166,1.6667330265045166,1.2121230363845825,6000
2007-01-11,1.6667330265045166,1.6667330265045166,1.6200000047683716,1.659999966621399,1.2072263956069946,2415
2007-01-12,1.608265995979309,1.75,1.608265995979309,1.6667330265045166,1.2121230363845825,10245
2007-01-15,1.6667330265045166,1.6667330265045166,1.6667330265045166,1.6667330265045166,1.2121230363845825,1005
2007-01-16,1.6667330265045166,1.6667330265045166,1.6649999618530273,1.6667330265045166,1.2121230363845825,5505
2007-01-17,1.6517330408096313,1.7350000143051147,1.6517330408096313,1.699265956878662,1.2357826232910156,20460
2007-01-18,1.6667330265045166,1.6667330265045166,1.6667330265045166,1.6667330265045166,1.2121230363845825,6000
2007-01-19,1.6332659721374512,1.6667330265045166,1.6332659721374512,1.6667330265045166,1.2121230363845825,4890
2007-01-22,1.6667330265045166,1.6667330265045166,1.6667330265045166,1.6667330265045166,1.2121230363845825,15
2007-01-23,1.6667330265045166,1.6667330265045166,1.6667330265045166,1.6667330265045166,1.2121230363845825,105
2007-01-24,1.649999976158142,1.649999976158142,1.592532992362976,1.592532992362976,1.1581615209579468,1995
2007-01-25,1.7167329788208008,1.7167329788208008,1.5667330026626587,1.600000023841858,1.163591980934143,18600
2007-01-29,1.5499999523162842,1.649999976158142,1.5499999523162842,1.6242660284042358,1.181239128112793,42000
2007-01-31,1.6167329549789429,1.6299999952316284,1.5,1.532533049583435,1.1145268678665161,15840
2007-02-01,1.5375330448150635,1.5375330448150635,1.5375330448150635,1.5375330448150635,1.1181631088256836,1005
2007-02-02,1.6332659721374512,1.6332659721374512,1.5332659482955933,1.534999966621399,1.1163208484649658,3510
2007-02-05,1.5267330408096313,1.581732988357544,1.5267330408096313,1.581732988357544,1.150307297706604,13755
2007-02-06,1.5417330265045166,1.5417330265045166,1.5332659482955933,1.5417330265045166,1.1212173700332642,4500
2007-02-07,1.5432660579681396,1.5432660579681396,1.5132659673690796,1.5132659673690796,1.1005148887634277,1245
2007-02-08,1.5167330503463745,1.5167330503463745,1.5032659769058228,1.5057330131530762,1.0950366258621216,1005
2007-02-09,1.5032659769058228,1.5032659769058228,1.5032659769058228,1.5032659769058228,1.0932424068450928,195
2007-02-12,1.4982659816741943,1.4982659816741943,1.4982659816741943,1.4982659816741943,1.0896062850952148,255
2007-02-13,1.4982659816741943,1.4982659816741943,1.4982659816741943,1.4982659816741943,1.0896062850952148,0
2007-02-14,1.4982659816741943,1.4982659816741943,1.4982659816741943,1.4982659816741943,1.0896062850952148,795
2007-02-15,1.4982659816741943,1.4982659816741943,1.4982659816741943,1.4982659816741943,1.0896062850952148,0
2007-02-19,1.600000023841858,1.6075329780578613,1.4667329788208008,1.5417330265045166,1.1212173700332642,30885
2007-02-20,1.5417330265045166,1.5417330265045166,1.5417330265045166,1.5417330265045166,1.1212173700332642,0
2007-02-21,1.4667329788208008,1.524999976158142,1.4667329788208008,1.511733055114746,1.0994000434875488,2400
2007-02-22,1.4500000476837158,1.5307329893112183,1.434999942779541,1.5307329893112183,1.1132177114486694,3000
2007-02-23,1.5167330503463745,1.5167330503463745,1.3917330503463745,1.3925329446792603,1.0127123594284058,1620
2007-02-26,1.3792660236358643,1.5317330360412598,1.3792660236358643,1.5232659578323364,1.1077873706817627,12945
2007-02-27,1.440000057220459,1.5567330121994019,1.440000057220459,1.540732979774475,1.120490312576294,4200
2007-02-28,1.4417330026626587,1.5332659482955933,1.4417330026626587,1.5332659482955933,1.1150598526000977,1995
2007-03-01,1.433266043663025,1.5,1.4017330408096313,1.4042659997940063,1.0212451219558716,2775
2007-03-02,1.5332659482955933,1.5332659482955933,1.3832659721374512,1.4067330360412598,1.0230393409729004,24975
2007-03-05,1.3167330026626587,1.532533049583435,1.2667330503463745,1.2792659997940063,0.9303397536277771,45060
2007-03-06,1.2999999523162842,1.350000023841858,1.2999999523162842,1.350000023841858,0.9817805290222168,2505
2007-03-07,1.274999976158142,1.333266019821167,1.274999976158142,1.2999999523162842,0.9454182386398315,2505
2007-03-08,1.25,1.25,1.1932660341262817,1.2482659816741943,0.9077951312065125,2760
2007-03-09,1.149999976158142,1.350000023841858,1.149999976158142,1.2167329788208008,0.8848628401756287,22095
2007-03-12,1.2167329788208008,1.2492660284042358,1.2042659521102905,1.2492660284042358,0.9085224270820618,2460
2007-03-13,1.1867330074310303,1.333266019821167,1.1867330074310303,1.2450000047683716,0.9054200053215027,15030
2007-03-14,1.1867330074310303,1.3367329835891724,1.1867330074310303,1.2217329740524292,0.8884990215301514,24015
2007-03-15,1.2132660150527954,1.3167330026626587,1.2117329835891724,1.2350000143051147,0.8981476426124573,14775
2007-03-16,1.183266043663025,1.233265995979309,1.1667330265045166,1.1782660484313965,0.8568881154060364,7500
2007-03-19,1.167533040046692,1.199265956878662,1.165732979774475,1.199265956878662,0.872160017490387,5655
2007-03-20,1.1542659997940063,1.199265956878662,1.149999976158142,1.1507329940795898,0.8368648290634155,2505
2007-03-21,1.1125329732894897,1.25,1.100000023841858,1.1667330265045166,0.848500669002533,7005
2007-03-22,1.1457329988479614,1.233265995979309,1.1457329988479614,1.1582659482955933,0.8423429131507874,24450
2007-03-23,1.115733027458191,1.115733027458191,1.1150000095367432,1.1150000095367432,0.8108780384063721,405
2007-03-26,1.2000000476837158,1.2000000476837158,1.106732964515686,1.183266043663025,0.8605241179466248,14505
2007-03-28,1.1517330408096313,1.1907329559326172,1.1517330408096313,1.1892659664154053,0.864887535572052,16050
2007-03-29,1.167533040046692,1.240733027458191,1.1667330265045166,1.1842659711837769,0.8612515330314636,3330
2007-03-30,1.2167329788208008,1.2292660474777222,1.1417330503463745,1.2292660474777222,0.8939774632453918,25005
2007-04-02,1.208266019821167,1.208266019821167,1.1317329406738281,1.1625330448150635,0.8454461693763733,19005
2007-04-03,1.1825330257415771,1.1825330257415771,1.1825330257415771,1.1825330257415771,0.8599910736083984,255
2007-04-04,1.1667330265045166,1.1667330265045166,1.1342660188674927,1.1342660188674927,0.8248892426490784,23220
2007-04-05,1.2075330018997192,1.2482659816741943,1.2075330018997192,1.233265995979309,0.89688640832901,53385
2007-04-09,1.233265995979309,1.2667330503463745,1.175732970237732,1.175732970237732,0.855045735836029,16455
2007-04-10,1.233265995979309,1.233265995979309,1.209265947341919,1.2207330465316772,0.8877718448638916,34500
2007-04-11,1.2042659521102905,1.2667330503463745,1.2042659521102905,1.265733003616333,0.9204978942871094,3525
2007-04-12,1.265733003616333,1.265733003616333,1.265733003616333,1.265733003616333,0.9204978942871094,0
2007-04-13,1.2167329788208008,1.25,1.2032660245895386,1.2467329502105713,0.9066802263259888,908505
2007-04-16,1.2267329692840576,1.233265995979309,1.2167329788208008,1.230733036994934,0.8950443863868713,10500
2007-04-17,1.1767330169677734,1.233265995979309,1.1767330169677734,1.183266043663025,0.8605241179466248,30
2007-04-18,1.183266043663025,1.2667330503463745,1.183266043663025,1.2667330503463745,0.9212250113487244,135
2007-04-19,1.233265995979309,1.233265995979309,1.233265995979309,1.233265995979309,0.89688640832901,150
2007-04-20,1.2667330503463745,1.2667330503463745,1.2667330503463745,1.2667330503463745,0.9212250113487244,45
2007-04-23,1.2667330503463745,1.2667330503463745,1.2667330503463745,1.2667330503463745,0.9212250113487244,0
2007-04-24,1.1857329607009888,1.2417329549789429,1.1782660484313965,1.1825330257415771,0.8599910736083984,3525
2007-04-25,1.1825330257415771,1.1825330257415771,1.1825330257415771,1.1825330257415771,0.8599910736083984,0
2007-04-26,1.1667330265045166,1.2667330503463745,1.1667330265045166,1.264266014099121,0.9194310307502747,13425
2007-04-27,1.2817330360412598,1.2817330360412598,1.171733021736145,1.2167329788208008,0.8848628401756287,3000
2007-04-30,1.2957329750061035,1.3382660150527954,1.2957329750061035,1.3325330018997192,0.9690779447555542,5370
2007-05-03,1.4167330265045166,1.433266043663025,1.3732659816741943,1.3792660236358643,1.0030639171600342,10995
2007-05-04,1.3507330417633057,1.3507330417633057,1.2832659482955933,1.3307329416275024,0.9677689671516418,1905
2007-05-07,1.4600000381469727,1.4600000381469727,1.2892659902572632,1.3157329559326172,0.9568601846694946,1275
2007-05-08,1.3157329559326172,1.3157329559326172,1.3157329559326172,1.3157329559326172,0.9568601846694946,0
2007-05-09,1.3157329559326172,1.3157329559326172,1.3157329559326172,1.3157329559326172,0.9568601846694946,0
2007-05-10,1.3157329559326172,1.3157329559326172,1.3157329559326172,1.3157329559326172,0.9568601846694946,0
2007-05-11,1.2899999618530273,1.4475330114364624,1.2899999618530273,1.4025330543518066,1.0199851989746094,66345
2007-05-14,1.4182660579681396,1.4182660579681396,1.3692660331726074,1.3692660331726074,0.9957916140556335,9795
2007-05-15,1.3667329549789429,1.3667329549789429,1.350000023841858,1.350000023841858,0.9817805290222168,7155
2007-05-16,1.350000023841858,1.350000023841858,1.350000023841858,1.350000023841858,0.9817805290222168,0
2007-05-17,1.350000023841858,1.350000023841858,1.350000023841858,1.350000023841858,0.9817805290222168,0
2007-05-18,1.4167330265045166,1.4167330265045166,1.3917330503463745,1.3917330503463745,1.012130856513977,12000
2007-05-21,1.3917330503463745,1.3917330503463745,1.3917330503463745,1.3917330503463745,1.012130856513977,0
2007-05-22,1.399999976158142,1.433266043663025,1.3717329502105713,1.3825329542160034,1.0054399967193604,8505
2007-05-23,1.333266019821167,1.333266019821167,1.2832659482955933,1.2832659482955933,0.9332486391067505,25935
2007-05-24,1.3057329654693604,1.333266019821167,1.3057329654693604,1.333266019821167,0.9696109890937805,8700
2007-05-25,1.3407330513000488,1.3832659721374512,1.333266019821167,1.358265995979309,0.987791895866394,32070
2007-05-28,1.3832659721374512,1.3917330503463745,1.333266019821167,1.3350000381469727,0.9708718657493591,18900
2007-05-29,1.333266019821167,1.333266019821167,1.333266019821167,1.333266019821167,0.9696109890937805,900
2007-05-30,1.334265947341919,1.334265947341919,1.3250000476837158,1.3250000476837158,0.9635995626449585,2565
2007-05-31,1.3167330026626587,1.3325330018997192,1.3167330026626587,1.3325330018997192,0.9690779447555542,1995
2007-06-01,1.2999999523162842,1.2999999523162842,1.2999999523162842,1.2999999523162842,0.9454182386398315,1005
2007-06-04,1.2999999523162842,1.2999999523162842,1.243265986442566,1.2999999523162842,0.9454182386398315,42495
2007-06-05,1.2425329685211182,1.2425329685211182,1.2425329685211182,1.2425329685211182,0.9036257863044739,105
2007-06-06,1.25,1.25,1.25,1.25,0.9090561866760254,3000
2007-06-07,1.3250000476837158,1.3250000476837158,1.3250000476837158,1.3250000476837158,0.9635995626449585,15
2007-06-08,1.3167330026626587,1.3575329780578613,1.3167330026626587,1.3442660570144653,0.97761070728302,30
2007-06-11,1.4149999618530273,1.4149999618530273,1.3825329542160034,1.3825329542160034,1.0054399967193604,45
2007-06-12,1.3825329542160034,1.3825329542160034,1.25,1.2775330543518066,0.9290792942047119,1515
2007-06-13,1.1942659616470337,1.1942659616470337,1.1942659616470337,1.1942659616470337,0.8685237169265747,495
2007-06-14,1.1942659616470337,1.1942659616470337,1.1942659616470337,1.1942659616470337,0.8685237169265747,0
2007-06-15,1.1950000524520874,1.2107330560684204,1.1942659616470337,1.2107330560684204,0.8804994821548462,1095
2007-06-18,1.2000000476837158,1.2000000476837158,1.1667330265045166,1.1699999570846558,0.8508766293525696,14745
2007-06-19,1.2649999856948853,1.2832659482955933,1.264266014099121,1.2732659578323364,0.9259762763977051,7185
2007-06-20,1.3825329542160034,1.399999976158142,1.3267329931259155,1.3882659673690796,1.0096092224121094,66195
2007-06-21,1.3982659578323364,1.3982659578323364,1.3017330169677734,1.3017330169677734,0.9466786980628967,13755
2007-06-22,1.3032660484313965,1.3475329875946045,1.3032660484313965,1.333266019821167,0.9696109890937805,15240
2007-06-25,1.3432660102844238,1.350000023841858,1.2667330503463745,1.2799999713897705,0.9308735132217407,22500
2007-06-26,1.2832659482955933,1.333266019821167,1.2832659482955933,1.3167330026626587,0.9575873613357544,251745
2007-06-27,1.3250000476837158,1.334265947341919,1.3092659711837769,1.3142659664154053,0.9557932615280151,28935
2007-06-28,1.2999999523162842,1.2999999523162842,1.2832659482955933,1.2832659482955933,0.9332486391067505,8295
2007-06-29,1.2542660236358643,1.2999999523162842,1.25,1.2999999523162842,0.9454182386398315,7050
2007-07-02,1.2507330179214478,1.274999976158142,1.2507330179214478,1.2699999809265137,0.9236010313034058,1245
2007-07-03,1.274999976158142,1.3975330591201782,1.274999976158142,1.3600000143051147,0.989052951335907,35115
2007-07-04,1.433266043663025,1.4957330226898193,1.3357330560684204,1.4742660522460938,1.0721523761749268,177960
2007-07-05,1.475000023841858,1.5,1.3382660150527954,1.3607330322265625,0.9895861148834229,141195
2007-07-06,1.433266043663025,1.433266043663025,1.3667329549789429,1.4042659997940063,1.0212451219558716,198495
2007-07-09,1.3832659721374512,1.3832659721374512,1.2832659482955933,1.3042659759521484,0.9485207200050354,68400
2007-07-10,1.483265995979309,1.483265995979309,1.2832659482955933,1.298266053199768,0.9441572427749634,64320
2007-07-11,1.2342660427093506,1.3032660484313965,1.2342660427093506,1.2892659902572632,0.9376121759414673,44835
2007-07-12,1.3232660293579102,1.3232660293579102,1.2507330179214478,1.2667330503463745,0.9212250113487244,10245
2007-07-13,1.3667329549789429,1.3667329549789429,1.2532659769058228,1.2582659721374512,0.9150674343109131,55095
2007-07-16,1.3067330121994019,1.3067330121994019,1.2207330465316772,1.25,0.9090561866760254,12795
2007-07-17,1.2482659816741943,1.290732979774475,1.209265947341919,1.227532982826233,0.8927171230316162,37170
2007-07-18,1.225000023841858,1.233265995979309,1.2057329416275024,1.2192660570144653,0.8867050409317017,117405
2007-07-19,1.233265995979309,1.233265995979309,1.2000000476837158,1.2017329931259155,0.8739539980888367,7635
2007-07-20,1.200732946395874,1.200732946395874,1.1782660484313965,1.1942659616470337,0.8685237169265747,9495
2007-07-23,1.1825330257415771,1.183266043663025,1.1417330503463745,1.1425329446792603,0.8309013247489929,8355
2007-07-24,1.1017329692840576,1.192533016204834,1.1017329692840576,1.1517330408096313,0.8375920057296753,11025
2007-07-25,1.1332659721374512,1.2167329788208008,1.1332659721374512,1.184999942779541,0.8617851138114929,10755
2007-07-26,1.1857329607009888,1.1857329607009888,1.1332659721374512,1.149266004562378,0.8357977271080017,25635
2007-07-27,1.1349999904632568,1.1799999475479126,1.1349999904632568,1.1775330305099487,0.8563549518585205,11595
2007-07-30,1.331732988357544,1.4132659435272217,1.3167330026626587,1.4132659435272217,1.0277904272079468,1091625
2007-07-31,1.4800000190734863,1.5967329740524292,1.4525330066680908,1.493265986442566,1.0859699249267578,2730885
2007-08-01,1.3832659721374512,1.4667329788208008,1.3832659721374512,1.4225330352783203,1.0345298051834106,172095
2007-08-02,1.4167330265045166,1.5,1.3792660236358643,1.4225330352783203,1.0345298051834106,193905
2007-08-03,1.483265995979309,1.4975329637527466,1.4007329940795898,1.4042659997940063,1.0212451219558716,61200
2007-08-06,1.208266019821167,1.3832659721374512,1.208266019821167,1.3650000095367432,0.9926891922950745,46380
2007-08-07,1.3650000095367432,1.4017330408096313,1.3650000095367432,1.3857330083847046,1.0077672004699707,24105
2007-08-08,1.4082659482955933,1.4082659482955933,1.3767329454421997,1.3842660188674927,1.0067003965377808,24960
2007-08-09,1.3707330226898193,1.390733003616333,1.2999999523162842,1.3650000095367432,0.9926891922950745,32565
2007-08-10,1.2557330131530762,1.355733036994934,1.2557330131530762,1.3157329559326172,0.9568601846694946,31365
2007-08-13,1.350000023841858,1.3667329549789429,1.3075330257415771,1.3357330560684204,0.971405029296875,25305
2007-08-14,1.333266019821167,1.3542660474777222,1.3250000476837158,1.3482660055160522,0.9805195331573486,14220
2007-08-16,1.1882660388946533,1.3817329406738281,1.1882660388946533,1.321732997894287,0.9612236022949219,25995
2007-08-17,1.3767329454421997,1.3767329454421997,1.2999999523162842,1.3017330169677734,0.9466786980628967,16005
2007-08-20,1.4382660388946533,1.4382660388946533,1.3250000476837158,1.3325330018997192,0.9690779447555542,9405
2007-08-21,1.449265956878662,1.4500000476837158,1.2999999523162842,1.3042659759521484,0.9485207200050354,7635
2007-08-22,1.2667330503463745,1.331732988357544,1.2557330131530762,1.290732979774475,0.9386790990829468,5715
2007-08-23,1.2632659673690796,1.3167330026626587,1.2632659673690796,1.2875330448150635,0.9363517761230469,10305
2007-08-24,1.2557330131530762,1.261733055114746,1.2167329788208008,1.243265986442566,0.9041589498519897,23325
2007-08-27,1.308266043663025,1.3417329788208008,1.284999966621399,1.3307329416275024,0.9677689671516418,22335
2007-08-28,1.3325330018997192,1.3482660055160522,1.3192659616470337,1.3207329511642456,0.9604962468147278,32100
2007-08-29,1.333266019821167,1.352532982826233,1.2842659950256348,1.3517329692840576,0.9830407500267029,8310
2007-08-30,1.333266019821167,1.3782659769058228,1.3325330018997192,1.3507330417633057,0.9823136925697327,14295
2007-08-31,1.3667329549789429,1.3917330503463745,1.350000023841858,1.3617329597473145,0.9903133511543274,13140
2007-09-03,1.350000023841858,1.415732979774475,1.350000023841858,1.3982659578323364,1.0168817043304443,10545
2007-09-04,1.3842660188674927,1.4500000476837158,1.3842660188674927,1.4282660484313965,1.0386992692947388,40545
2007-09-05,1.3917330503463745,1.4575330018997192,1.3917330503463745,1.4457329511642456,1.0514018535614014,48945
2007-09-06,1.4249999523162842,1.4500000476837158,1.409999966621399,1.4382660388946533,1.152236819267273,23580
2007-09-07,1.4382660388946533,1.4632660150527954,1.4167330265045166,1.4207329750061035,1.1381903886795044,32295
2007-09-10,1.4167330265045166,1.433266043663025,1.3957329988479614,1.3957329988479614,1.1181625127792358,2655
2007-09-11,1.433266043663025,1.433266043663025,1.399999976158142,1.4125330448150635,1.131621241569519,14085
2007-09-12,1.4417330026626587,1.5,1.4042659997940063,1.4407329559326172,1.1542131900787354,16665
2007-09-13,1.4957330226898193,1.5332659482955933,1.4667329788208008,1.5132659673690796,1.2123215198516846,147105
2007-09-14,1.5332659482955933,1.583266019821167,1.5,1.5075329542160034,1.207728624343872,186375
2007-09-17,1.5499999523162842,1.5499999523162842,1.4842660427093506,1.5,1.2016937732696533,12765
2007-09-18,1.4417330026626587,1.5332659482955933,1.4417330026626587,1.518265962600708,1.2163270711898804,17190
2007-09-19,1.5499999523162842,1.8225330114364624,1.5007330179214478,1.752532958984375,1.4040052890777588,479235
2007-09-20,1.7000000476837158,1.733265995979309,1.5950000286102295,1.6225329637527466,1.2998584508895874,101355
2007-09-21,1.583266019821167,1.6667330265045166,1.5767329931259155,1.5825330018997192,1.2678133249282837,38385
2007-09-24,1.4682660102844238,1.583266019821167,1.4682660102844238,1.5517330169677734,1.2431385517120361,28995
2007-09-25,1.5332659482955933,1.548266053199768,1.5167330503463745,1.5167330503463745,1.2150993347167969,33360
2007-09-26,1.5167330503463745,1.6225329637527466,1.5,1.518265962600708,1.2163270711898804,78135
2007-09-27,1.5499999523162842,1.5657329559326172,1.5225330591201782,1.5332659482955933,1.2283439636230469,7980
2007-09-28,1.548266053199768,1.548266053199768,1.5125329494476318,1.540732979774475,1.2343263626098633,47835
2007-10-01,1.583266019821167,1.583266019821167,1.5,1.5317330360412598,1.2271161079406738,6225
2007-10-03,1.649999976158142,1.8132660388946533,1.6349999904632568,1.7025330066680908,1.363948941230774,498330
2007-10-04,1.7025330066680908,1.7649999856948853,1.6667330265045166,1.706732988357544,1.3673136234283447,139080
2007-10-05,1.7292660474777222,1.7292660474777222,1.6332659721374512,1.6417330503463745,1.3152402639389038,110295
2007-10-08,1.6667330265045166,1.6667330265045166,1.5332659482955933,1.5850000381469727,1.2697899341583252,80430
2007-10-09,1.5092660188674927,1.6399999856948853,1.5007330179214478,1.5950000286102295,1.2778011560440063,70560
2007-10-10,1.625,1.6399999856948853,1.5499999523162842,1.625,1.3018348217010498,46485
2007-10-11,1.6332659721374512,1.7167329788208008,1.6317329406738281,1.6667330265045166,1.3352683782577515,83175
2007-10-12,1.6349999904632568,1.683266043663025,1.6167329549789429,1.6292660236358643,1.3052525520324707,52380
2007-10-15,1.683266043663025,1.683266043663025,1.6132659912109375,1.6542659997940063,1.3252809047698975,33885
2007-10-16,1.6667330265045166,1.6982660293579102,1.6357330083847046,1.657533049583435,1.3278981447219849,44910
2007-10-17,1.4382660388946533,1.6449999809265137,1.4382660388946533,1.6107330322265625,1.2904052734375,11265
2007-10-18,1.6050000190734863,1.6642659902572632,1.6050000190734863,1.6242660284042358,1.301247000694275,32220
2007-10-19,1.558266043663025,1.6482659578323364,1.5432660579681396,1.5632660388946533,1.252377986907959,24780
2007-10-22,1.4682660102844238,1.6282659769058228,1.433266043663025,1.5392659902572632,1.2331509590148926,85575
2007-10-23,1.558266043663025,1.615733027458191,1.5499999523162842,1.5725330114364624,1.259801983833313,102060
2007-10-24,7.199999809265137,7.400000095367432,6.610000133514404,6.849999904632568,5.487735748291016,260360
2007-10-25,7.0,7.099999904632568,6.605000019073486,6.679999828338623,5.351542949676514,72470
2007-10-26,6.985000133514404,6.985000133514404,6.25,6.369999885559082,5.103193283081055,54090
2007-10-29,6.199999809265137,6.199999809265137,5.639999866485596,5.885000228881836,4.714646339416504,51760
2007-10-30,5.449999809265137,5.994999885559082,5.449999809265137,5.739999771118164,4.598481178283691,30030
2007-10-31,5.710000038146973,5.800000190734863,5.599999904632568,5.800000190734863,4.646549224853516,13000
2007-11-01,6.150000095367432,6.150000095367432,5.550000190734863,5.650000095367432,4.526381015777588,11760
2007-11-02,5.5,5.5,5.284999847412109,5.385000228881836,4.314081192016602,6220
2007-11-05,5.385000228881836,5.449999809265137,5.110000133514404,5.239999771118164,4.1979169845581055,38060
2007-11-06,4.920000076293945,5.375,4.920000076293945,5.09499979019165,4.081752777099609,27970
2007-11-07,5.989999771118164,5.989999771118164,4.675000190734863,4.84499979019165,3.8814704418182373,16000
2007-11-08,5.039999961853027,5.045000076293945,4.880000114440918,4.954999923706055,3.9695956707000732,23000
2007-11-12,5.0,5.199999809265137,4.849999904632568,5.119999885559082,4.101781368255615,6730
2007-11-13,5.309999942779541,5.309999942779541,5.099999904632568,5.135000228881836,4.113798141479492,11960
2007-11-14,5.099999904632568,5.425000190734863,5.099999904632568,5.369999885559082,4.302064895629883,25800
2007-11-15,5.300000190734863,5.349999904632568,5.110000133514404,5.300000190734863,4.245985507965088,14000
2007-11-16,5.300000190734863,5.375,4.909999847412109,5.210000038146973,4.17388391494751,13000
2007-11-19,5.394999980926514,5.400000095367432,5.179999828338623,5.400000095367432,4.3260979652404785,22760
2007-11-20,5.400000095367432,5.590000152587891,5.135000228881836,5.199999809265137,4.1658711433410645,81000
2007-11-21,5.099999904632568,5.199999809265137,5.099999904632568,5.195000171661377,4.161866188049316,5000
2007-11-22,4.949999809265137,5.170000076293945,4.949999809265137,5.050000190734863,4.0457024574279785,7000
2007-11-23,4.639999866485596,5.179999828338623,4.210000038146973,4.860000133514404,3.8934874534606934,32000
2007-11-26,5.0,5.0,4.760000228881836,5.0,4.005646228790283,25000
2007-11-27,4.909999847412109,5.0,4.909999847412109,5.0,4.005646228790283,10000
2007-11-28,5.0,5.099999904632568,4.900000095367432,5.099999904632568,4.085758209228516,16630
2007-11-29,4.925000190734863,5.099999904632568,4.920000076293945,5.0,4.005646228790283,17790
2007-11-30,4.75,5.090000152587891,4.75,5.0,4.005646228790283,1170
2007-12-03,4.849999904632568,4.90500020980835,4.835000038146973,4.864999771118164,3.897493600845337,27000
2007-12-04,4.5,5.074999809265137,4.5,5.050000190734863,4.0457024574279785,23000
2007-12-05,5.150000095367432,5.150000095367432,4.960000038146973,4.994999885559082,4.0016398429870605,7600
2007-12-06,5.079999923706055,5.150000095367432,5.0,5.054999828338623,4.049707889556885,34680
2007-12-07,4.824999809265137,5.340000152587891,4.824999809265137,4.980000019073486,3.989623785018921,87000
2007-12-10,5.105000019073486,5.25,4.980000019073486,5.139999866485596,4.117804050445557,86650
2007-12-11,5.400000095367432,5.599999904632568,5.239999771118164,5.445000171661377,4.362148284912109,57490
2007-12-12,5.409999847412109,5.880000114440918,5.409999847412109,5.710000038146973,4.574447154998779,60640
2007-12-13,5.980000019073486,6.400000095367432,5.739999771118164,6.099999904632568,4.8868889808654785,70000
2007-12-14,6.045000076293945,6.150000095367432,5.900000095367432,6.019999980926514,4.822797775268555,39350
2007-12-17,6.0,6.099999904632568,5.699999809265137,5.824999809265137,4.666576862335205,46740
2007-12-18,5.985000133514404,5.985000133514404,5.449999809265137,5.449999809265137,4.36615514755249,44000
2007-12-19,5.954999923706055,5.954999923706055,5.599999904632568,5.724999904632568,4.586463928222656,9630
2007-12-20,5.519999980926514,5.800000190734863,5.519999980926514,5.630000114440918,4.510356903076172,33000
2007-12-24,5.929999828338623,5.929999828338623,5.704999923706055,5.800000190734863,4.646549224853516,14820
2007-12-26,5.505000114440918,5.849999904632568,5.505000114440918,5.619999885559082,4.502345561981201,47620
2007-12-27,5.710000038146973,6.739999771118164,5.710000038146973,6.494999885559082,5.203334331512451,335760
2007-12-28,6.510000228881836,6.744999885559082,6.460000038146973,6.5,5.207339286804199,222940
2007-12-31,6.465000152587891,7.385000228881836,6.465000152587891,7.005000114440918,5.611909866333008,236090
2008-01-01,7.130000114440918,8.095000267028809,7.0,7.5,6.0084686279296875,503210
2008-01-02,7.679999828338623,7.679999828338623,7.099999904632568,7.449999809265137,5.968412399291992,145950
2008-01-03,7.300000190734863,7.800000190734863,7.300000190734863,7.420000076293945,5.944379806518555,90360
2008-01-04,7.039999961853027,7.605000019073486,6.800000190734863,6.989999771118164,5.5998921394348145,120460
2008-01-07,6.034999847412109,6.800000190734863,6.034999847412109,6.570000171661377,5.2634196281433105,114160
2008-01-08,6.5,6.5,5.599999904632568,6.175000190734863,4.946972370147705,96280
2008-01-09,5.599999904632568,6.355000019073486,5.599999904632568,6.125,4.90691614151001,41660
2008-01-10,5.71999979019165,6.420000076293945,5.71999979019165,5.954999923706055,4.770724296569824,46060
2008-01-11,5.300000190734863,6.53000020980835,5.300000190734863,5.699999809265137,4.56643533706665,54870
2008-01-14,6.664999961853027,6.664999961853027,5.909999847412109,6.190000057220459,4.958989143371582,87980
2008-01-15,6.099999904632568,6.340000152587891,5.099999904632568,5.909999847412109,4.734673500061035,24210
2008-01-16,5.684999942779541,6.050000190734863,5.684999942779541,5.75,4.6064934730529785,13680
2008-01-17,6.0,6.090000152587891,5.599999904632568,5.96999979019165,4.782741069793701,20440
2008-01-18,6.349999904632568,6.349999904632568,5.699999809265137,5.84499979019165,4.682600021362305,26150
2008-01-21,5.309999942779541,5.699999809265137,4.90500020980835,5.235000133514404,4.193911552429199,25960
2008-01-22,4.699999809265137,5.585000038146973,4.329999923706055,4.349999904632568,3.4849116802215576,12040
2008-01-23,3.799999952316284,5.21999979019165,3.6500000953674316,5.0,4.005646228790283,29580
2008-01-24,5.010000228881836,5.010000228881836,4.5,4.795000076293945,3.841413974761963,40170
2008-01-25,4.610000133514404,4.96999979019165,4.610000133514404,4.849999904632568,3.885476589202881,7480
2008-01-28,3.9149999618530273,5.275000095367432,3.9149999618530273,4.599999904632568,3.685194253921509,23100
2008-01-29,5.199999809265137,5.199999809265137,4.715000152587891,4.795000076293945,3.841413974761963,13600
2008-01-30,4.889999866485596,5.074999809265137,4.610000133514404,4.824999809265137,3.865448236465454,12850
2008-01-31,4.599999904632568,4.820000171661377,4.599999904632568,4.699999809265137,3.765307664871216,6100
2008-02-01,4.519999980926514,4.84499979019165,4.510000228881836,4.65500020980835,3.7292566299438477,24280
2008-02-04,4.639999866485596,4.96999979019165,4.639999866485596,4.735000133514404,3.793346643447876,18880
2008-02-05,4.940000057220459,5.300000190734863,4.764999866485596,5.15500020980835,4.129820823669434,51440
2008-02-06,5.0,5.224999904632568,4.949999809265137,5.175000190734863,4.145843982696533,13580
2008-02-07,5.699999809265137,5.699999809265137,4.724999904632568,4.835000038146973,3.8734593391418457,26900
2008-02-08,5.0,5.190000057220459,4.760000228881836,4.985000133514404,3.9936294555664062,7150
2008-02-11,4.815000057220459,5.0,4.625,4.625,3.7052226066589355,51950
2008-02-12,4.630000114440918,4.630000114440918,4.070000171661377,4.179999828338623,3.348719596862793,143350
2008-02-13,4.400000095367432,4.400000095367432,4.190000057220459,4.199999809265137,3.3647425174713135,92010
2008-02-14,4.235000133514404,4.25,4.119999885559082,4.170000076293945,3.3407082557678223,36950
2008-02-15,4.050000190734863,4.389999866485596,4.050000190734863,4.264999866485596,3.4168155193328857,20550
2008-02-18,4.684999942779541,4.684999942779541,4.340000152587891,4.480000019073486,3.5890591144561768,14290
2008-02-19,4.695000171661377,4.695000171661377,4.485000133514404,4.489999771118164,3.5970699787139893,12280
2008-02-20,4.260000228881836,4.53000020980835,4.260000228881836,4.489999771118164,3.5970699787139893,2230
2008-02-21,4.585000038146973,4.699999809265137,4.409999847412109,4.494999885559082,3.6010751724243164,16460
2008-02-22,4.320000171661377,4.559999942779541,4.320000171661377,4.519999980926514,3.621103286743164,4520
2008-02-25,4.409999847412109,4.699999809265137,4.364999771118164,4.590000152587891,3.6771833896636963,43240
2008-02-26,4.670000076293945,4.949999809265137,4.610000133514404,4.769999980926514,3.8213865756988525,35700
2008-02-27,4.670000076293945,4.849999904632568,4.525000095367432,4.710000038146973,3.7733185291290283,11080
2008-02-28,5.09499979019165,5.09499979019165,4.610000133514404,4.769999980926514,3.8213865756988525,15580
2008-02-29,4.514999866485596,4.989999771118164,4.514999866485596,4.625,3.7052226066589355,5740
2008-03-03,4.599999904632568,4.800000190734863,4.485000133514404,4.550000190734863,3.6451380252838135,14160
2008-03-04,4.5,4.5,4.014999866485596,4.235000133514404,3.392782211303711,55300
2008-03-05,4.239999771118164,4.59499979019165,4.215000152587891,4.449999809265137,3.5650248527526855,6510
2008-03-07,3.7300000190734863,4.800000190734863,3.7300000190734863,3.9749999046325684,3.184488534927368,15200
2008-03-10,4.699999809265137,4.699999809265137,3.809999942779541,4.190000057220459,3.356731414794922,11700
2008-03-11,4.210000038146973,4.349999904632568,4.0,4.150000095367432,3.324686288833618,19810
2008-03-12,4.130000114440918,4.380000114440918,4.099999904632568,4.21999979019165,3.380765199661255,15450
2008-03-13,4.099999904632568,4.289999961853027,4.0,4.0,3.2045164108276367,34430
2008-03-14,3.509999990463257,4.090000152587891,3.509999990463257,4.0,3.2045164108276367,15080
2008-03-17,3.549999952316284,3.994999885559082,3.549999952316284,3.9149999618530273,3.136420488357544,5060
2008-03-18,3.9149999618530273,4.099999904632568,3.755000114440918,3.8450000286102295,3.0803415775299072,13180
2008-03-19,3.8499999046325684,4.010000228881836,3.6500000953674316,3.7100000381469727,2.9721899032592773,18400
2008-03-24,4.0,4.144999980926514,3.6500000953674316,3.7100000381469727,2.9721899032592773,15280
2008-03-25,3.7750000953674316,4.0,3.7750000953674316,3.994999885559082,3.2005107402801514,12330
2008-03-26,3.869999885559082,4.099999904632568,3.869999885559082,3.934999942779541,3.1524436473846436,12100
2008-03-27,4.179999828338623,4.179999828338623,3.859999895095825,3.944999933242798,3.160454273223877,8260
2008-03-28,4.0,4.25,4.0,4.114999771118164,3.2966463565826416,23670
2008-03-31,4.525000095367432,4.525000095367432,4.099999904632568,4.210000038146973,3.372753620147705,37150
2008-04-01,4.414999961853027,4.414999961853027,4.159999847412109,4.34499979019165,3.4809062480926514,10100
2008-04-02,4.5,4.5,4.260000228881836,4.264999866485596,3.4168155193328857,2600
2008-04-03,4.264999866485596,4.264999866485596,4.114999771118164,4.190000057220459,3.356731414794922,7140
2008-04-04,4.019999980926514,4.425000190734863,4.019999980926514,4.105000019073486,3.288635492324829,5380
2008-04-07,4.110000133514404,4.21999979019165,3.9800000190734863,4.070000171661377,3.2605957984924316,11540
2008-04-08,4.369999885559082,4.375,4.09499979019165,4.125,3.3046579360961914,1640
2008-04-09,4.0,4.440000057220459,4.0,4.324999809265137,3.464883804321289,1740
2008-04-10,4.340000152587891,4.389999866485596,4.0,4.21999979019165,3.380765199661255,91760
2008-04-11,4.400000095367432,4.454999923706055,4.239999771118164,4.329999923706055,3.4688892364501953,7230
2008-04-15,4.440000057220459,4.5,4.425000190734863,4.474999904632568,3.5850532054901123,19550
2008-04-16,4.429999828338623,4.590000152587891,4.429999828338623,4.574999809265137,3.665165662765503,2380
2008-04-17,4.574999809265137,4.784999847412109,4.28000020980835,4.550000190734863,3.6451380252838135,6540
2008-04-21,4.599999904632568,4.789999961853027,4.465000152587891,4.605000019073486,3.6892001628875732,6840
2008-04-22,4.550000190734863,4.590000152587891,4.53000020980835,4.579999923706055,3.6691715717315674,38560
2008-04-23,4.449999809265137,4.690000057220459,4.400000095367432,4.449999809265137,3.5650248527526855,33770
2008-04-24,4.099999904632568,5.050000190734863,4.099999904632568,4.664999961853027,3.73726749420166,89160
2008-04-25,4.579999923706055,4.590000152587891,4.505000114440918,4.53000020980835,3.6291160583496094,2060
2008-04-28,4.78000020980835,4.78000020980835,4.5,4.510000228881836,3.6130926609039307,29400
2008-04-29,4.510000228881836,4.590000152587891,4.320000171661377,4.449999809265137,3.5650248527526855,31850
2008-04-30,4.775000095367432,4.78000020980835,4.40500020980835,4.420000076293945,3.5409913063049316,37660
2008-05-02,4.690000057220459,4.699999809265137,4.489999771118164,4.579999923706055,3.6691715717315674,54030
2008-05-05,4.699999809265137,4.699999809265137,4.449999809265137,4.574999809265137,3.665165662765503,15900
2008-05-06,4.574999809265137,4.599999904632568,4.425000190734863,4.5,3.605081558227539,52230
2008-05-07,4.5,4.5,4.5,4.5,3.605081558227539,4750
2008-05-08,4.409999847412109,4.489999771118164,4.369999885559082,4.460000038146973,3.5730364322662354,8000
2008-05-09,4.460000038146973,4.474999904632568,4.414999961853027,4.460000038146973,3.5730364322662354,22700
2008-05-12,4.46999979019165,4.579999923706055,4.309999942779541,4.53000020980835,3.6291160583496094,15580
2008-05-13,4.59499979019165,4.599999904632568,4.474999904632568,4.489999771118164,3.5970699787139893,19110
2008-05-14,4.5,4.565000057220459,4.420000076293945,4.434999942779541,3.5530080795288086,3400
2008-05-15,4.559999942779541,4.559999942779541,4.409999847412109,4.449999809265137,3.5650248527526855,10170
2008-05-16,4.449999809265137,4.599999904632568,4.449999809265137,4.599999904632568,3.685194253921509,14700
2008-05-20,4.429999828338623,4.550000190734863,4.429999828338623,4.454999923706055,3.569030523300171,2500
2008-05-21,4.474999904632568,4.59499979019165,4.474999904632568,4.59499979019165,3.6811885833740234,1090
2008-05-22,4.40500020980835,4.489999771118164,4.300000190734863,4.46999979019165,3.5810468196868896,32800
2008-05-23,4.5,4.59499979019165,4.474999904632568,4.474999904632568,3.5850532054901123,3040
2008-05-26,4.34499979019165,4.34499979019165,4.340000152587891,4.340000152587891,3.476900577545166,4500
2008-05-27,4.340000152587891,4.400000095367432,4.340000152587891,4.389999866485596,3.5169572830200195,1960
2008-05-28,4.309999942779541,4.639999866485596,4.309999942779541,4.474999904632568,3.5850532054901123,14410
2008-05-29,4.389999866485596,4.389999866485596,4.389999866485596,4.389999866485596,3.5169572830200195,1000
2008-05-30,4.324999809265137,4.409999847412109,4.324999809265137,4.409999847412109,3.53298020362854,1820
2008-06-02,4.300000190734863,4.300000190734863,4.135000228881836,4.170000076293945,3.3407082557678223,17880
2008-06-03,4.199999809265137,4.394999980926514,4.125,4.159999847412109,3.3326973915100098,1150
2008-06-04,4.175000190734863,4.175000190734863,4.074999809265137,4.119999885559082,3.300652027130127,21550
2008-06-05,3.8499999046325684,4.190000057220459,3.8499999046325684,4.164999961853027,3.336703300476074,63900
2008-06-06,4.164999961853027,4.164999961853027,4.164999961853027,4.164999961853027,3.336703300476074,0
2008-06-09,4.190000057220459,4.190000057220459,3.869999885559082,3.869999885559082,3.100369930267334,4520
2008-06-10,3.825000047683716,4.034999847412109,3.825000047683716,4.010000228881836,3.2125279903411865,1690
2008-06-11,3.994999885559082,4.0,3.994999885559082,4.0,3.2045164108276367,750
2008-06-12,3.9100000858306885,4.230000019073486,3.9100000858306885,3.9800000190734863,3.1884942054748535,5000
2008-06-13,3.9549999237060547,3.9549999237060547,3.9549999237060547,3.9549999237060547,3.1684658527374268,750
2008-06-16,3.9649999141693115,4.150000095367432,3.9649999141693115,4.150000095367432,3.324686288833618,2750
2008-06-17,4.199999809265137,4.340000152587891,4.164999961853027,4.340000152587891,3.476900577545166,1100
2008-06-18,4.269999980926514,4.275000095367432,4.15500020980835,4.224999904632568,3.384770631790161,10400
2008-06-19,4.15500020980835,4.15500020980835,4.15500020980835,4.15500020980835,3.3286917209625244,0
2008-06-20,4.175000190734863,4.355000019073486,4.079999923706055,4.079999923706055,3.2686069011688232,21510
2008-06-23,3.6500000953674316,3.994999885559082,3.6500000953674316,3.7750000953674316,3.0242626667022705,2280
2008-06-24,4.190000057220459,4.199999809265137,3.5250000953674316,3.575000047683716,2.864037275314331,44770
2008-06-25,3.549999952316284,4.03000020980835,3.549999952316284,4.03000020980835,3.2285513877868652,820
2008-06-26,3.565000057220459,4.144999980926514,3.565000057220459,3.7249999046325684,2.984206199645996,2800
2008-06-27,4.25,4.25,3.5999999046325684,3.9100000858306885,3.1324148178100586,17840
2008-06-30,3.700000047683716,3.75,3.3450000286102295,3.440000057220459,2.7558844089508057,20330
2008-07-01,3.109999895095825,3.700000047683716,3.109999895095825,3.200000047683716,2.5636134147644043,28110
2008-07-02,3.005000114440918,3.450000047683716,3.0,3.450000047683716,2.7638955116271973,12720
2008-07-03,3.3299999237060547,3.3949999809265137,3.3299999237060547,3.365000009536743,2.6957993507385254,3750
2008-07-04,3.3299999237060547,3.365000009536743,3.0999999046325684,3.119999885559082,2.4995229244232178,37350
2008-07-07,3.200000047683716,3.5,3.200000047683716,3.315000057220459,2.655743360519409,34260
2008-07-08,3.244999885559082,3.244999885559082,3.244999885559082,3.244999885559082,2.5996639728546143,0
2008-07-09,3.200000047683716,3.3949999809265137,3.200000047683716,3.299999952316284,2.643725872039795,6420
2008-07-10,3.380000114440918,3.380000114440918,3.380000114440918,3.380000114440918,2.7078166007995605,1200
2008-07-11,3.240000009536743,3.240000009536743,3.240000009536743,3.240000009536743,2.595658302307129,200
2008-07-14,3.0999999046325684,3.200000047683716,3.0999999046325684,3.115000009536743,2.4955177307128906,7130
2008-07-15,3.0999999046325684,3.0999999046325684,3.0999999046325684,3.0999999046325684,2.4835004806518555,10
2008-07-16,3.0,3.390000104904175,3.0,3.200000047683716,2.5636134147644043,8550
2008-07-17,3.119999885559082,3.119999885559082,3.119999885559082,3.119999885559082,2.4995229244232178,500
2008-07-18,3.119999885559082,3.119999885559082,3.119999885559082,3.119999885559082,2.4995229244232178,0
2008-07-21,3.200000047683716,3.200000047683716,3.1700000762939453,3.174999952316284,2.5435848236083984,1000
2008-07-22,3.25,3.25,3.25,3.25,2.6036696434020996,2620
2008-07-23,3.25,3.5399999618530273,3.25,3.5250000953674316,2.8239805698394775,5420
2008-07-24,4.054999828338623,4.054999828338623,3.5,3.7899999618530273,3.0362799167633057,3610
2008-07-25,3.5,3.990000009536743,3.3299999237060547,3.4749999046325684,2.783924102783203,9880
2008-07-28,3.3499999046325684,3.5799999237060547,3.3499999046325684,3.380000114440918,2.7078166007995605,1210
2008-07-29,3.434999942779541,3.434999942779541,3.325000047683716,3.325000047683716,2.6637539863586426,1000
2008-07-30,3.2100000381469727,3.549999952316284,3.2100000381469727,3.450000047683716,2.7638955116271973,840
2008-07-31,3.450000047683716,3.450000047683716,3.450000047683716,3.450000047683716,2.7638955116271973,0
2008-08-01,3.299999952316284,3.575000047683716,3.0999999046325684,3.5250000953674316,2.8239805698394775,11000
2008-08-04,3.4000000953674316,3.7850000858306885,3.3499999046325684,3.430000066757202,2.747873306274414,6270
2008-08-05,3.299999952316284,3.5,3.299999952316284,3.3499999046325684,2.6837828159332275,6120
2008-08-06,3.3399999141693115,3.549999952316284,3.3350000381469727,3.4549999237060547,2.7679011821746826,14850
2008-08-07,3.380000114440918,3.569999933242798,3.380000114440918,3.494999885559082,2.7999460697174072,1900
2008-08-08,3.184999942779541,3.565000057220459,3.184999942779541,3.3450000286102295,2.6797773838043213,7510
2008-08-11,3.575000047683716,3.6500000953674316,3.424999952316284,3.640000104904175,2.9161105155944824,5000
2008-08-12,3.694999933242798,3.694999933242798,3.2699999809265137,3.5,2.803952217102051,8710
2008-08-13,3.5,3.575000047683716,3.5,3.549999952316284,2.844008445739746,14000
2008-08-14,3.75,4.065000057220459,3.700000047683716,3.7799999713897705,3.028268575668335,74790
2008-08-18,3.9000000953674316,3.9000000953674316,3.690000057220459,3.859999895095825,3.092358350753784,13080
2008-08-19,3.799999952316284,3.8499999046325684,3.625,3.8299999237060547,3.0683248043060303,18890
2008-08-20,3.700000047683716,3.994999885559082,3.700000047683716,3.9649999141693115,3.1764771938323975,5850
2008-08-21,3.6649999618530273,3.9100000858306885,3.6649999618530273,3.805000066757202,3.1681511402130127,12400
2008-08-22,3.805000066757202,3.805000066757202,3.805000066757202,3.805000066757202,3.1681511402130127,0
2008-08-25,3.799999952316284,3.799999952316284,3.615000009536743,3.6500000953674316,3.039093494415283,3040
2008-08-26,3.5,3.8399999141693115,3.4800000190734863,3.6600000858306885,3.047419548034668,7500
2008-08-27,3.609999895095825,3.609999895095825,3.609999895095825,3.609999895095825,3.0057878494262695,1400
2008-08-28,3.609999895095825,3.609999895095825,3.609999895095825,3.609999895095825,3.0057878494262695,0
2008-08-29,3.609999895095825,3.7300000190734863,3.609999895095825,3.6700000762939453,3.055746078491211,11640
2008-09-01,3.5,3.75,3.5,3.75,3.1223561763763428,860
2008-09-02,3.8350000381469727,3.8350000381469727,3.5250000953674316,3.5950000286102295,2.9932992458343506,1710
2008-09-04,3.4000000953674316,3.7950000762939453,3.4000000953674316,3.609999895095825,3.0057878494262695,2890
2008-09-05,3.609999895095825,3.609999895095825,3.609999895095825,3.609999895095825,3.0057878494262695,0
2008-09-08,3.4049999713897705,3.5999999046325684,3.4049999713897705,3.5999999046325684,2.997462034225464,2670
2008-09-09,3.5999999046325684,3.690000057220459,3.5999999046325684,3.634999990463257,3.026604175567627,4960
2008-09-10,3.7799999713897705,3.8499999046325684,3.7100000381469727,3.799999952316284,3.163987636566162,11560
2008-09-11,3.7699999809265137,3.7699999809265137,3.7249999046325684,3.7249999046325684,3.1015403270721436,670
2008-09-12,3.7249999046325684,3.7249999046325684,3.2049999237060547,3.265000104904175,2.718531608581543,28360
2008-09-15,3.575000047683716,3.575000047683716,3.0999999046325684,3.0999999046325684,2.5811476707458496,10250
2008-09-16,3.0,3.2950000762939453,3.0,3.2950000762939453,2.7435107231140137,560
2008-09-17,3.5999999046325684,3.5999999046325684,3.0999999046325684,3.0999999046325684,2.5811476707458496,500
2008-09-18,2.6500000953674316,3.194999933242798,2.6500000953674316,2.8550000190734863,2.3771538734436035,3330
2008-09-19,3.430000066757202,3.430000066757202,2.8550000190734863,3.0,2.49788498878479,460
2008-09-22,2.9000000953674316,3.0,2.859999895095825,3.0,2.49788498878479,10900
2008-09-23,2.819999933242798,3.049999952316284,2.819999933242798,2.8350000381469727,2.360501289367676,11410
2008-09-24,3.0999999046325684,3.0999999046325684,2.799999952316284,2.799999952316284,2.33135986328125,8500
2008-09-25,2.799999952316284,2.799999952316284,2.680000066757202,2.799999952316284,2.33135986328125,3500
2008-09-26,2.684999942779541,2.690000057220459,2.505000114440918,2.5850000381469727,2.152344226837158,41000
2008-09-29,2.799999952316284,3.0,2.2100000381469727,2.2100000381469727,1.8401086330413818,66210
2008-09-30,2.0999999046325684,2.494999885559082,2.0350000858306885,2.494999885559082,2.0774075984954834,15650
2008-10-01,2.494999885559082,2.5,2.450000047683716,2.450000047683716,2.0399396419525146,620
2008-10-03,2.7750000953674316,2.7750000953674316,2.450000047683716,2.4649999141693115,2.05242919921875,1240
2008-10-06,2.6549999713897705,2.6549999713897705,2.6549999713897705,2.6549999713897705,2.2106282711029053,50
2008-10-07,2.5950000286102295,2.5950000286102295,2.140000104904175,2.200000047683716,1.831782579421997,10490
2008-10-08,2.619999885559082,2.619999885559082,1.8200000524520874,2.0,1.6652568578720093,14910
2008-10-10,1.649999976158142,2.240000009536743,1.649999976158142,1.940000057220459,1.615299105644226,3990
2008-10-13,1.909999966621399,1.909999966621399,1.899999976158142,1.899999976158142,1.581993818283081,2010
2008-10-14,2.009999990463257,2.059999942779541,2.009999990463257,2.059999942779541,1.7152143716812134,880
2008-10-15,2.0,2.0,1.9700000286102295,1.975000023841858,1.6444411277770996,6090
2008-10-16,2.0399999618530273,2.0399999618530273,2.0399999618530273,2.0399999618530273,1.6985621452331543,1000
2008-10-17,2.069999933242798,2.069999933242798,1.7599999904632568,2.0450000762939453,1.7027250528335571,5750
2008-10-20,1.9600000381469727,1.9600000381469727,1.9500000476837158,1.9500000476837158,1.6236251592636108,1500
2008-10-21,2.0,2.0899999141693115,2.0,2.0899999141693115,1.7401933670043945,2500
2008-10-22,2.0,2.0250000953674316,2.0,2.0,1.6652568578720093,18750
2008-10-23,2.0950000286102295,2.0950000286102295,1.9049999713897705,1.9049999713897705,1.5861570835113525,2600
2008-10-24,1.9800000190734863,1.9800000190734863,1.9800000190734863,1.9800000190734863,1.6486042737960815,1500
2008-10-27,2.0799999237060547,2.0799999237060547,1.7200000286102295,1.7899999618530273,1.4904046058654785,4400
2008-10-29,2.1500000953674316,2.1500000953674316,1.9249999523162842,2.0999999046325684,1.7485193014144897,4930
2008-10-31,1.725000023841858,2.4000000953674316,1.725000023841858,2.200000047683716,1.831782579421997,11760
2008-11-03,2.309999942779541,2.625,2.309999942779541,2.5250000953674316,2.102386713027954,27580
2008-11-04,2.5,2.5999999046325684,2.5,2.5399999618530273,2.1148760318756104,15570
2008-11-05,2.4000000953674316,2.4000000953674316,2.174999952316284,2.3499999046325684,1.9566763639450073,20450
2008-11-06,2.5850000381469727,2.5850000381469727,2.3499999046325684,2.359999895095825,1.9650030136108398,13330
2008-11-07,2.299999952316284,2.5199999809265137,2.299999952316284,2.424999952316284,2.0191235542297363,5550
2008-11-10,2.2100000381469727,2.299999952316284,2.2100000381469727,2.299999952316284,1.9150452613830566,280
2008-11-11,2.299999952316284,2.299999952316284,2.25,2.2950000762939453,1.9108822345733643,12100
2008-11-12,2.200000047683716,2.5950000286102295,2.200000047683716,2.515000104904175,2.0940608978271484,20920
2008-11-14,2.3350000381469727,2.7149999141693115,2.3350000381469727,2.6500000953674316,2.206465244293213,530
2008-11-17,2.869999885559082,2.869999885559082,2.265000104904175,2.2750000953674316,1.894229531288147,13020
2008-11-18,2.200000047683716,2.200000047683716,2.200000047683716,2.200000047683716,1.831782579421997,140
2008-11-19,2.200000047683716,2.200000047683716,2.200000047683716,2.200000047683716,1.831782579421997,2000
2008-11-20,2.0,2.174999952316284,2.0,2.174999952316284,1.8109668493270874,2300
2008-11-21,2.174999952316284,2.4000000953674316,2.049999952316284,2.369999885559082,1.9733288288116455,11080
2008-11-24,2.2249999046325684,2.2249999046325684,2.200000047683716,2.2049999237060547,1.8359456062316895,5700
2008-11-25,2.0250000953674316,2.190000057220459,2.0250000953674316,2.190000057220459,1.8234561681747437,2310
2008-11-26,2.4649999141693115,2.4649999141693115,2.3949999809265137,2.434999942779541,2.0274498462677,40
2008-11-27,2.434999942779541,2.434999942779541,2.434999942779541,2.434999942779541,2.0274498462677,0
2008-11-28,2.109999895095825,2.109999895095825,2.109999895095825,2.109999895095825,1.7568457126617432,1500
2008-12-01,2.5,2.5,2.109999895095825,2.3499999046325684,1.9566763639450073,2400
2008-12-02,2.0999999046325684,2.119999885559082,1.9199999570846558,2.0299999713897705,1.6902356147766113,7360
2008-12-03,1.9500000476837158,2.0799999237060547,1.7300000190734863,1.9149999618530273,1.5944833755493164,3000
2008-12-04,1.7999999523162842,2.125,1.7999999523162842,1.9450000524520874,1.6194621324539185,1320
2008-12-05,1.9450000524520874,1.9450000524520874,1.9450000524520874,1.9450000524520874,1.6194621324539185,0
2008-12-08,2.0999999046325684,2.0999999046325684,2.059999942779541,2.0999999046325684,1.7485193014144897,14090
2008-12-10,2.075000047683716,2.075000047683716,1.975000023841858,1.975000023841858,1.6444411277770996,500
2008-12-11,1.975000023841858,1.975000023841858,1.975000023841858,1.975000023841858,1.6444411277770996,0
2008-12-12,2.1500000953674316,2.1500000953674316,2.1500000953674316,2.1500000953674316,1.7901510000228882,20
2008-12-15,2.234999895095825,2.2750000953674316,2.234999895095825,2.2750000953674316,1.894229531288147,4240
2008-12-16,1.8700000047683716,2.5899999141693115,1.8700000047683716,2.2200000286102295,1.8484349250793457,45880
2008-12-17,2.200000047683716,2.2200000286102295,2.075000047683716,2.0799999237060547,1.7318671941757202,15880
2008-12-18,2.005000114440918,2.005000114440918,2.005000114440918,2.005000114440918,1.6694200038909912,340
2008-12-19,2.0999999046325684,2.0999999046325684,2.0299999713897705,2.0299999713897705,1.6902356147766113,1030
2008-12-22,2.0299999713897705,2.0299999713897705,2.0299999713897705,2.0299999713897705,1.6902356147766113,0
2008-12-23,2.049999952316284,2.049999952316284,2.049999952316284,2.049999952316284,1.7068880796432495,250
2008-12-24,2.049999952316284,2.049999952316284,2.049999952316284,2.049999952316284,1.7068880796432495,0
2008-12-26,2.049999952316284,2.049999952316284,2.049999952316284,2.049999952316284,1.7068880796432495,0
2008-12-29,2.0,2.299999952316284,2.0,2.2899999618530273,1.9067188501358032,26680
2008-12-30,2.2249999046325684,2.25,2.2249999046325684,2.25,1.8734140396118164,5400
2008-12-31,2.109999895095825,2.2950000762939453,2.109999895095825,2.2950000762939453,1.9108822345733643,4000
2009-01-02,2.0399999618530273,2.434999942779541,2.0399999618530273,2.255000114440918,1.8775770664215088,6700
2009-01-05,2.3499999046325684,2.3499999046325684,2.259999990463257,2.2750000953674316,1.894229531288147,13000
2009-01-06,2.049999952316284,2.5,2.049999952316284,2.375,1.9774922132492065,17000
2009-01-07,2.565000057220459,2.5999999046325684,2.2300000190734863,2.3499999046325684,1.9566763639450073,23040
2009-01-09,2.200000047683716,2.3949999809265137,2.200000047683716,2.3949999809265137,1.9941449165344238,2120
2009-01-12,2.2899999618530273,2.2899999618530273,2.140000104904175,2.140000104904175,1.7818248271942139,5340
2009-01-13,2.0399999618530273,2.0450000762939453,1.8300000429153442,2.0299999713897705,1.6902356147766113,36730
2009-01-14,2.0250000953674316,2.049999952316284,2.0250000953674316,2.049999952316284,1.7068880796432495,5500
2009-01-15,2.009999990463257,2.009999990463257,2.0,2.0,1.6652568578720093,500
2009-01-16,2.049999952316284,2.049999952316284,2.049999952316284,2.049999952316284,1.7068880796432495,11000
2009-01-19,2.049999952316284,2.1500000953674316,1.9600000381469727,1.9600000381469727,1.6319516897201538,5530
2009-01-20,1.7699999809265137,2.2950000762939453,1.7699999809265137,1.9850000143051147,1.6527671813964844,610
2009-01-21,1.899999976158142,2.2950000762939453,1.899999976158142,2.1050000190734863,1.7526826858520508,4810
2009-01-22,2.0,2.0,1.8200000524520874,1.9500000476837158,1.6236251592636108,4230
2009-01-23,2.194999933242798,2.194999933242798,2.0199999809265137,2.1500000953674316,1.7901510000228882,9000
2009-01-27,2.049999952316284,2.3499999046325684,2.049999952316284,2.309999942779541,1.9233715534210205,7870
2009-01-28,2.0999999046325684,2.299999952316284,2.0999999046325684,2.299999952316284,1.9150452613830566,3160
2009-01-29,2.200000047683716,2.200000047683716,2.0950000286102295,2.1449999809265137,1.7859876155853271,1030
2009-01-30,2.0350000858306885,2.1500000953674316,2.0350000858306885,2.109999895095825,1.7568457126617432,5250
2009-02-02,1.9500000476837158,1.9500000476837158,1.9500000476837158,1.9500000476837158,1.6236251592636108,1600
2009-02-03,1.9950000047683716,1.9950000047683716,1.9950000047683716,1.9950000047683716,1.6610934734344482,3000
2009-02-04,2.2899999618530273,2.319999933242798,2.119999885559082,2.1649999618530273,1.802640438079834,18450
2009-02-05,2.200000047683716,2.200000047683716,2.200000047683716,2.200000047683716,1.831782579421997,200
2009-02-06,2.0399999618530273,2.0399999618530273,2.0399999618530273,2.0399999618530273,1.6985621452331543,2000
2009-02-09,2.0399999618530273,2.0399999618530273,2.0399999618530273,2.0399999618530273,1.6985621452331543,0
2009-02-10,2.0399999618530273,2.0399999618530273,2.0399999618530273,2.0399999618530273,1.6985621452331543,0
2009-02-11,2.1500000953674316,2.1500000953674316,2.1500000953674316,2.1500000953674316,1.7901510000228882,200
2009-02-12,2.1500000953674316,2.1500000953674316,2.1500000953674316,2.1500000953674316,1.7901510000228882,0
2009-02-13,2.0350000858306885,2.2750000953674316,2.0350000858306885,2.194999933242798,1.827619194984436,10500
2009-02-16,2.380000114440918,2.384999990463257,2.0999999046325684,2.0999999046325684,1.7485193014144897,550
2009-02-17,2.0999999046325684,2.1449999809265137,1.9600000381469727,2.0,1.6652568578720093,2000
2009-02-18,2.0,2.0,2.0,2.0,1.6652568578720093,0
2009-02-19,1.9249999523162842,2.1700000762939453,1.9249999523162842,2.1700000762939453,1.806803822517395,520
2009-02-20,2.200000047683716,2.200000047683716,1.9149999618530273,2.200000047683716,1.831782579421997,2250
2009-02-24,2.140000104904175,2.140000104904175,2.140000104904175,2.140000104904175,1.7818248271942139,1000
2009-02-25,1.9600000381469727,2.200000047683716,1.9600000381469727,2.0999999046325684,1.7485193014144897,39000
2009-02-26,2.0999999046325684,2.0999999046325684,2.0999999046325684,2.0999999046325684,1.7485193014144897,7020
2009-02-27,2.2850000858306885,2.2850000858306885,2.2850000858306885,2.2850000858306885,1.9025559425354004,20
2009-03-02,2.2850000858306885,2.2850000858306885,2.2850000858306885,2.2850000858306885,1.9025559425354004,0
2009-03-03,2.005000114440918,2.005000114440918,2.005000114440918,2.005000114440918,1.6694200038909912,2500
2009-03-04,1.899999976158142,2.0999999046325684,1.899999976158142,2.0999999046325684,1.7485193014144897,2550
2009-03-05,1.9149999618530273,1.9149999618530273,1.899999976158142,1.899999976158142,1.581993818283081,2500
2009-03-06,1.899999976158142,1.899999976158142,1.899999976158142,1.899999976158142,1.581993818283081,0
2009-03-09,1.9950000047683716,1.9950000047683716,1.9950000047683716,1.9950000047683716,1.6610934734344482,500
2009-03-12,2.0950000286102295,2.0950000286102295,2.0950000286102295,2.0950000286102295,1.7443562746047974,4680
2009-03-13,2.115000009536743,2.115000009536743,2.0899999141693115,2.0999999046325684,1.7485193014144897,2760
2009-03-16,2.0,2.200000047683716,2.0,2.174999952316284,1.8109668493270874,60
2009-03-17,2.174999952316284,2.174999952316284,2.174999952316284,2.174999952316284,1.8109668493270874,0
2009-03-18,2.069999933242798,2.119999885559082,2.069999933242798,2.119999885559082,1.765172004699707,5070
2009-03-19,2.0999999046325684,2.0999999046325684,2.0999999046325684,2.0999999046325684,1.7485193014144897,500
2009-03-20,1.9950000047683716,1.9950000047683716,1.9950000047683716,1.9950000047683716,1.6610934734344482,2010
2009-03-23,2.0950000286102295,2.0950000286102295,2.0950000286102295,2.0950000286102295,1.7443562746047974,10
2009-03-24,2.0999999046325684,2.1050000190734863,2.0999999046325684,2.1050000190734863,1.7526826858520508,1610
2009-03-25,2.059999942779541,2.0999999046325684,2.059999942779541,2.0999999046325684,1.7485193014144897,21250
2009-03-26,2.049999952316284,2.049999952316284,2.049999952316284,2.049999952316284,1.7068880796432495,490
2009-03-27,2.0,2.0,1.9950000047683716,1.9950000047683716,1.6610934734344482,4830
2009-03-30,1.9950000047683716,1.9950000047683716,1.9950000047683716,1.9950000047683716,1.6610934734344482,0
2009-03-31,1.9950000047683716,1.9950000047683716,1.9950000047683716,1.9950000047683716,1.6610934734344482,0
2009-04-01,2.0899999141693115,2.0899999141693115,2.0899999141693115,2.0899999141693115,1.7401933670043945,2500
2009-04-02,2.190000057220459,2.190000057220459,2.0999999046325684,2.0999999046325684,1.7485193014144897,1200
2009-04-06,2.119999885559082,2.200000047683716,2.119999885559082,2.200000047683716,1.831782579421997,210
2009-04-08,2.200000047683716,2.200000047683716,2.200000047683716,2.200000047683716,1.831782579421997,0
2009-04-09,2.119999885559082,2.200000047683716,2.119999885559082,2.200000047683716,1.831782579421997,0
2009-04-13,2.119999885559082,2.200000047683716,2.119999885559082,2.200000047683716,1.831782579421997,0
2009-04-15,2.125,2.309999942779541,2.125,2.309999942779541,1.9233715534210205,750
2009-04-16,2.309999942779541,2.309999942779541,2.309999942779541,2.309999942779541,1.9233715534210205,0
2009-04-17,2.309999942779541,2.430000066757202,2.25,2.430000066757202,2.023286819458008,35400
2009-04-20,2.549999952316284,2.549999952316284,2.549999952316284,2.549999952316284,2.123202323913574,13020
2009-04-21,2.680000066757202,2.680000066757202,2.680000066757202,2.680000066757202,2.2314438819885254,6000
2009-04-22,2.799999952316284,2.799999952316284,2.5999999046325684,2.6449999809265137,2.2023019790649414,4110
2009-04-23,2.6449999809265137,2.6449999809265137,2.6449999809265137,2.6449999809265137,2.2023019790649414,0
2009-04-24,2.7300000190734863,2.7300000190734863,2.5199999809265137,2.7149999141693115,2.2605857849121094,900
2009-04-27,2.5799999237060547,2.5799999237060547,2.5799999237060547,2.5799999237060547,2.1481809616088867,500
2009-04-28,2.5,2.680000066757202,2.4600000381469727,2.4600000381469727,2.0482656955718994,2030
2009-04-29,2.365000009536743,2.5799999237060547,2.365000009536743,2.569999933242798,2.139854907989502,750
2009-04-30,2.569999933242798,2.569999933242798,2.569999933242798,2.569999933242798,2.139854907989502,0
2009-05-04,2.5,2.5,2.5,2.5,2.081570863723755,710
2009-05-05,2.494999885559082,2.509999990463257,2.4000000953674316,2.4749999046325684,2.060755729675293,8000
2009-05-06,2.5999999046325684,2.5999999046325684,2.5999999046325684,2.5999999046325684,2.1648335456848145,1340
2009-05-07,2.4800000190734863,2.5199999809265137,2.4800000190734863,2.509999990463257,2.089897394180298,1250
2009-05-08,2.509999990463257,2.509999990463257,2.509999990463257,2.509999990463257,2.089897394180298,0
2009-05-11,2.4100000858306885,2.4200000762939453,2.4100000858306885,2.4200000762939453,2.014960289001465,670
2009-05-12,2.494999885559082,2.5,2.450000047683716,2.4600000381469727,2.0482656955718994,3820
2009-05-13,2.5,2.5199999809265137,2.5,2.5199999809265137,2.0982232093811035,1500
2009-05-14,2.5199999809265137,2.5199999809265137,2.5199999809265137,2.5199999809265137,2.0982232093811035,0
2009-05-15,2.640000104904175,2.640000104904175,2.450000047683716,2.4549999237060547,2.044102430343628,1020
2009-05-18,2.4549999237060547,2.4549999237060547,2.4549999237060547,2.4549999237060547,2.044102430343628,0
2009-05-19,2.5999999046325684,2.5999999046325684,2.5999999046325684,2.5999999046325684,2.1648335456848145,0
2009-05-20,2.5799999237060547,2.5799999237060547,2.5799999237060547,2.5799999237060547,2.1481809616088867,1200
2009-05-21,2.7100000381469727,2.7100000381469727,2.7100000381469727,2.7100000381469727,2.256422758102417,31300
2009-05-22,2.7049999237060547,2.7049999237060547,2.575000047683716,2.700000047683716,2.2480967044830322,32400
2009-05-25,2.75,2.8350000381469727,2.6500000953674316,2.799999952316284,2.33135986328125,5250
2009-05-26,2.930000066757202,2.934999942779541,2.859999895095825,2.924999952316284,2.4354372024536133,23720
2009-05-27,2.799999952316284,3.055000066757202,2.799999952316284,2.9600000381469727,2.4645802974700928,11550
2009-05-28,3.0450000762939453,3.109999895095825,3.0,3.049999952316284,2.539515972137451,60780
2009-05-29,3.174999952316284,3.190000057220459,3.069999933242798,3.119999885559082,2.5978004932403564,22700
2009-06-01,3.109999895095825,3.25,3.049999952316284,3.2249999046325684,2.6852262020111084,169650
2009-06-02,3.3450000286102295,3.3450000286102295,3.065000057220459,3.075000047683716,2.5603325366973877,25120
2009-06-03,3.134999990463257,3.200000047683716,3.0199999809265137,3.049999952316284,2.539515972137451,45000
2009-06-04,3.0250000953674316,3.0999999046325684,3.0,3.0250000953674316,2.5187008380889893,23000
2009-06-05,3.0999999046325684,3.0999999046325684,3.0,3.009999990463257,2.506211519241333,13000
2009-06-08,3.0999999046325684,3.0999999046325684,2.875,2.994999885559082,2.4937219619750977,19000
2009-06-09,2.9000000953674316,3.130000114440918,2.9000000953674316,3.1050000190734863,2.585310935974121,16950
2009-06-10,3.0950000286102295,3.0999999046325684,3.069999933242798,3.069999933242798,2.556169033050537,7500
2009-06-11,3.069999933242798,3.069999933242798,2.9600000381469727,2.9600000381469727,2.4645802974700928,2150
2009-06-12,2.9100000858306885,2.9149999618530273,2.9100000858306885,2.9149999618530273,2.4271113872528076,3370
2009-06-15,2.9100000858306885,3.0,2.9000000953674316,3.0,2.49788498878479,74000
2009-06-16,3.1449999809265137,3.1500000953674316,3.1449999809265137,3.1500000953674316,2.622779130935669,50000
2009-06-17,3.2699999809265137,3.309999942779541,3.0999999046325684,3.1600000858306885,2.631105899810791,38890
2009-06-18,3.25,3.25,3.075000047683716,3.075000047683716,2.5603325366973877,13000
2009-06-19,3.125,3.2249999046325684,3.0199999809265137,3.0199999809265137,2.5145375728607178,14000
2009-06-22,2.9049999713897705,3.134999990463257,2.9000000953674316,3.075000047683716,2.5603325366973877,2260
2009-06-23,2.9549999237060547,2.9549999237060547,2.944999933242798,2.944999933242798,2.452090263366699,9000
2009-06-24,3.0799999237060547,3.0799999237060547,3.0,3.0,2.49788498878479,20000
2009-06-25,2.9000000953674316,3.130000114440918,2.884999990463257,2.890000104904175,2.4062960147857666,6000
2009-06-26,2.859999895095825,3.0350000858306885,2.859999895095825,3.0299999713897705,2.5228638648986816,7780
2009-06-29,3.180000066757202,3.184999942779541,3.0399999618530273,3.184999942779541,2.651921033859253,10840
2009-06-30,3.25,3.25,3.115000009536743,3.134999990463257,2.610290288925171,23000
2009-07-01,3.0899999141693115,3.2699999809265137,3.0899999141693115,3.1500000953674316,2.622779130935669,5400
2009-07-02,3.1500000953674316,3.1500000953674316,3.1500000953674316,3.1500000953674316,2.622779130935669,0
2009-07-03,3.0,3.265000104904175,3.0,3.200000047683716,2.6644108295440674,9290
2009-07-06,3.049999952316284,3.109999895095825,3.049999952316284,3.109999895095825,2.5894742012023926,2500
2009-07-07,3.0,3.2300000190734863,3.0,3.200000047683716,2.6644108295440674,1120
2009-07-08,3.0999999046325684,3.200000047683716,3.049999952316284,3.200000047683716,2.6644108295440674,16000
2009-07-09,3.0,3.0999999046325684,2.9700000286102295,3.0,2.49788498878479,28000
2009-07-10,3.0999999046325684,3.140000104904175,3.0399999618530273,3.0399999618530273,2.5311901569366455,20000
2009-07-13,3.0399999618530273,3.0399999618530273,3.0399999618530273,3.0399999618530273,2.5311901569366455,0
2009-07-14,2.9000000953674316,3.049999952316284,2.9000000953674316,3.049999952316284,2.539515972137451,11000
2009-07-15,3.0899999141693115,3.140000104904175,3.0,3.140000104904175,2.6144533157348633,17000
2009-07-16,2.9200000762939453,3.184999942779541,2.9200000762939453,3.0999999046325684,2.5811476707458496,1200
2009-07-17,3.109999895095825,3.299999952316284,3.109999895095825,3.2799999713897705,2.73102068901062,1210
2009-07-20,3.255000114440918,3.4000000953674316,3.0850000381469727,3.140000104904175,2.6144533157348633,14390
2009-07-21,3.0899999141693115,3.0999999046325684,3.0899999141693115,3.0999999046325684,2.5811476707458496,3000
2009-07-22,2.950000047683716,3.194999933242798,2.9200000762939453,3.184999942779541,2.651921033859253,8780
2009-07-23,3.3450000286102295,3.3450000286102295,3.299999952316284,3.299999952316284,2.747673749923706,1500
2009-07-24,3.305000066757202,3.305000066757202,3.200000047683716,3.2100000381469727,2.6727371215820312,15000
2009-07-27,3.2100000381469727,3.2899999618530273,3.2100000381469727,3.2100000381469727,2.6727371215820312,16000
2009-07-28,3.1600000858306885,3.3499999046325684,3.1600000858306885,3.3499999046325684,2.7893049716949463,5790
2009-07-29,3.2049999237060547,3.309999942779541,3.2049999237060547,3.2100000381469727,2.6727371215820312,6000
2009-07-30,3.075000047683716,3.5299999713897705,3.075000047683716,3.490000009536743,2.9058730602264404,40780
2009-07-31,3.615000009536743,3.6600000858306885,3.359999895095825,3.375,2.8101205825805664,28000
2009-08-03,3.5899999141693115,3.7149999141693115,3.549999952316284,3.7149999141693115,3.093214273452759,110000
2009-08-04,3.799999952316284,4.090000152587891,3.799999952316284,3.9200000762939453,3.2639033794403076,321000
2009-08-05,3.940000057220459,3.940000057220459,3.619999885559082,3.6600000858306885,3.047419548034668,34360
2009-08-06,3.7899999618530273,3.7899999618530273,3.6500000953674316,3.690000057220459,3.072399139404297,15340
2009-08-07,3.5,3.799999952316284,3.5,3.6500000953674316,3.039093494415283,14620
2009-08-10,3.430000066757202,3.7750000953674316,3.430000066757202,3.700000047683716,3.0807249546051025,19730
2009-08-11,3.549999952316284,3.700000047683716,3.549999952316284,3.555000066757202,2.959994077682495,10910
2009-08-12,3.359999895095825,3.549999952316284,3.359999895095825,3.549999952316284,2.9558305740356445,3000
2009-08-13,3.9000000953674316,3.9000000953674316,3.565000057220459,3.799999952316284,3.163987636566162,5000
2009-08-14,3.609999895095825,3.8399999141693115,3.5299999713897705,3.5450000762939453,2.951667547225952,6520
2009-08-17,3.9000000953674316,3.9000000953674316,3.4049999713897705,3.6050000190734863,3.0016252994537354,8500
2009-08-18,3.7899999618530273,3.7950000762939453,3.6050000190734863,3.6700000762939453,3.055746078491211,8340
2009-08-19,3.8299999237060547,3.890000104904175,3.7300000190734863,3.7300000190734863,3.1057040691375732,6410
2009-08-20,3.884999990463257,3.884999990463257,3.740000009536743,3.8399999141693115,3.1972930431365967,20250
2009-08-21,3.9000000953674316,3.9000000953674316,3.619999885559082,3.865000009536743,3.218108654022217,4360
2009-08-24,3.740000009536743,3.9100000858306885,3.740000009536743,3.9000000953674316,3.2472503185272217,19000
2009-08-25,3.9000000953674316,3.940000057220459,3.825000047683716,3.8499999046325684,3.2056188583374023,13080
2009-08-26,3.9000000953674316,4.175000190734863,3.9000000953674316,4.175000190734863,3.476223945617676,14000
2009-08-27,4.175000190734863,4.275000095367432,4.03000020980835,4.164999961853027,3.467897415161133,33000
2009-08-28,4.014999866485596,4.199999809265137,3.9049999713897705,3.9749999046325684,3.3096976280212402,25940
2009-08-31,4.349999904632568,4.349999904632568,3.9749999046325684,4.0,3.3305137157440186,63000
2009-09-01,4.09499979019165,4.099999904632568,3.809999942779541,3.825000047683716,3.1848034858703613,20610
2009-09-02,4.085000038146973,4.085000038146973,3.8350000381469727,3.8350000381469727,3.1931300163269043,16810
2009-09-03,3.7100000381469727,3.815000057220459,3.7100000381469727,3.815000057220459,3.1764771938323975,1000
2009-09-04,4.190000057220459,4.190000057220459,3.869999885559082,4.025000095367432,3.3513293266296387,63830
2009-09-07,4.320000171661377,4.75,4.150000095367432,4.525000095367432,3.7676432132720947,489870
2009-09-08,4.570000171661377,5.340000152587891,4.315000057220459,4.739999771118164,3.946657657623291,387140
2009-09-09,4.78000020980835,4.784999847412109,4.300000190734863,4.525000095367432,3.7676432132720947,98650
2009-09-10,4.534999847412109,4.639999866485596,4.360000133514404,4.409999847412109,3.671891212463379,85340
2009-09-11,4.304999828338623,4.485000133514404,4.304999828338623,4.304999828338623,3.5844647884368896,16000
2009-09-14,4.239999771118164,4.46999979019165,4.239999771118164,4.309999942779541,3.5886285305023193,10590
2009-09-15,4.300000190734863,4.5,4.300000190734863,4.324999809265137,3.6011176109313965,15660
2009-09-16,4.585000038146973,4.585000038146973,4.300000190734863,4.34499979019165,3.617769956588745,32000
2009-09-17,4.585000038146973,4.585000038146973,4.34499979019165,4.380000114440918,3.6469123363494873,17700
2009-09-18,4.349999904632568,4.59499979019165,4.349999904632568,4.394999980926514,3.6594014167785645,307700
2009-09-22,4.394999980926514,4.400000095367432,4.304999828338623,4.400000095367432,3.663565158843994,71000
2009-09-23,4.400000095367432,4.5,4.364999771118164,4.40500020980835,3.6677281856536865,307490
2009-09-24,4.519999980926514,4.519999980926514,4.380000114440918,4.400000095367432,3.663565158843994,69000
2009-09-25,4.300000190734863,4.559999942779541,4.300000190734863,4.440000057220459,3.6968698501586914,23000
2009-09-29,4.5,4.679999828338623,4.414999961853027,4.449999809265137,3.7051961421966553,25000
2009-09-30,4.40500020980835,4.574999809265137,4.400000095367432,4.400000095367432,3.663565158843994,33000
2009-10-01,4.355000019073486,4.449999809265137,4.355000019073486,4.409999847412109,3.671891212463379,27000
2009-10-05,4.78000020980835,4.78000020980835,4.360000133514404,4.369999885559082,3.6385858058929443,88000
2009-10-06,4.329999923706055,4.489999771118164,4.275000095367432,4.324999809265137,3.6011176109313965,8810
2009-10-07,4.28000020980835,4.400000095367432,4.28000020980835,4.400000095367432,3.663565158843994,13810
2009-10-08,4.355000019073486,4.460000038146973,4.300000190734863,4.324999809265137,3.6011176109313965,30000
2009-10-09,4.559999942779541,4.559999942779541,4.320000171661377,4.409999847412109,3.671891212463379,19000
2009-10-12,4.394999980926514,4.5,4.340000152587891,4.445000171661377,3.701033592224121,31000
2009-10-13,4.445000171661377,4.445000171661377,4.445000171661377,4.445000171661377,3.701033592224121,0
2009-10-14,4.349999904632568,4.550000190734863,4.349999904632568,4.514999866485596,3.759316921234131,51120
2009-10-15,4.480000019073486,4.650000095367432,4.480000019073486,4.630000114440918,3.855069637298584,21020
2009-10-16,4.460000038146973,4.639999866485596,4.460000038146973,4.53000020980835,3.7718067169189453,13200
2009-10-20,4.610000133514404,4.75,4.525000095367432,4.545000076293945,3.7842962741851807,34260
2009-10-21,4.46999979019165,4.630000114440918,4.465000152587891,4.494999885559082,3.7426645755767822,18000
2009-10-22,4.5,4.510000228881836,4.40500020980835,4.425000190734863,3.684380531311035,34500
2009-10-23,4.385000228881836,4.400000095367432,4.224999904632568,4.239999771118164,3.530344009399414,25000
2009-10-26,4.170000076293945,4.389999866485596,4.170000076293945,4.389999866485596,3.655238389968872,4000
2009-10-27,4.085000038146973,4.15500020980835,3.9100000858306885,4.034999847412109,3.3596551418304443,31000
2009-10-28,3.9000000953674316,4.034999847412109,3.809999942779541,4.0,3.3305137157440186,4980
2009-10-29,4.0,4.0,3.7249999046325684,3.7300000190734863,3.1057040691375732,9000
2009-10-30,4.25,4.460000038146973,3.75,3.805000066757202,3.1681511402130127,24550
2009-11-03,3.799999952316284,3.880000114440918,3.7200000286102295,3.7249999046325684,3.1015403270721436,12240
2009-11-04,3.7950000762939453,3.930000066757202,3.7100000381469727,3.8550000190734863,3.209782361984253,22420
2009-11-05,4.0,4.0,3.8550000190734863,3.9700000286102295,3.3055343627929688,5240
2009-11-06,3.9100000858306885,4.144999980926514,3.9049999713897705,4.119999885559082,3.4304287433624268,29880
2009-11-09,4.184999942779541,4.260000228881836,4.059999942779541,4.070000171661377,3.3887975215911865,12000
2009-11-10,4.190000057220459,4.269999980926514,4.175000190734863,4.195000171661377,3.4928760528564453,32840
2009-11-11,4.485000133514404,4.485000133514404,4.03000020980835,4.255000114440918,3.5428338050842285,19850
2009-11-12,4.25,4.385000228881836,4.179999828338623,4.224999904632568,3.517855167388916,10770
2009-11-13,4.25,4.400000095367432,4.179999828338623,4.324999809265137,3.6011176109313965,28340
2009-11-16,4.389999866485596,4.545000076293945,4.300000190734863,4.40500020980835,3.6677281856536865,35000
2009-11-17,4.400000095367432,5.0,4.400000095367432,4.784999847412109,3.9841268062591553,406160
2009-11-18,4.75,5.010000228881836,4.75,4.945000171661377,4.1173481941223145,129890
2009-11-19,5.239999771118164,5.260000228881836,4.914999961853027,5.099999904632568,4.246404647827148,191000
2009-11-20,5.050000190734863,5.184999942779541,4.925000190734863,5.164999961853027,4.300525665283203,168940
2009-11-23,5.489999771118164,5.639999866485596,5.380000114440918,5.5,4.579455375671387,513340
2009-11-24,5.599999904632568,5.690000057220459,5.550000190734863,5.625,4.683534622192383,175520
2009-11-25,5.650000095367432,5.664999961853027,5.449999809265137,5.460000038146973,4.546151638031006,91820
2009-11-26,6.045000076293945,6.045000076293945,5.300000190734863,5.355000019073486,4.458724021911621,64950
2009-11-27,5.21999979019165,5.400000095367432,5.034999847412109,5.300000190734863,4.412930488586426,115130
2009-11-30,5.400000095367432,5.559999942779541,5.264999866485596,5.335000038146973,4.442071914672852,73520
2009-12-01,5.269999980926514,5.485000133514404,5.269999980926514,5.449999809265137,4.537824630737305,50650
2009-12-02,5.489999771118164,5.510000228881836,5.300000190734863,5.394999980926514,4.492029666900635,27980
2009-12-03,5.400000095367432,5.559999942779541,5.369999885559082,5.46999979019165,4.554477691650391,40550
2009-12-04,5.425000190734863,5.570000171661377,5.425000190734863,5.494999885559082,4.575293064117432,26730
2009-12-07,5.550000190734863,5.610000133514404,5.429999828338623,5.449999809265137,4.537824630737305,26510
2009-12-08,5.440000057220459,5.480000019073486,5.409999847412109,5.46999979019165,4.554477691650391,7100
2009-12-09,5.400000095367432,5.550000190734863,5.400000095367432,5.474999904632568,4.558640956878662,7750
2009-12-10,5.5,5.570000171661377,5.420000076293945,5.46999979019165,4.554477691650391,19910
2009-12-11,5.400000095367432,5.550000190734863,5.400000095367432,5.429999828338623,4.521171569824219,33550
2009-12-14,5.400000095367432,5.494999885559082,5.25,5.420000076293945,4.512845516204834,8640
2009-12-15,5.474999904632568,5.474999904632568,5.260000228881836,5.369999885559082,4.471214294433594,41440
2009-12-16,5.25,5.400000095367432,5.25,5.320000171661377,4.429582595825195,28760
2009-12-17,5.309999942779541,5.394999980926514,5.25,5.260000228881836,4.379626274108887,17670
2009-12-18,5.230000019073486,5.335000038146973,5.150000095367432,5.199999809265137,4.329667091369629,22900
2009-12-21,5.400000095367432,5.400000095367432,5.065000057220459,5.164999961853027,4.300525665283203,12250
2009-12-22,5.190000057220459,5.289999961853027,5.03000020980835,5.079999923706055,4.229752063751221,9370
2009-12-23,5.03000020980835,5.340000152587891,4.864999771118164,5.164999961853027,4.300525665283203,47710
2009-12-24,5.199999809265137,5.199999809265137,5.010000228881836,5.09499979019165,4.242241859436035,61390
2009-12-29,5.099999904632568,5.099999904632568,5.050000190734863,5.09499979019165,4.242241859436035,28300
2009-12-30,5.099999904632568,5.099999904632568,5.005000114440918,5.099999904632568,4.246404647827148,42570
2009-12-31,5.079999923706055,5.599999904632568,5.079999923706055,5.574999809265137,4.641903400421143,149320
2010-01-04,5.610000133514404,5.835000038146973,5.579999923706055,5.815000057220459,4.841734409332275,174670
2010-01-05,5.730000019073486,6.050000190734863,5.730000019073486,5.954999923706055,4.958301544189453,326870
2010-01-06,6.195000171661377,6.195000171661377,5.900000095367432,6.119999885559082,5.0956854820251465,174570
2010-01-07,6.199999809265137,6.534999847412109,6.099999904632568,6.46999979019165,5.387105464935303,358040
2010-01-08,6.539999961853027,6.900000095367432,6.40500020980835,6.739999771118164,5.611915111541748,245490
2010-01-11,7.079999923706055,7.900000095367432,7.005000114440918,7.590000152587891,6.3196492195129395,2775070
2010-01-12,7.59499979019165,8.095000267028809,7.400000095367432,7.639999866485596,6.361281394958496,687960
2010-01-13,7.599999904632568,7.800000190734863,7.480000019073486,7.534999847412109,6.273854732513428,332730
2010-01-14,7.789999961853027,7.869999885559082,7.605000019073486,7.679999828338623,6.394586086273193,180990
2010-01-15,7.869999885559082,7.869999885559082,7.460000038146973,7.494999885559082,6.240549564361572,112610
2010-01-18,7.690000057220459,7.800000190734863,7.25,7.389999866485596,6.1531243324279785,300730
2010-01-19,7.599999904632568,7.599999904632568,7.199999809265137,7.244999885559082,6.032392978668213,165350
2010-01-20,7.375,7.375,7.159999847412109,7.215000152587891,6.007413387298584,128500
2010-01-21,7.130000114440918,7.130000114440918,6.90500020980835,6.985000133514404,5.815908908843994,63640
2010-01-22,6.710000038146973,7.079999923706055,6.309999942779541,6.954999923706055,5.790929794311523,148730
2010-01-25,6.800000190734863,7.320000171661377,6.559999942779541,7.139999866485596,5.9449663162231445,169820
2010-01-27,7.0,7.230000019073486,6.699999809265137,6.860000133514404,5.7118306159973145,63500
2010-01-28,6.800000190734863,6.900000095367432,6.630000114440918,6.789999961853027,5.6535468101501465,34030
2010-01-29,6.599999904632568,6.699999809265137,6.355000019073486,6.670000076293945,5.553631782531738,91340
2010-02-01,6.409999847412109,7.139999866485596,6.409999847412109,6.929999828338623,5.770114421844482,64830
2010-02-02,7.46999979019165,7.46999979019165,6.755000114440918,6.840000152587891,5.695178508758545,58940
2010-02-03,6.900000095367432,7.534999847412109,6.824999809265137,7.019999980926514,5.84505033493042,564440
2010-02-04,7.034999847412109,7.179999828338623,6.800000190734863,6.914999961853027,5.757626056671143,88760
2010-02-05,6.309999942779541,6.739999771118164,6.309999942779541,6.545000076293945,5.449553489685059,29050
2010-02-08,6.800000190734863,6.894999980926514,6.5,6.710000038146973,5.5869364738464355,39670
2010-02-09,6.599999904632568,6.875,6.420000076293945,6.860000133514404,5.7118306159973145,32740
2010-02-10,6.699999809265137,6.949999809265137,6.53000020980835,6.800000190734863,5.661872863769531,39400
2010-02-11,6.635000228881836,6.880000114440918,6.610000133514404,6.644999980926514,5.532814979553223,40240
2010-02-15,6.599999904632568,6.824999809265137,6.559999942779541,6.639999866485596,5.528651714324951,33070
2010-02-16,6.599999904632568,7.570000171661377,6.5,6.90500020980835,5.749299049377441,1303520
2010-02-17,6.949999809265137,7.300000190734863,6.824999809265137,7.190000057220459,5.986598491668701,494000
2010-02-18,7.21999979019165,7.489999771118164,7.110000133514404,7.195000171661377,5.990760803222656,309560
2010-02-19,7.090000152587891,7.269999980926514,6.800000190734863,6.875,5.724319934844971,108750
2010-02-22,7.014999866485596,7.099999904632568,6.650000095367432,6.679999828338623,5.561956882476807,37670
2010-02-23,6.349999904632568,6.864999771118164,6.349999904632568,6.505000114440918,5.416247844696045,84980
2010-02-24,6.199999809265137,6.474999904632568,6.199999809265137,6.400000095367432,5.328821659088135,42920
2010-02-25,6.099999904632568,6.440000057220459,6.099999904632568,6.210000038146973,5.170621871948242,45820
2010-02-26,5.90500020980835,6.679999828338623,5.90500020980835,6.449999809265137,5.370452404022217,96040
2010-03-02,6.585000038146973,6.585000038146973,6.360000133514404,6.5,5.412084579467773,63830
2010-03-03,6.519999980926514,6.78000020980835,6.514999866485596,6.755000114440918,5.624403953552246,37950
2010-03-04,6.699999809265137,6.894999980926514,6.574999809265137,6.724999904632568,5.599425315856934,45670
2010-03-05,6.659999847412109,7.840000152587891,6.659999847412109,7.420000076293945,6.178101539611816,1725360
2010-03-08,7.460000038146973,7.5,7.224999904632568,7.275000095367432,6.057371139526367,100060
2010-03-09,7.670000076293945,7.675000190734863,7.019999980926514,7.190000057220459,5.986598491668701,95030
2010-03-10,7.199999809265137,7.360000133514404,7.034999847412109,7.195000171661377,5.990760803222656,69350
2010-03-11,6.710000038146973,7.179999828338623,6.710000038146973,7.0,5.828398704528809,59490
2010-03-12,6.945000171661377,7.494999885559082,6.900000095367432,7.045000076293945,5.8658671379089355,186500
2010-03-15,7.050000190734863,7.099999904632568,6.934999942779541,7.0,5.828398704528809,46790
2010-03-16,7.010000228881836,7.150000095367432,6.954999923706055,7.039999961853027,5.861703395843506,44240
2010-03-17,7.139999866485596,7.139999866485596,6.934999942779541,7.025000095367432,5.84921407699585,35340
2010-03-18,6.949999809265137,7.050000190734863,6.909999847412109,6.989999771118164,5.820071697235107,28550
2010-03-19,6.949999809265137,7.010000228881836,6.949999809265137,6.96999979019165,5.8034186363220215,34810
2010-03-22,6.849999904632568,7.0,6.635000228881836,6.960000038146973,5.795094013214111,24000
2010-03-23,6.860000133514404,7.050000190734863,6.809999942779541,6.869999885559082,5.720156669616699,14610
2010-03-25,6.800000190734863,6.940000057220459,6.699999809265137,6.78000020980835,5.64522123336792,37170
2010-03-26,6.744999885559082,6.940000057220459,6.715000152587891,6.760000228881836,5.628567695617676,42490
2010-03-29,6.949999809265137,6.994999885559082,6.679999828338623,6.784999847412109,5.649383068084717,39220
2010-03-30,6.804999828338623,6.889999866485596,6.599999904632568,6.824999809265137,5.682688236236572,36700
2010-03-31,6.664999961853027,6.789999961853027,6.625,6.65500020980835,5.541142463684082,16320
2010-04-01,6.840000152587891,6.900000095367432,6.755000114440918,6.855000019073486,5.707666873931885,42950
2010-04-05,7.090000152587891,7.400000095367432,6.769999980926514,7.050000190734863,5.870030879974365,166510
2010-04-06,7.0,7.300000190734863,7.0,7.159999847412109,5.961618423461914,118240
2010-04-07,7.199999809265137,7.400000095367432,7.199999809265137,7.224999904632568,6.015739917755127,80960
2010-04-08,7.199999809265137,7.375,7.114999771118164,7.235000133514404,6.02406644821167,121230
2010-04-09,7.210000038146973,7.300000190734863,7.199999809265137,7.28000020980835,6.061534404754639,46610
2010-04-12,7.199999809265137,7.485000133514404,7.199999809265137,7.349999904632568,6.119819164276123,190760
2010-04-13,7.304999828338623,7.400000095367432,7.179999828338623,7.284999847412109,6.065697193145752,76480
2010-04-15,7.300000190734863,7.34499979019165,7.150000095367432,7.199999809265137,5.994924068450928,50930
2010-04-16,7.25,7.25,7.085000038146973,7.195000171661377,5.990760803222656,49080
2010-04-19,7.050000190734863,7.349999904632568,6.960000038146973,7.144999980926514,5.949129581451416,164160
2010-04-20,7.25,7.400000095367432,7.15500020980835,7.224999904632568,6.015739917755127,165000
2010-04-21,7.150000095367432,7.300000190734863,7.150000095367432,7.230000019073486,6.019903182983398,84570
2010-04-22,7.215000152587891,7.300000190734863,7.15500020980835,7.199999809265137,5.994924068450928,96690
2010-04-23,7.139999866485596,7.28000020980835,7.139999866485596,7.164999961853027,5.965782642364502,39560
2010-04-26,7.215000152587891,7.34499979019165,7.179999828338623,7.239999771118164,6.028228759765625,16950
2010-04-27,7.289999961853027,7.534999847412109,7.114999771118164,7.465000152587891,6.21557092666626,150700
2010-04-28,7.190000057220459,7.385000228881836,7.150000095367432,7.179999828338623,5.978271484375,49730
2010-04-29,7.21999979019165,7.800000190734863,7.199999809265137,7.619999885559082,6.34462833404541,195340
2010-04-30,7.84499979019165,7.84499979019165,7.460000038146973,7.585000038146973,6.315485954284668,200160
2010-05-03,7.5,7.849999904632568,7.40500020980835,7.809999942779541,6.5028276443481445,208080
2010-05-04,7.25,7.849999904632568,7.25,7.614999771118164,6.340465068817139,92970
2010-05-05,7.349999904632568,8.244999885559082,7.25,7.635000228881836,6.357117176055908,986360
2010-05-06,7.659999847412109,7.675000190734863,7.355000019073486,7.400000095367432,6.161449909210205,88180
2010-05-07,7.210000038146973,7.440000057220459,7.099999904632568,7.159999847412109,5.961618423461914,64130
2010-05-10,7.199999809265137,7.400000095367432,7.199999809265137,7.34499979019165,6.115655422210693,44400
2010-05-11,7.235000133514404,7.505000114440918,7.199999809265137,7.235000133514404,6.02406644821167,71020
2010-05-12,7.579999923706055,7.579999923706055,7.184999942779541,7.195000171661377,5.990760803222656,28510
2010-05-13,7.400000095367432,7.46999979019165,7.224999904632568,7.28000020980835,6.061534404754639,20890
2010-05-14,7.389999866485596,7.5,7.199999809265137,7.260000228881836,6.044882297515869,64450
2010-05-17,7.054999828338623,7.264999866485596,7.050000190734863,7.110000133514404,5.91998815536499,20710
2010-05-18,7.25,7.489999771118164,7.125,7.150000095367432,5.953292369842529,17920
2010-05-19,7.099999904632568,7.199999809265137,6.849999904632568,6.90500020980835,5.749299049377441,24790
2010-05-20,6.824999809265137,7.099999904632568,6.710000038146973,6.769999980926514,5.636894226074219,19980
2010-05-21,6.949999809265137,7.050000190734863,6.605000019073486,6.840000152587891,5.695178508758545,23860
2010-05-24,7.005000114440918,7.494999885559082,6.929999828338623,6.989999771118164,5.820071697235107,108010
2010-05-25,7.0,7.130000114440918,6.769999980926514,6.84499979019165,5.6993408203125,118120
2010-05-26,7.0,7.085000038146973,6.860000133514404,6.940000057220459,5.778441905975342,33780
2010-05-27,6.920000076293945,7.079999923706055,6.835000038146973,6.940000057220459,5.778441905975342,18500
2010-05-28,7.175000190734863,7.175000190734863,6.90500020980835,6.980000019073486,5.811746120452881,32850
2010-05-31,6.769999980926514,7.050000190734863,6.769999980926514,6.835000038146973,5.691015243530273,64840
2010-06-01,6.704999923706055,6.840000152587891,6.505000114440918,6.570000171661377,5.470368385314941,91430
2010-06-02,6.949999809265137,6.949999809265137,6.559999942779541,6.585000038146973,5.482857704162598,25380
2010-06-03,6.75,6.940000057220459,6.699999809265137,6.735000133514404,5.607752323150635,48330
2010-06-04,6.75,6.795000076293945,6.664999961853027,6.704999923706055,5.582772731781006,28790
2010-06-07,6.550000190734863,6.644999980926514,6.550000190734863,6.574999809265137,5.4745306968688965,15320
2010-06-08,6.599999904632568,6.699999809265137,6.599999904632568,6.659999847412109,5.545304298400879,5540
2010-06-09,6.630000114440918,6.724999904632568,6.460000038146973,6.494999885559082,5.4079203605651855,16590
2010-06-10,6.650000095367432,6.75,6.519999980926514,6.559999942779541,5.46204137802124,17020
2010-06-11,6.699999809265137,6.75,6.644999980926514,6.65500020980835,5.541142463684082,37450
2010-06-14,6.650000095367432,6.735000133514404,6.579999923706055,6.599999904632568,5.495347499847412,82790
2010-06-15,6.599999904632568,6.699999809265137,6.570000171661377,6.670000076293945,5.553631782531738,36010
2010-06-16,6.699999809265137,6.775000095367432,6.625,6.659999847412109,5.545304298400879,51720
2010-06-17,6.610000133514404,6.664999961853027,6.360000133514404,6.434999942779541,5.357963562011719,166870
2010-06-18,6.519999980926514,6.525000095367432,6.25,6.284999847412109,5.233068943023682,25200
2010-06-21,6.440000057220459,6.480000019073486,6.340000152587891,6.445000171661377,5.366290092468262,55810
2010-06-22,6.349999904632568,6.550000190734863,6.349999904632568,6.454999923706055,5.3746161460876465,25420
2010-06-23,6.449999809265137,6.699999809265137,6.409999847412109,6.550000190734863,5.4537153244018555,44790
2010-06-24,6.96999979019165,6.96999979019165,6.454999923706055,6.534999847412109,5.441226005554199,27530
2010-06-25,6.550000190734863,6.579999923706055,6.460000038146973,6.5,5.412084579467773,15410
2010-06-28,6.5,6.53000020980835,6.414999961853027,6.5,5.412084579467773,9960
2010-06-29,6.5,6.579999923706055,6.454999923706055,6.545000076293945,5.449553489685059,8800
2010-06-30,6.400000095367432,6.599999904632568,6.400000095367432,6.5,5.412084579467773,13020
2010-07-01,6.429999828338623,6.449999809265137,6.320000171661377,6.349999904632568,5.287189483642578,57270
2010-07-02,6.25,6.545000076293945,6.25,6.449999809265137,5.370452404022217,23630
2010-07-05,7.199999809265137,7.199999809265137,6.460000038146973,6.590000152587891,5.487021446228027,9770
2010-07-06,6.739999771118164,6.775000095367432,6.465000152587891,6.489999771118164,5.403758525848389,40530
2010-07-07,6.690000057220459,6.690000057220459,6.539999961853027,6.545000076293945,5.449553489685059,11060
2010-07-08,6.550000190734863,7.090000152587891,6.550000190734863,6.855000019073486,5.707666873931885,113330
2010-07-09,7.0,7.739999771118164,7.0,7.230000019073486,6.019903182983398,2901810
2010-07-12,7.300000190734863,7.400000095367432,7.014999866485596,7.110000133514404,5.91998815536499,180180
2010-07-13,7.25,7.400000095367432,7.139999866485596,7.304999828338623,6.0823493003845215,152860
2010-07-14,7.385000228881836,7.385000228881836,6.860000133514404,6.909999847412109,5.753461837768555,227060
2010-07-15,6.949999809265137,7.034999847412109,6.84499979019165,6.875,5.724319934844971,85590
2010-07-16,7.050000190734863,7.050000190734863,6.820000171661377,6.96999979019165,5.8034186363220215,56210
2010-07-19,7.199999809265137,7.199999809265137,6.84499979019165,6.954999923706055,5.790929794311523,55730
2010-07-20,6.949999809265137,6.989999771118164,6.90500020980835,6.934999942779541,5.774277687072754,29080
2010-07-21,6.849999904632568,7.0,6.619999885559082,6.940000057220459,5.778441905975342,48990
2010-07-22,6.824999809265137,6.960000038146973,6.804999828338623,6.804999828338623,5.666036128997803,20630
2010-07-23,6.855000019073486,6.90500020980835,6.764999866485596,6.784999847412109,5.649383068084717,41680
2010-07-26,6.614999771118164,6.769999980926514,6.559999942779541,6.619999885559082,5.511999607086182,67220
2010-07-27,6.599999904632568,6.690000057220459,6.565000057220459,6.599999904632568,5.495347499847412,22250
2010-07-28,6.650000095367432,6.800000190734863,6.599999904632568,6.739999771118164,5.611915111541748,27800
2010-07-29,6.630000114440918,6.710000038146973,6.605000019073486,6.605000019073486,5.499510288238525,6810
2010-07-30,6.695000171661377,6.75,6.514999866485596,6.614999771118164,5.50783634185791,26210
2010-08-02,6.610000133514404,6.795000076293945,6.574999809265137,6.574999809265137,5.4745306968688965,43620
2010-08-03,6.789999961853027,6.800000190734863,6.460000038146973,6.5,5.412084579467773,113490
2010-08-04,6.599999904632568,6.900000095367432,6.59499979019165,6.695000171661377,5.574446678161621,89120
2010-08-05,6.894999980926514,6.894999980926514,6.769999980926514,6.849999904632568,5.703503608703613,50700
2010-08-06,6.800000190734863,7.045000076293945,6.800000190734863,6.914999961853027,5.757626056671143,32510
2010-08-09,6.949999809265137,7.099999904632568,6.855000019073486,7.0,5.828398704528809,61410
2010-08-10,7.0,7.099999904632568,7.0,7.010000228881836,5.836724758148193,60260
2010-08-11,7.099999904632568,7.105000019073486,6.894999980926514,6.954999923706055,5.790929794311523,52220
2010-08-12,7.059999942779541,7.264999866485596,7.025000095367432,7.050000190734863,5.870030879974365,377110
2010-08-13,7.099999904632568,7.150000095367432,6.755000114440918,6.820000171661377,5.678525924682617,155420
2010-08-16,6.940000057220459,7.0,6.699999809265137,6.885000228881836,5.732646942138672,43660
2010-08-17,6.699999809265137,7.0,6.699999809265137,6.869999885559082,5.720156669616699,71010
2010-08-18,6.949999809265137,6.949999809265137,6.864999771118164,6.914999961853027,5.757626056671143,27840
2010-08-19,6.914999961853027,7.099999904632568,6.909999847412109,7.019999980926514,5.84505033493042,112910
2010-08-20,7.070000171661377,7.070000171661377,6.949999809265137,7.005000114440918,5.832562446594238,65220
2010-08-23,7.079999923706055,7.28000020980835,7.03000020980835,7.179999828338623,5.978271484375,166170
2010-08-24,7.244999885559082,7.244999885559082,7.125,7.224999904632568,6.015739917755127,22040
2010-08-25,7.570000171661377,7.570000171661377,7.110000133514404,7.114999771118164,5.924150466918945,57790
2010-08-26,7.059999942779541,7.199999809265137,7.019999980926514,7.045000076293945,5.8658671379089355,211260
2010-08-27,7.065000057220459,7.244999885559082,7.065000057220459,7.114999771118164,5.924150466918945,45150
2010-08-30,7.199999809265137,7.25,7.099999904632568,7.175000190734863,5.974108695983887,69590
2010-08-31,7.090000152587891,7.139999866485596,7.014999866485596,7.074999809265137,5.89084529876709,82760
2010-09-01,7.570000171661377,7.900000095367432,7.224999904632568,7.275000095367432,6.057371139526367,1027680
2010-09-02,7.329999923706055,7.480000019073486,7.275000095367432,7.300000190734863,6.078186988830566,82210
2010-09-03,7.210000038146973,7.375,7.210000038146973,7.324999809265137,6.099002361297607,51910
2010-09-06,7.400000095367432,7.474999904632568,7.349999904632568,7.380000114440918,6.144798278808594,147460
2010-09-07,7.315000057220459,7.409999847412109,7.315000057220459,7.380000114440918,6.144798278808594,88360
2010-09-08,7.239999771118164,7.625,7.239999771118164,7.465000152587891,6.344524383544922,106790
2010-09-09,7.5,7.639999866485596,7.449999809265137,7.494999885559082,6.370020389556885,65500
2010-09-13,7.534999847412109,7.585000038146973,7.429999828338623,7.449999809265137,6.331775665283203,75780
2010-09-14,7.425000190734863,7.425000190734863,7.349999904632568,7.375,6.268033504486084,29320
2010-09-15,7.144999980926514,7.400000095367432,7.144999980926514,7.244999885559082,6.15754508972168,62130
2010-09-16,7.199999809265137,7.340000152587891,7.050000190734863,7.190000057220459,6.110800266265869,38220
2010-09-17,7.199999809265137,7.340000152587891,7.159999847412109,7.239999771118164,6.15329647064209,17800
2010-09-20,7.349999904632568,7.5,7.300000190734863,7.454999923706055,6.336025714874268,69140
2010-09-21,7.869999885559082,8.005000114440918,7.525000095367432,7.610000133514404,6.4677605628967285,564310
2010-09-22,7.565000057220459,7.605000019073486,7.480000019073486,7.534999847412109,6.404018402099609,45210
2010-09-23,7.300000190734863,7.625,7.139999866485596,7.40500020980835,6.2935309410095215,128870
2010-09-24,7.480000019073486,7.574999809265137,7.360000133514404,7.420000076293945,6.306278228759766,116700
2010-09-27,7.599999904632568,7.599999904632568,7.275000095367432,7.340000152587891,6.238286972045898,52380
2010-09-28,7.440000057220459,7.489999771118164,7.300000190734863,7.335000038146973,6.234037399291992,47450
2010-09-29,7.260000228881836,7.550000190734863,7.260000228881836,7.434999942779541,6.319027423858643,69630
2010-09-30,7.409999847412109,7.679999828338623,7.364999771118164,7.570000171661377,6.433764457702637,140920
2010-10-01,7.800000190734863,8.4399995803833,7.614999771118164,7.764999866485596,6.599494934082031,966840
2010-10-04,7.699999809265137,7.934999942779541,7.699999809265137,7.804999828338623,6.633491039276123,90940
2010-10-05,7.704999923706055,7.804999828338623,7.65500020980835,7.75,6.5867462158203125,99030
2010-10-06,7.610000133514404,7.900000095367432,7.610000133514404,7.885000228881836,6.701484203338623,145650
2010-10-07,8.050000190734863,8.244999885559082,7.949999809265137,7.994999885559082,6.794972896575928,222290
2010-10-08,8.199999809265137,8.800000190734863,8.199999809265137,8.460000038146973,7.190178394317627,1136260
2010-10-11,8.550000190734863,8.579999923706055,8.319999694824219,8.395000457763672,7.134933948516846,270720
2010-10-12,8.479999542236328,8.5,8.305000305175781,8.390000343322754,7.130684852600098,179330
2010-10-13,8.5600004196167,8.585000038146973,8.399999618530273,8.515000343322754,7.2369232177734375,172410
2010-10-14,8.645000457763672,8.645000457763672,8.4350004196167,8.484999656677246,7.211424827575684,104520
2010-10-15,8.529999732971191,8.579999923706055,8.4350004196167,8.470000267028809,7.1986775398254395,137870
2010-10-18,8.524999618530273,8.800000190734863,8.524999618530273,8.649999618530273,7.351659297943115,175290
2010-10-19,8.800000190734863,8.9399995803833,8.640000343322754,8.819999694824219,7.496142387390137,188000
2010-10-20,8.699999809265137,8.800000190734863,8.630000114440918,8.664999961853027,7.364408016204834,41840
2010-10-21,8.649999618530273,9.25,8.649999618530273,8.75,7.436648845672607,1245510
2010-10-22,8.75,9.9399995803833,8.619999885559082,9.444999694824219,8.02733039855957,2281660
2010-10-25,9.555000305175781,9.800000190734863,9.404999732971191,9.555000305175781,8.120821952819824,396180
2010-10-26,9.399999618530273,9.5,8.949999809265137,9.029999732971191,7.67462158203125,230710
2010-10-27,8.899999618530273,9.1899995803833,8.899999618530273,9.095000267028809,7.7298665046691895,125390
2010-10-28,8.8149995803833,9.1899995803833,8.699999809265137,8.904999732971191,7.568384170532227,192740
2010-10-29,9.449999809265137,9.449999809265137,8.699999809265137,8.734999656677246,7.423900604248047,56490
2010-11-01,8.805000305175781,9.0,8.805000305175781,8.829999923706055,7.504642486572266,64080
2010-11-02,8.899999618530273,8.899999618530273,8.729999542236328,8.770000457763672,7.453647136688232,32120
2010-11-03,9.489999771118164,9.489999771118164,8.765000343322754,8.84000015258789,7.5131402015686035,60690
2010-11-04,8.8100004196167,9.194999694824219,8.8100004196167,8.84000015258789,7.5131402015686035,45690
2010-11-08,9.0600004196167,9.100000381469727,8.895000457763672,9.03499984741211,7.678872108459473,118910
2010-11-09,9.0,10.395000457763672,8.954999923706055,9.555000305175781,8.120821952819824,1822280
2010-11-10,9.699999809265137,9.899999618530273,9.3100004196167,9.8149995803833,8.341796875,375820
2010-11-11,9.899999618530273,9.899999618530273,9.354999542236328,9.489999771118164,8.06557846069336,139540
2010-11-12,9.800000190734863,10.494999885559082,9.600000381469727,9.645000457763672,8.197314262390137,889200
2010-11-15,9.9399995803833,9.9399995803833,9.350000381469727,9.520000457763672,8.091073989868164,113520
2010-11-16,9.890000343322754,9.890000343322754,8.954999923706055,9.015000343322754,7.661875247955322,253920
2010-11-18,9.5,9.6899995803833,8.90999984741211,9.475000381469727,8.052828788757324,332350
2010-11-19,9.5,9.5,9.199999809265137,9.234999656677246,7.848851680755615,122300
2010-11-22,9.100000381469727,9.295000076293945,9.0,9.03499984741211,7.678872108459473,48190
2010-11-23,9.0,9.0,8.649999618530273,8.699999809265137,7.394153594970703,111880
2010-11-24,8.9350004196167,8.9350004196167,8.654999732971191,8.729999542236328,7.419650077819824,40300
2010-11-25,8.779999732971191,8.90999984741211,8.619999885559082,8.720000267028809,7.411152362823486,56910
2010-11-26,8.625,8.800000190734863,8.255000114440918,8.449999809265137,7.181678295135498,132040
2010-11-29,8.234999656677246,8.59000015258789,8.234999656677246,8.475000381469727,7.2029266357421875,53540
2010-11-30,8.399999618530273,8.59000015258789,8.329999923706055,8.510000228881836,7.232672691345215,26030
2010-12-01,8.744999885559082,8.875,8.640000343322754,8.774999618530273,7.457896709442139,34170
2010-12-02,8.600000381469727,9.25,8.600000381469727,8.829999923706055,7.504642486572266,109060
2010-12-03,8.520000457763672,8.899999618530273,8.520000457763672,8.59000015258789,7.30066442489624,19310
2010-12-06,8.399999618530273,8.699999809265137,8.399999618530273,8.5,7.224173545837402,22590
2010-12-07,8.430000305175781,8.430000305175781,8.3149995803833,8.350000381469727,7.0966877937316895,6590
2010-12-08,8.210000038146973,8.475000381469727,8.199999809265137,8.300000190734863,7.05419397354126,14100
2010-12-09,8.350000381469727,8.350000381469727,7.809999942779541,7.989999771118164,6.790722846984863,39860
2010-12-10,7.199999809265137,7.980000019073486,7.199999809265137,7.71999979019165,6.561249256134033,67810
2010-12-13,7.800000190734863,8.699999809265137,7.690000057220459,8.510000228881836,7.232672691345215,53450
2010-12-14,8.494999885559082,8.600000381469727,8.199999809265137,8.510000228881836,7.232672691345215,41640
2010-12-15,8.505000114440918,8.774999618530273,8.380000114440918,8.470000267028809,7.1986775398254395,26900
2010-12-16,8.399999618530273,8.5,8.279999732971191,8.46500015258789,7.194427490234375,37450
2010-12-20,8.305000305175781,8.600000381469727,8.265000343322754,8.354999542236328,7.100937843322754,15660
2010-12-21,8.335000038146973,8.489999771118164,8.335000038146973,8.359999656677246,7.105186462402344,7360
2010-12-22,8.420000076293945,8.585000038146973,8.375,8.579999923706055,7.292165279388428,14090
2010-12-23,8.425000190734863,8.729999542236328,8.425000190734863,8.619999885559082,7.326162815093994,59510
2010-12-24,8.5,8.680000305175781,8.40999984741211,8.579999923706055,7.292165279388428,7050
2010-12-27,8.390000343322754,8.699999809265137,8.390000343322754,8.539999961853027,7.258169174194336,14200
2010-12-28,8.404999732971191,8.619999885559082,8.404999732971191,8.574999809265137,7.28791618347168,9080
2010-12-29,8.550000190734863,8.720000267028809,8.550000190734863,8.640000343322754,7.3431596755981445,81440
2010-12-30,8.579999923706055,8.71500015258789,8.579999923706055,8.699999809265137,7.394153594970703,8840
2010-12-31,8.654999732971191,8.885000228881836,8.654999732971191,8.755000114440918,7.440899848937988,21080
2011-01-03,8.829999923706055,9.225000381469727,8.829999923706055,9.024999618530273,7.6703715324401855,44280
2011-01-04,9.149999618530273,9.149999618530273,8.829999923706055,8.845000267028809,7.517390727996826,60180
2011-01-05,9.100000381469727,9.180000305175781,8.720000267028809,8.725000381469727,7.415401935577393,21850
2011-01-06,8.720000267028809,8.720000267028809,8.555000305175781,8.630000114440918,7.334660530090332,2960
2011-01-07,8.6899995803833,8.6899995803833,8.3100004196167,8.40999984741211,7.147683143615723,99180
2011-01-10,8.375,8.390000343322754,8.104999542236328,8.164999961853027,6.939456462860107,64860
2011-01-11,8.15999984741211,8.170000076293945,8.010000228881836,8.140000343322754,6.918209075927734,16640
2011-01-12,8.164999961853027,8.5649995803833,8.050000190734863,8.300000190734863,7.05419397354126,9590
2011-01-13,8.204999923706055,8.489999771118164,8.109999656677246,8.109999656677246,6.8927106857299805,7560
2011-01-14,8.039999961853027,8.3100004196167,8.029999732971191,8.09000015258789,6.875712871551514,65270
2011-01-17,8.270000457763672,8.270000457763672,7.65500020980835,7.90500020980835,6.718482494354248,9330
2011-01-18,7.809999942779541,7.889999866485596,7.75,7.855000019073486,6.675986289978027,19340
2011-01-19,7.775000095367432,8.055000305175781,7.769999980926514,7.860000133514404,6.680235862731934,1540
2011-01-20,7.864999771118164,8.100000381469727,7.860000133514404,7.980000019073486,6.782224178314209,71820
2011-01-21,7.900000095367432,8.175000190734863,7.900000095367432,8.15999984741211,6.935207366943359,1520
2011-01-24,7.914999961853027,8.050000190734863,7.914999961853027,8.050000190734863,6.841717720031738,1140
2011-01-25,8.149999618530273,8.149999618530273,7.980000019073486,7.985000133514404,6.786474704742432,8370
2011-01-27,8.104999542236328,8.104999542236328,7.909999847412109,8.050000190734863,6.841717720031738,51900
2011-01-28,8.0,8.0,7.559999942779541,7.559999942779541,6.425264835357666,8850
2011-01-31,7.559999942779541,7.795000076293945,7.46999979019165,7.699999809265137,6.544251441955566,22660
2011-02-01,7.574999809265137,7.610000133514404,7.574999809265137,7.610000133514404,6.4677605628967285,600
2011-02-02,7.369999885559082,7.849999904632568,7.369999885559082,7.724999904632568,6.5654988288879395,95280
2011-02-03,7.510000228881836,7.900000095367432,7.510000228881836,7.800000190734863,6.629241943359375,63220
2011-02-04,7.889999866485596,7.894999980926514,7.699999809265137,7.764999866485596,6.599494934082031,20850
2011-02-07,7.610000133514404,7.755000114440918,7.610000133514404,7.644999980926514,6.497507095336914,12630
2011-02-08,7.894999980926514,7.894999980926514,7.599999904632568,7.78000020980835,6.612244606018066,5560
2011-02-09,7.25,7.5,6.920000076293945,6.925000190734863,5.885577201843262,37990
2011-02-10,6.610000133514404,6.900000095367432,6.599999904632568,6.704999923706055,5.698598384857178,19250
2011-02-11,6.704999923706055,7.0,6.599999904632568,7.0,5.949319839477539,9160
2011-02-14,7.0,7.940000057220459,6.735000133514404,7.320000171661377,6.221288681030273,26260
2011-02-15,7.010000228881836,7.494999885559082,7.010000228881836,7.204999923706055,6.1235504150390625,1790
2011-02-16,7.099999904632568,7.300000190734863,7.074999809265137,7.135000228881836,6.064056396484375,2500
2011-02-17,7.300000190734863,7.300000190734863,7.050000190734863,7.125,6.055558204650879,4380
2011-02-18,7.15500020980835,7.300000190734863,6.90500020980835,7.010000228881836,5.957818508148193,10670
2011-02-21,7.480000019073486,7.480000019073486,6.855000019073486,6.989999771118164,5.940820693969727,21520
2011-02-22,6.71999979019165,7.074999809265137,6.71999979019165,6.71999979019165,5.711346626281738,7890
2011-02-23,6.5,6.574999809265137,6.239999771118164,6.300000190734863,5.3543877601623535,59090
2011-02-24,6.065000057220459,6.239999771118164,5.985000133514404,5.994999885559082,5.095167636871338,9000
2011-02-25,5.699999809265137,6.199999809265137,5.659999847412109,5.815000057220459,4.942184925079346,65600
2011-02-28,6.09499979019165,6.329999923706055,5.699999809265137,5.96999979019165,5.073919296264648,18010
2011-03-01,6.0,6.050000190734863,5.900000095367432,6.045000076293945,5.137662887573242,25070
2011-03-03,6.195000171661377,6.195000171661377,6.005000114440918,6.09499979019165,5.180157661437988,3350
2011-03-04,6.300000190734863,6.300000190734863,6.099999904632568,6.099999904632568,5.184406757354736,16670
2011-03-07,5.949999809265137,6.0,5.909999847412109,6.0,5.099416255950928,2400
2011-03-08,5.980000019073486,6.09499979019165,5.945000171661377,6.019999980926514,5.1164140701293945,13560
2011-03-09,5.849999904632568,6.489999771118164,5.849999904632568,6.085000038146973,5.171658039093018,64750
2011-03-10,6.34499979019165,6.34499979019165,6.03000020980835,6.034999847412109,5.129164218902588,22860
2011-03-11,5.860000133514404,6.059999942779541,5.860000133514404,6.0,5.099416255950928,4400
2011-03-14,5.909999847412109,6.25,5.804999828338623,5.900000095367432,5.014427185058594,4930
2011-03-15,5.849999904632568,5.985000133514404,5.695000171661377,5.695000171661377,4.840196132659912,3810
2011-03-16,5.585000038146973,5.934999942779541,5.585000038146973,5.775000095367432,4.908188819885254,14080
2011-03-17,5.880000114440918,5.880000114440918,5.659999847412109,5.699999809265137,4.844446659088135,8020
2011-03-18,5.599999904632568,5.875,5.599999904632568,5.875,4.993178367614746,680
2011-03-21,5.985000133514404,5.985000133514404,5.630000114440918,5.650000095367432,4.8019514083862305,83870
2011-03-22,5.699999809265137,5.894999980926514,5.684999942779541,5.760000228881836,4.895440578460693,65820
2011-03-23,5.800000190734863,5.800000190734863,5.659999847412109,5.670000076293945,4.818948745727539,45480
2011-03-24,5.619999885559082,5.789999961853027,5.619999885559082,5.690000057220459,4.835947036743164,24420
2011-03-25,5.675000190734863,5.800000190734863,5.675000190734863,5.71999979019165,4.86144495010376,64750
2011-03-28,5.800000190734863,5.849999904632568,5.704999923706055,5.739999771118164,4.878442287445068,49390
2011-03-29,5.800000190734863,5.855000019073486,5.664999961853027,5.684999942779541,4.831697463989258,33710
2011-03-30,5.849999904632568,6.0,5.824999809265137,5.929999828338623,5.039923667907715,5970
2011-03-31,6.289999961853027,6.289999961853027,5.800000190734863,5.920000076293945,5.0314249992370605,14550
2011-04-01,6.099999904632568,6.099999904632568,5.849999904632568,5.940000057220459,5.048421859741211,20860
2011-04-04,6.099999904632568,6.369999885559082,6.090000152587891,6.315000057220459,5.367136001586914,9110
2011-04-05,6.349999904632568,6.5,6.199999809265137,6.485000133514404,5.51162052154541,19840
2011-04-06,6.590000152587891,6.744999885559082,6.590000152587891,6.644999980926514,5.647603988647461,14080
2011-04-07,6.300000190734863,6.849999904632568,6.300000190734863,6.605000019073486,5.613607883453369,9000
2011-04-08,6.539999961853027,6.59499979019165,6.40500020980835,6.519999980926514,5.5413665771484375,12270
2011-04-11,6.400000095367432,6.400000095367432,6.300000190734863,6.394999980926514,5.435128688812256,2790
2011-04-13,6.394999980926514,6.394999980926514,6.394999980926514,6.394999980926514,5.435128688812256,0
2011-04-15,6.40500020980835,6.650000095367432,6.40500020980835,6.425000190734863,5.460625648498535,4000
2011-04-18,5.815000057220459,6.75,5.815000057220459,6.559999942779541,5.575362682342529,15240
2011-04-19,6.679999828338623,6.679999828338623,6.460000038146973,6.574999809265137,5.58811092376709,2930
2011-04-20,6.574999809265137,6.574999809265137,6.574999809265137,6.574999809265137,5.58811092376709,0
2011-04-21,6.885000228881836,6.885000228881836,6.480000019073486,6.485000133514404,5.51162052154541,2910
2011-04-25,6.485000133514404,6.485000133514404,6.485000133514404,6.485000133514404,5.51162052154541,0
2011-04-26,6.409999847412109,6.5,6.329999923706055,6.5,5.524367332458496,34880
2011-04-27,6.40500020980835,6.5,6.309999942779541,6.335000038146973,5.384133338928223,16010
2011-04-28,6.480000019073486,6.5,6.320000171661377,6.46999979019165,5.498870372772217,4050
2011-04-29,6.309999942779541,6.400000095367432,6.260000228881836,6.289999961853027,5.345889091491699,4190
2011-05-02,6.230000019073486,6.5,6.230000019073486,6.5,5.524367332458496,5510
2011-05-03,6.28000020980835,6.28000020980835,6.105000019073486,6.179999828338623,5.252399444580078,15480
2011-05-04,6.110000133514404,6.199999809265137,5.929999828338623,6.0,5.099416255950928,10830
2011-05-05,6.019999980926514,6.190000057220459,6.0,6.0,5.099416255950928,5400
2011-05-06,6.090000152587891,6.284999847412109,5.820000171661377,5.989999771118164,5.090917587280273,7730
2011-05-09,5.954999923706055,6.150000095367432,5.954999923706055,6.099999904632568,5.184406757354736,1050
2011-05-10,6.139999866485596,6.179999828338623,6.099999904632568,6.179999828338623,5.252399444580078,6070
2011-05-11,6.190000057220459,6.190000057220459,5.954999923706055,6.005000114440918,5.103667259216309,2350
2011-05-12,6.144999980926514,6.144999980926514,5.96999979019165,5.980000019073486,5.082417964935303,6000
2011-05-13,6.019999980926514,6.019999980926514,5.994999885559082,5.994999885559082,5.095167636871338,2010
2011-05-16,5.949999809265137,6.135000228881836,5.949999809265137,6.0,5.099416255950928,2580
2011-05-17,6.005000114440918,6.139999866485596,5.954999923706055,6.014999866485596,5.1121649742126465,7690
2011-05-18,5.949999809265137,6.099999904632568,5.855000019073486,5.929999828338623,5.039923667907715,2430
2011-05-19,5.949999809265137,5.980000019073486,5.900000095367432,5.900000095367432,5.014427185058594,11910
2011-05-20,6.139999866485596,6.139999866485596,6.050000190734863,6.054999828338623,5.1461615562438965,1610
2011-05-23,6.130000114440918,6.130000114440918,5.949999809265137,6.014999866485596,5.1121649742126465,27530
2011-05-24,5.949999809265137,6.050000190734863,5.909999847412109,5.920000076293945,5.0314249992370605,2780
2011-05-25,5.75,6.050000190734863,5.704999923706055,5.775000095367432,4.908188819885254,7890
2011-05-26,5.945000171661377,6.0,5.864999771118164,5.960000038146973,5.065420150756836,12800
2011-05-27,5.735000133514404,5.84499979019165,5.735000133514404,5.789999961853027,4.920936584472656,11180
2011-05-30,5.789999961853027,5.789999961853027,5.789999961853027,5.789999961853027,4.920936584472656,0
2011-05-31,6.46999979019165,6.920000076293945,6.335000038146973,6.40500020980835,5.44362735748291,193780
2011-06-01,6.699999809265137,7.590000152587891,6.420000076293945,7.440000057220459,6.323276042938232,333130
2011-06-02,7.445000171661377,7.550000190734863,7.309999942779541,7.429999828338623,6.314777851104736,105690
2011-06-03,7.449999809265137,7.5,7.375,7.449999809265137,6.331775665283203,67460
2011-06-06,7.599999904632568,7.599999904632568,7.425000190734863,7.5,6.374270915985107,22640
2011-06-07,7.204999923706055,7.550000190734863,7.204999923706055,7.494999885559082,6.370020389556885,34850
2011-06-08,7.275000095367432,7.599999904632568,7.275000095367432,7.440000057220459,6.323276042938232,37260
2011-06-09,7.235000133514404,7.539999961853027,7.235000133514404,7.474999904632568,6.353023052215576,24330
2011-06-10,7.585000038146973,7.585000038146973,7.369999885559082,7.449999809265137,6.331775665283203,12600
2011-06-13,7.320000171661377,7.449999809265137,7.320000171661377,7.400000095367432,6.289280414581299,12190
2011-06-14,7.449999809265137,7.514999866485596,7.425000190734863,7.5,6.374270915985107,34520
2011-06-15,7.409999847412109,7.5,7.400000095367432,7.449999809265137,6.331775665283203,12640
2011-06-16,7.400000095367432,7.400000095367432,7.264999866485596,7.309999942779541,6.212789535522461,9900
2011-06-17,7.474999904632568,7.474999904632568,7.474999904632568,7.474999904632568,6.353023052215576,10
2011-06-20,7.15500020980835,7.400000095367432,7.15500020980835,7.369999885559082,6.263782978057861,8000
2011-06-21,7.534999847412109,7.534999847412109,7.309999942779541,7.315000057220459,6.217039108276367,210
2011-06-22,7.15500020980835,7.309999942779541,7.15500020980835,7.309999942779541,6.212789535522461,3000
2011-06-23,7.054999828338623,7.304999828338623,7.054999828338623,7.300000190734863,6.20428991317749,16220
2011-06-24,7.199999809265137,7.289999961853027,7.150000095367432,7.215000152587891,6.132049560546875,4740
2011-06-27,7.400000095367432,7.539999961853027,7.324999809265137,7.364999771118164,6.2595343589782715,41010
2011-06-28,7.0,7.699999809265137,7.0,7.324999809265137,6.22553825378418,5240
2011-06-29,7.0,7.300000190734863,7.0,7.300000190734863,6.20428991317749,110
2011-06-30,7.0,7.400000095367432,7.0,7.400000095367432,6.289280414581299,16880
2011-07-01,7.039999961853027,7.300000190734863,7.039999961853027,7.300000190734863,6.20428991317749,1020
2011-07-04,7.204999923706055,7.204999923706055,7.204999923706055,7.204999923706055,6.1235504150390625,120
2011-07-05,7.199999809265137,7.474999904632568,7.199999809265137,7.474999904632568,6.353023052215576,2090
2011-07-06,7.15500020980835,7.15500020980835,7.15500020980835,7.15500020980835,6.0810546875,2000
2011-07-07,7.300000190734863,7.300000190734863,7.300000190734863,7.300000190734863,6.20428991317749,190
2011-07-08,7.300000190734863,7.300000190734863,7.300000190734863,7.300000190734863,6.20428991317749,0
2011-07-11,7.199999809265137,7.300000190734863,7.199999809265137,7.300000190734863,6.20428991317749,40
2011-07-12,7.300000190734863,7.300000190734863,7.300000190734863,7.300000190734863,6.20428991317749,0
2011-07-13,7.300000190734863,7.300000190734863,7.300000190734863,7.300000190734863,6.20428991317749,0
2011-07-14,6.945000171661377,7.050000190734863,6.945000171661377,7.050000190734863,5.991815090179443,1100
2011-07-15,7.394999980926514,7.394999980926514,7.394999980926514,7.394999980926514,6.285031795501709,50
2011-07-18,7.300000190734863,7.300000190734863,7.025000095367432,7.03000020980835,5.974816799163818,7480
2011-07-19,7.275000095367432,7.275000095367432,7.175000190734863,7.175000190734863,6.098052501678467,110
2011-07-20,7.175000190734863,7.175000190734863,7.175000190734863,7.175000190734863,6.098052501678467,0
2011-07-21,6.965000152587891,6.965000152587891,6.965000152587891,6.965000152587891,5.9195733070373535,500
2011-07-22,6.71999979019165,7.0,6.71999979019165,7.0,5.949319839477539,3150
2011-07-25,7.099999904632568,7.199999809265137,7.099999904632568,7.199999809265137,6.119298934936523,1560
2011-07-26,7.125,7.125,6.954999923706055,7.050000190734863,5.991815090179443,4700
2011-07-27,7.050000190734863,7.050000190734863,7.050000190734863,7.050000190734863,5.991815090179443,0
2011-07-28,6.90500020980835,6.90500020980835,6.900000095367432,6.900000095367432,5.864329814910889,4100
2011-07-29,6.900000095367432,6.900000095367432,6.900000095367432,6.900000095367432,5.864329814910889,3560
2011-08-01,7.0,7.0,7.0,7.0,5.949319839477539,1250
2011-08-02,6.704999923706055,6.704999923706055,6.704999923706055,6.704999923706055,5.698598384857178,2000
2011-08-03,6.704999923706055,6.704999923706055,6.605000019073486,6.605000019073486,5.613607883453369,1150
2011-08-04,6.360000133514404,6.900000095367432,6.360000133514404,6.889999866485596,5.855830192565918,4220
2011-08-05,6.599999904632568,6.599999904632568,6.545000076293945,6.545000076293945,5.562613487243652,2340
2011-08-08,6.21999979019165,6.300000190734863,6.21999979019165,6.25,5.311892509460449,3640
2011-08-09,6.25,6.28000020980835,6.099999904632568,6.199999809265137,5.269396781921387,3680
2011-08-10,6.199999809265137,6.300000190734863,6.050000190734863,6.300000190734863,5.3543877601623535,3900
2011-08-11,5.985000133514404,6.494999885559082,5.985000133514404,6.494999885559082,5.5201191902160645,1500
2011-08-12,6.199999809265137,6.199999809265137,6.199999809265137,6.199999809265137,5.269396781921387,3210
2011-08-16,6.199999809265137,6.199999809265137,6.199999809265137,6.199999809265137,5.269396781921387,0
2011-08-17,6.199999809265137,6.199999809265137,6.199999809265137,6.199999809265137,5.269396781921387,4540
2011-08-18,6.195000171661377,6.375,6.005000114440918,6.065000057220459,5.154661655426025,800
2011-08-19,6.0,6.099999904632568,5.800000190734863,6.099999904632568,5.184406757354736,510
2011-08-22,6.385000228881836,6.385000228881836,5.960000038146973,5.960000038146973,5.065420150756836,900
2011-08-23,6.099999904632568,6.199999809265137,6.010000228881836,6.010000228881836,5.107915878295898,1640
2011-08-24,6.025000095367432,6.315000057220459,6.025000095367432,6.235000133514404,5.299144744873047,7480
2011-08-25,5.980000019073486,6.489999771118164,5.980000019073486,6.489999771118164,5.515868186950684,10020
2011-08-26,6.489999771118164,6.489999771118164,6.489999771118164,6.489999771118164,5.515868186950684,0
2011-08-29,6.164999961853027,6.385000228881836,6.164999961853027,6.300000190734863,5.3543877601623535,6220
2011-08-30,6.0,6.105000019073486,6.0,6.054999828338623,5.314888000488281,2110
2011-09-02,6.054999828338623,6.360000133514404,6.054999828338623,6.355000019073486,5.578218936920166,90
2011-09-05,6.5,6.5,6.445000171661377,6.445000171661377,5.657217979431152,20
2011-09-06,6.445000171661377,6.445000171661377,6.445000171661377,6.445000171661377,5.657217979431152,0
2011-09-07,6.199999809265137,6.235000133514404,6.199999809265137,6.235000133514404,5.472886562347412,6400
2011-09-08,6.210000038146973,6.300000190734863,6.199999809265137,6.300000190734863,5.529941558837891,11310
2011-09-09,6.150000095367432,6.304999828338623,6.150000095367432,6.304999828338623,5.534329891204834,1100
2011-09-12,5.934999942779541,6.0,5.925000190734863,5.989999771118164,5.257833480834961,1410
2011-09-13,5.820000171661377,6.375,5.820000171661377,5.909999847412109,5.1876115798950195,6720
2011-09-14,6.25,6.25,5.914999961853027,6.085000038146973,5.341220855712891,530
2011-09-15,6.65500020980835,6.65500020980835,5.75,6.005000114440918,5.270999431610107,5390
2011-09-16,5.920000076293945,5.920000076293945,5.920000076293945,5.920000076293945,5.196389675140381,1300
2011-09-19,6.199999809265137,6.199999809265137,6.0,6.014999866485596,5.279776096343994,1090
2011-09-20,6.0,6.005000114440918,5.90500020980835,6.0,5.266610622406006,6300
2011-09-21,6.25,6.25,6.25,6.25,5.486052513122559,100
2011-09-22,6.25,6.25,6.25,6.25,5.486052513122559,0
2011-09-23,5.800000190734863,5.800000190734863,5.800000190734863,5.800000190734863,5.091056823730469,100
2011-09-26,5.800000190734863,6.0,5.554999828338623,5.630000114440918,4.941835880279541,2780
2011-09-27,5.800000190734863,5.800000190734863,5.704999923706055,5.730000019073486,5.029613494873047,4050
2011-09-28,5.744999885559082,5.75,5.744999885559082,5.744999885559082,5.042779445648193,2000
2011-09-29,6.0,6.0,5.769999980926514,5.769999980926514,5.064723968505859,600
2011-09-30,5.610000133514404,5.715000152587891,5.610000133514404,5.610000133514404,4.924281597137451,11200
2011-10-03,6.170000076293945,6.175000190734863,6.019999980926514,6.175000190734863,5.420220851898193,15760
2011-10-04,6.150000095367432,6.59499979019165,6.150000095367432,6.389999866485596,5.608941078186035,17060
2011-10-05,6.485000133514404,6.485000133514404,6.0,6.010000228881836,5.275388717651367,85620
2011-10-07,6.099999904632568,6.199999809265137,5.985000133514404,6.0,5.266610622406006,400
2011-10-10,6.099999904632568,6.25,6.0,6.195000171661377,5.4377760887146,1160
2011-10-11,6.170000076293945,6.170000076293945,6.0,6.0,5.266610622406006,610
2011-10-12,6.005000114440918,6.099999904632568,5.949999809265137,6.099999904632568,5.354387283325195,2500
2011-10-13,6.099999904632568,6.099999904632568,5.949999809265137,5.949999809265137,5.222722053527832,1580
2011-10-14,6.099999904632568,6.159999847412109,5.929999828338623,6.159999847412109,5.407052993774414,6090
2011-10-17,6.099999904632568,6.099999904632568,5.75,6.0,5.266610622406006,4060
2011-10-18,5.929999828338623,6.0,5.925000190734863,5.989999771118164,5.257833480834961,3090
2011-10-19,6.099999904632568,6.244999885559082,5.909999847412109,6.239999771118164,5.4772748947143555,1590
2011-10-20,6.0,6.0,5.96999979019165,5.96999979019165,5.2402777671813965,2100
2011-10-21,5.900000095367432,6.099999904632568,5.900000095367432,6.085000038146973,5.341220855712891,2440
2011-10-24,6.0,6.090000152587891,5.954999923706055,5.96999979019165,5.2402777671813965,2690
2011-10-25,6.0,6.0,6.0,6.0,5.266610622406006,1000
2011-10-28,6.0,6.239999771118164,6.0,6.005000114440918,5.270999431610107,6350
2011-10-31,6.099999904632568,6.110000133514404,5.90500020980835,6.110000133514404,5.363165378570557,2280
2011-11-01,6.0,6.300000190734863,5.929999828338623,6.105000019073486,5.358776092529297,3170
2011-11-02,6.010000228881836,6.010000228881836,6.0,6.0,5.266610622406006,1000
2011-11-03,6.099999904632568,6.099999904632568,6.0,6.0,5.266610622406006,2110
2011-11-04,6.050000190734863,6.295000076293945,5.949999809265137,5.96999979019165,5.2402777671813965,1910
2011-11-08,5.974999904632568,6.195000171661377,5.974999904632568,6.144999980926514,5.393886566162109,2270
2011-11-09,5.949999809265137,6.005000114440918,5.90500020980835,5.90500020980835,5.183222770690918,13120
2011-11-11,6.0,6.0,5.994999885559082,5.994999885559082,5.262222766876221,5120
2011-11-14,5.925000190734863,6.159999847412109,5.860000133514404,5.900000095367432,5.178833961486816,5460
2011-11-15,5.789999961853027,5.880000114440918,5.699999809265137,5.869999885559082,5.152502059936523,2100
2011-11-16,5.894999980926514,5.894999980926514,5.789999961853027,5.849999904632568,5.134945869445801,160
2011-11-17,5.650000095367432,5.650000095367432,5.420000076293945,5.5,4.8277268409729,14800
2011-11-18,5.309999942779541,5.525000095367432,5.309999942779541,5.525000095367432,4.849670886993408,1520
2011-11-21,5.5,5.5,5.300000190734863,5.445000171661377,4.779448986053467,3020
2011-11-22,5.460000038146973,5.5,5.269999980926514,5.304999828338623,4.656561851501465,19260
2011-11-23,5.59499979019165,5.59499979019165,5.235000133514404,5.239999771118164,4.599506855010986,7010
2011-11-24,5.224999904632568,5.380000114440918,5.224999904632568,5.224999904632568,4.586340427398682,2470
2011-11-25,5.684999942779541,5.684999942779541,5.179999828338623,5.255000114440918,4.612673759460449,40
2011-11-28,5.53000020980835,5.53000020980835,5.53000020980835,5.53000020980835,4.854059219360352,10
2011-11-29,5.5,6.5,5.400000095367432,5.550000190734863,4.871615409851074,12620
2011-11-30,5.599999904632568,5.789999961853027,5.53000020980835,5.599999904632568,4.91550350189209,2490
2011-12-01,5.5,5.789999961853027,5.5,5.789999961853027,5.082279682159424,2000
2011-12-02,5.789999961853027,5.789999961853027,5.5,5.574999809265137,4.893558979034424,350
2011-12-05,5.324999809265137,5.800000190734863,5.324999809265137,5.400000095367432,4.7399492263793945,1080
2011-12-07,5.400000095367432,5.400000095367432,5.400000095367432,5.400000095367432,4.7399492263793945,0
2011-12-08,5.599999904632568,5.599999904632568,5.5,5.519999980926514,4.845282077789307,5300
2011-12-09,5.5,5.599999904632568,5.300000190734863,5.304999828338623,4.656561851501465,7730
2011-12-12,5.099999904632568,5.5,5.099999904632568,5.5,4.8277268409729,2820
2011-12-13,5.25,5.25,5.150000095367432,5.150000095367432,4.520508289337158,5510
2011-12-14,5.150000095367432,5.150000095367432,5.150000095367432,5.150000095367432,4.520508289337158,0
2011-12-15,5.394999980926514,5.394999980926514,5.150000095367432,5.15500020980835,4.524896144866943,3020
2011-12-16,5.199999809265137,5.199999809265137,5.110000133514404,5.139999866485596,4.511728763580322,8980
2011-12-19,5.900000095367432,5.900000095367432,4.829999923706055,5.010000228881836,4.397619724273682,4220
2011-12-20,4.920000076293945,4.920000076293945,4.679999828338623,4.679999828338623,4.107956409454346,2000
2011-12-21,5.0,5.289999961853027,4.755000114440918,5.269999980926514,4.625839710235596,4030
2011-12-22,4.800000190734863,4.800000190734863,4.800000190734863,4.800000190734863,4.213288307189941,2010
2011-12-23,4.809999942779541,4.989999771118164,4.800000190734863,4.885000228881836,4.287899017333984,7020
2011-12-26,4.630000114440918,4.800000190734863,4.630000114440918,4.800000190734863,4.213288307189941,3860
2011-12-27,4.800000190734863,4.800000190734863,4.614999771118164,4.614999771118164,4.050900459289551,550
2011-12-28,4.614999771118164,4.614999771118164,4.614999771118164,4.614999771118164,4.050900459289551,0
2011-12-29,4.804999828338623,4.804999828338623,4.804999828338623,4.804999828338623,4.217677593231201,10
2011-12-30,4.599999904632568,5.25,4.599999904632568,5.125,4.498563289642334,210
2012-01-02,5.125,5.125,5.125,5.125,4.498563289642334,0
2012-01-03,5.125,5.125,5.125,5.125,4.498563289642334,0
2012-01-04,5.75,5.869999885559082,5.545000076293945,5.710000038146973,5.012057781219482,80770
2012-01-05,5.75,5.75,5.400000095367432,5.480000019073486,4.810171127319336,12270
2012-01-06,5.199999809265137,5.550000190734863,5.199999809265137,5.550000190734863,4.871615409851074,1320
2012-01-09,5.784999847412109,5.784999847412109,5.349999904632568,5.445000171661377,4.779448986053467,2380
2012-01-10,5.5,5.78000020980835,5.409999847412109,5.764999866485596,5.060335159301758,7340
2012-01-11,5.820000171661377,6.0,5.554999828338623,5.605000019073486,4.919891357421875,3180
2012-01-12,5.300000190734863,5.409999847412109,5.300000190734863,5.394999980926514,4.735560894012451,3000
2012-01-13,5.764999866485596,5.764999866485596,5.309999942779541,5.599999904632568,4.91550350189209,6010
2012-01-16,5.599999904632568,5.599999904632568,5.599999904632568,5.599999904632568,4.91550350189209,5000
2012-01-17,5.329999923706055,5.84499979019165,5.324999809265137,5.610000133514404,4.924281597137451,127100
2012-01-18,5.885000228881836,5.885000228881836,5.309999942779541,5.400000095367432,4.7399492263793945,30
2012-01-19,5.78000020980835,5.800000190734863,5.409999847412109,5.699999809265137,5.0032806396484375,1140
2012-01-20,5.78000020980835,5.78000020980835,5.599999904632568,5.605000019073486,4.919891357421875,5540
2012-01-23,5.699999809265137,5.699999809265137,5.699999809265137,5.699999809265137,5.0032806396484375,600
2012-01-24,6.699999809265137,6.699999809265137,5.210000038146973,5.994999885559082,5.262222766876221,3500
2012-01-25,6.0,6.0,5.715000152587891,5.715000152587891,5.016446590423584,20
2012-01-27,5.715000152587891,6.130000114440918,5.710000038146973,5.824999809265137,5.113001346588135,5930
2012-01-30,5.880000114440918,6.295000076293945,5.875,5.875,5.15688943862915,6790
2012-01-31,5.985000133514404,6.0,5.985000133514404,6.0,5.266610622406006,750
2012-02-01,5.764999866485596,6.170000076293945,5.760000228881836,6.164999961853027,5.411442279815674,3370
2012-02-02,5.925000190734863,5.925000190734863,5.824999809265137,5.914999961853027,5.192000865936279,5050
2012-02-03,5.875,6.0,5.875,6.0,5.266610622406006,25010
2012-02-06,5.824999809265137,5.994999885559082,5.820000171661377,5.994999885559082,5.262222766876221,1470
2012-02-07,5.824999809265137,5.980000019073486,5.704999923706055,5.800000190734863,5.091056823730469,1110
2012-02-08,6.099999904632568,6.099999904632568,5.659999847412109,5.954999923706055,5.227111339569092,60
2012-02-09,6.099999904632568,6.099999904632568,5.900000095367432,5.909999847412109,5.1876115798950195,6500
2012-02-10,6.0,6.0,5.815000057220459,5.815000057220459,5.104223251342773,16270
2012-02-13,5.71999979019165,5.824999809265137,5.715000152587891,5.824999809265137,5.113001346588135,1630
2012-02-14,5.829999923706055,5.829999923706055,5.800000190734863,5.820000171661377,5.108612537384033,4500
2012-02-15,5.889999866485596,6.0,5.605000019073486,5.690000057220459,4.994503021240234,22870
2012-02-16,5.800000190734863,5.900000095367432,5.644999980926514,5.644999980926514,4.955002307891846,3020
2012-02-17,5.625,6.389999866485596,5.625,5.900000095367432,5.178833961486816,6360
2012-02-21,5.75,6.0,5.71999979019165,5.949999809265137,5.222722053527832,4550
2012-02-22,5.849999904632568,6.389999866485596,5.659999847412109,5.840000152587891,5.1261677742004395,7950
2012-02-23,5.775000095367432,5.775000095367432,5.510000228881836,5.630000114440918,4.941835880279541,4370
2012-02-24,5.630000114440918,5.630000114440918,5.630000114440918,5.630000114440918,4.941835880279541,0
2012-02-27,5.599999904632568,6.179999828338623,5.440000057220459,5.485000133514404,4.8145599365234375,2490
2012-02-28,5.869999885559082,5.869999885559082,5.260000228881836,5.449999809265137,4.783838272094727,4830
2012-02-29,5.800000190734863,5.800000190734863,5.260000228881836,5.5,4.8277268409729,1620
2012-03-01,5.400000095367432,5.5,5.349999904632568,5.420000076293945,4.757504940032959,2830
2012-03-02,5.599999904632568,5.599999904632568,5.320000171661377,5.599999904632568,4.91550350189209,1310
2012-03-05,5.699999809265137,5.699999809265137,5.46999979019165,5.650000095367432,4.959392547607422,500
2012-03-06,5.420000076293945,5.420000076293945,5.420000076293945,5.420000076293945,4.757504940032959,0
2012-03-07,5.400000095367432,5.599999904632568,5.244999885559082,5.255000114440918,4.612673759460449,1690
2012-03-09,5.300000190734863,5.664999961853027,5.204999923706055,5.210000038146973,4.5731730461120605,3160
2012-03-12,5.199999809265137,5.739999771118164,5.0,5.414999961853027,4.753116607666016,4350
2012-03-13,5.300000190734863,5.5,5.105000019073486,5.199999809265137,4.564395427703857,7050
2012-03-14,5.199999809265137,5.494999885559082,5.199999809265137,5.224999904632568,4.586340427398682,2050
2012-03-15,5.114999771118164,5.449999809265137,5.114999771118164,5.440000057220459,4.775060176849365,14140
2012-03-16,5.269999980926514,5.375,5.269999980926514,5.375,4.718005657196045,3710
2012-03-19,5.099999904632568,5.300000190734863,5.010000228881836,5.295000076293945,4.6477837562561035,3800
2012-03-20,5.099999904632568,5.300000190734863,5.014999866485596,5.014999866485596,4.402008056640625,3590
2012-03-21,5.25,5.25,5.099999904632568,5.099999904632568,4.476619243621826,2010
2012-03-22,4.900000095367432,5.329999923706055,4.900000095367432,5.025000095367432,4.410787582397461,5850
2012-03-23,4.800000190734863,5.420000076293945,4.800000190734863,5.320000171661377,4.6697282791137695,1330
2012-03-26,5.099999904632568,5.199999809265137,5.099999904632568,5.195000171661377,4.560007095336914,11750
2012-03-27,5.25,5.329999923706055,5.25,5.300000190734863,4.6521735191345215,600
2012-03-28,5.0,5.239999771118164,4.829999923706055,5.045000076293945,4.428342342376709,4680
2012-03-29,4.800000190734863,5.199999809265137,4.800000190734863,5.170000076293945,4.5380635261535645,1170
2012-03-30,5.289999961853027,6.0,5.150000095367432,5.795000076293945,5.086668968200684,18320
2012-04-02,5.789999961853027,5.800000190734863,5.650000095367432,5.695000171661377,4.998891830444336,5420
2012-04-03,5.75,5.900000095367432,5.255000114440918,5.429999828338623,4.766282558441162,16270
2012-04-04,5.570000171661377,5.570000171661377,5.269999980926514,5.494999885559082,4.823337078094482,3170
2012-04-09,5.400000095367432,5.650000095367432,5.400000095367432,5.449999809265137,4.783838272094727,140
2012-04-10,5.210000038146973,5.59499979019165,5.204999923706055,5.440000057220459,4.775060176849365,1340
2012-04-11,5.440000057220459,5.769999980926514,5.400000095367432,5.420000076293945,4.757504940032959,3730
2012-04-12,5.260000228881836,5.449999809265137,5.210000038146973,5.21999979019165,4.581951141357422,1480
2012-04-13,5.400000095367432,5.429999828338623,5.349999904632568,5.400000095367432,4.7399492263793945,8360
2012-04-16,5.5,5.5,4.869999885559082,5.260000228881836,4.617061614990234,19020
2012-04-17,5.199999809265137,5.650000095367432,5.199999809265137,5.534999847412109,4.858448028564453,14470
2012-04-18,5.519999980926514,5.699999809265137,5.519999980926514,5.679999828338623,4.985724449157715,6730
2012-04-19,5.739999771118164,5.739999771118164,5.5,5.599999904632568,4.91550350189209,4880
2012-04-20,5.724999904632568,6.5,5.400000095367432,6.019999980926514,5.284165859222412,129840
2012-04-23,6.050000190734863,6.599999904632568,6.050000190734863,6.099999904632568,5.354387283325195,9310
2012-04-24,5.989999771118164,6.150000095367432,5.989999771118164,6.150000095367432,5.398275375366211,2000
2012-04-25,6.150000095367432,6.150000095367432,6.150000095367432,6.150000095367432,5.398275375366211,0
2012-04-26,5.800000190734863,5.800000190734863,5.800000190734863,5.800000190734863,5.091056823730469,210
2012-04-27,5.800000190734863,6.0,5.800000190734863,5.90500020980835,5.183222770690918,4760
2012-04-30,5.800000190734863,5.800000190734863,5.800000190734863,5.800000190734863,5.091056823730469,0
2012-05-02,5.684999942779541,5.989999771118164,5.684999942779541,5.989999771118164,5.257833480834961,3080
2012-05-03,5.710000038146973,5.710000038146973,5.5,5.650000095367432,4.959392547607422,2760
2012-05-04,5.5,6.175000190734863,5.5,5.699999809265137,5.0032806396484375,21040
2012-05-07,5.5,5.800000190734863,5.255000114440918,5.360000133514404,4.704838752746582,4060
2012-05-08,5.360000133514404,5.360000133514404,5.360000133514404,5.360000133514404,4.704838752746582,0
2012-05-09,5.409999847412109,5.409999847412109,5.409999847412109,5.409999847412109,4.748727321624756,250
2012-05-10,5.409999847412109,5.409999847412109,5.409999847412109,5.409999847412109,4.748727321624756,0
2012-05-11,5.409999847412109,5.409999847412109,5.409999847412109,5.409999847412109,4.748727321624756,0
2012-05-14,5.409999847412109,5.409999847412109,5.409999847412109,5.409999847412109,4.748727321624756,0
2012-05-15,5.010000228881836,5.489999771118164,5.005000114440918,5.489999771118164,4.818948268890381,6770
2012-05-16,5.25,5.25,5.25,5.25,4.6082844734191895,1680
2012-05-17,5.25,5.554999828338623,5.135000228881836,5.170000076293945,4.5380635261535645,9340
2012-05-18,5.385000228881836,5.385000228881836,5.385000228881836,5.385000228881836,4.726783275604248,100
2012-05-21,5.385000228881836,5.385000228881836,5.385000228881836,5.385000228881836,4.726783275604248,0
2012-05-22,5.554999828338623,5.554999828338623,5.554999828338623,5.554999828338623,4.876003742218018,250
2012-05-23,5.554999828338623,5.554999828338623,5.554999828338623,5.554999828338623,4.876003742218018,0
2012-05-24,5.25,5.25,5.050000190734863,5.179999828338623,4.546840667724609,3150
2012-05-25,5.119999885559082,5.695000171661377,5.119999885559082,5.15500020980835,4.524896144866943,210
2012-05-28,5.820000171661377,5.820000171661377,5.5,5.5,4.8277268409729,30
2012-05-29,5.744999885559082,6.400000095367432,5.630000114440918,5.735000133514404,5.034002304077148,88830
2012-05-30,5.914999961853027,6.019999980926514,5.900000095367432,5.965000152587891,5.235888481140137,5340
2012-05-31,6.054999828338623,6.054999828338623,5.760000228881836,5.760000228881836,5.055946350097656,1010
2012-06-01,5.760000228881836,5.760000228881836,5.440000057220459,5.449999809265137,4.783838272094727,2140
2012-06-04,5.204999923706055,5.760000228881836,5.119999885559082,5.400000095367432,4.7399492263793945,10350
2012-06-05,5.340000152587891,5.789999961853027,5.340000152587891,5.505000114440918,4.8321146965026855,3160
2012-06-06,5.300000190734863,5.949999809265137,5.300000190734863,5.715000152587891,5.016446590423584,6060
2012-06-07,5.715000152587891,5.715000152587891,5.715000152587891,5.715000152587891,5.016446590423584,1780
2012-06-08,5.179999828338623,6.550000190734863,5.179999828338623,5.800000190734863,5.091056823730469,60
2012-06-11,5.889999866485596,6.0,5.650000095367432,5.889999866485596,5.170055389404297,34770
2012-06-12,5.699999809265137,6.0,5.699999809265137,6.0,5.266610622406006,11940
2012-06-13,5.900000095367432,6.449999809265137,5.900000095367432,6.434999942779541,5.648440361022949,54710
2012-06-14,6.445000171661377,6.445000171661377,6.199999809265137,6.21999979019165,5.459719657897949,4060
2012-06-15,6.400000095367432,6.400000095367432,6.150000095367432,6.324999809265137,5.551884651184082,14800
2012-06-18,6.070000171661377,6.150000095367432,6.070000171661377,6.110000133514404,5.363165378570557,4440
2012-06-19,6.190000057220459,6.190000057220459,6.190000057220459,6.190000057220459,5.433387279510498,250
2012-06-20,6.199999809265137,6.550000190734863,6.190000057220459,6.425000190734863,5.639662742614746,25460
2012-06-21,6.21999979019165,6.389999866485596,6.130000114440918,6.389999866485596,5.608941078186035,2560
2012-06-22,6.349999904632568,6.385000228881836,6.215000152587891,6.289999961853027,5.521162986755371,4210
2012-06-25,6.400000095367432,6.5,6.005000114440918,6.195000171661377,5.4377760887146,12130
2012-06-26,6.199999809265137,6.199999809265137,6.125,6.125,5.376331329345703,3840
2012-06-27,6.099999904632568,6.324999809265137,6.099999904632568,6.215000152587891,5.455330848693848,3000
2012-06-28,6.099999904632568,6.364999771118164,5.914999961853027,6.199999809265137,5.442163944244385,8870
2012-06-29,5.90500020980835,6.150000095367432,5.90500020980835,5.974999904632568,5.244667053222656,12110
2012-07-02,6.03000020980835,6.269999980926514,5.914999961853027,6.019999980926514,5.284165859222412,16150
2012-07-03,5.989999771118164,6.199999809265137,5.989999771118164,6.199999809265137,5.442163944244385,122570
2012-07-04,6.264999866485596,6.599999904632568,6.144999980926514,6.510000228881836,5.714272499084473,59100
2012-07-05,6.300000190734863,6.614999771118164,6.300000190734863,6.599999904632568,5.793271541595459,15560
2012-07-06,6.550000190734863,6.644999980926514,6.400000095367432,6.414999961853027,5.630884647369385,38170
2012-07-09,6.349999904632568,6.75,6.150000095367432,6.445000171661377,5.657217979431152,31100
2012-07-10,6.675000190734863,6.75,6.449999809265137,6.699999809265137,5.881048679351807,18110
2012-07-11,7.400000095367432,7.400000095367432,6.514999866485596,6.599999904632568,5.793271541595459,3190
2012-07-12,6.800000190734863,6.800000190734863,6.474999904632568,6.599999904632568,5.793271541595459,4870
2012-07-13,6.659999847412109,6.885000228881836,6.385000228881836,6.699999809265137,5.881048679351807,51140
2012-07-16,6.650000095367432,6.800000190734863,6.300000190734863,6.559999942779541,5.758161544799805,16130
2012-07-17,6.400000095367432,6.699999809265137,6.309999942779541,6.699999809265137,5.881048679351807,20550
2012-07-18,6.599999904632568,6.599999904632568,6.289999961853027,6.309999942779541,5.538719177246094,46990
2012-07-19,6.400000095367432,6.400000095367432,6.034999847412109,6.045000076293945,5.306110858917236,11680
2012-07-20,6.0,6.445000171661377,6.0,6.230000019073486,5.468497276306152,7790
2012-07-23,6.400000095367432,6.400000095367432,5.920000076293945,6.110000133514404,5.363165378570557,2040
2012-07-24,6.284999847412109,6.289999961853027,6.284999847412109,6.289999961853027,5.521162986755371,20
2012-07-25,6.289999961853027,6.289999961853027,6.289999961853027,6.289999961853027,5.521162986755371,0
2012-07-26,6.295000076293945,6.610000133514404,6.190000057220459,6.224999904632568,5.464108943939209,45570
2012-07-27,6.034999847412109,6.324999809265137,6.025000095367432,6.184999942779541,5.428997039794922,2800
2012-07-30,6.389999866485596,6.389999866485596,5.929999828338623,6.375,5.595773696899414,11650
2012-07-31,6.375,6.375,6.375,6.375,5.595773696899414,0
2012-08-01,5.945000171661377,6.389999866485596,5.605000019073486,6.184999942779541,5.428997039794922,48440
2012-08-02,6.585000038146973,6.590000152587891,6.010000228881836,6.369999885559082,5.591384410858154,340
2012-08-03,5.900000095367432,6.385000228881836,5.864999771118164,6.204999923706055,5.4465532302856445,34730
2012-08-06,6.389999866485596,6.389999866485596,6.389999866485596,6.389999866485596,5.608941078186035,30
2012-08-07,6.375,6.40500020980835,6.230000019073486,6.40500020980835,5.622107028961182,32980
2012-08-08,6.179999828338623,6.179999828338623,6.179999828338623,6.179999828338623,5.424609661102295,12520
2012-08-09,6.400000095367432,6.489999771118164,6.010000228881836,6.114999771118164,5.367554187774658,14150
2012-08-10,6.199999809265137,6.485000133514404,5.860000133514404,6.014999866485596,5.279776096343994,10710
2012-08-13,6.010000228881836,6.050000190734863,6.010000228881836,6.03000020980835,5.292943954467773,330
2012-08-14,5.985000133514404,6.010000228881836,5.824999809265137,5.96999979019165,5.2402777671813965,66540
2012-08-16,6.025000095367432,6.025000095367432,5.809999942779541,5.84499979019165,5.130556106567383,1790
2012-08-17,6.184999942779541,6.184999942779541,5.710000038146973,5.715000152587891,5.016446590423584,76760
2012-08-21,6.010000228881836,6.010000228881836,5.704999923706055,5.960000038146973,5.231499671936035,19180
2012-08-22,5.800000190734863,6.300000190734863,5.800000190734863,6.284999847412109,5.5167741775512695,47680
2012-08-23,6.199999809265137,6.565000057220459,6.164999961853027,6.465000152587891,5.674773216247559,52160
2012-08-24,6.465000152587891,6.5,6.25,6.489999771118164,5.696716785430908,5650
2012-08-27,6.394999980926514,6.5,6.114999771118164,6.275000095367432,5.507997035980225,7130
2012-08-28,6.349999904632568,6.349999904632568,6.260000228881836,6.335000038146973,5.560663223266602,8050
2012-08-29,6.78000020980835,6.78000020980835,6.099999904632568,6.21999979019165,5.459719657897949,5340
2012-08-30,6.099999904632568,6.21999979019165,5.820000171661377,6.195000171661377,5.4377760887146,4090
2012-08-31,6.670000076293945,6.670000076293945,5.900000095367432,6.090000152587891,5.345609664916992,1240
2012-09-03,6.099999904632568,6.460000038146973,6.099999904632568,6.164999961853027,5.411442279815674,9720
2012-09-04,6.300000190734863,6.489999771118164,6.224999904632568,6.369999885559082,5.591384410858154,18410
2012-09-05,6.300000190734863,6.400000095367432,6.230000019073486,6.400000095367432,5.617717742919922,13100
2012-09-06,6.545000076293945,6.545000076293945,6.195000171661377,6.275000095367432,5.507997035980225,4640
2012-09-07,6.489999771118164,6.699999809265137,6.260000228881836,6.5,5.705494403839111,14210
2012-09-10,6.744999885559082,6.744999885559082,6.400000095367432,6.400000095367432,5.617717742919922,3520
2012-09-11,6.5,6.5,6.300000190734863,6.300000190734863,5.529941558837891,3520
2012-09-12,6.210000038146973,6.5,6.210000038146973,6.289999961853027,5.521162986755371,51350
2012-09-13,6.195000171661377,6.389999866485596,6.034999847412109,6.284999847412109,5.651549339294434,1490
2012-09-14,6.099999904632568,6.375,6.099999904632568,6.269999980926514,5.638061046600342,12900
2012-09-17,6.300000190734863,6.494999885559082,6.074999809265137,6.204999923706055,5.579612731933594,2960
2012-09-18,6.204999923706055,6.425000190734863,6.090000152587891,6.175000190734863,5.552636623382568,11050
2012-09-20,6.099999904632568,6.340000152587891,6.010000228881836,6.340000152587891,5.7010064125061035,6090
2012-09-21,6.494999885559082,6.494999885559082,6.159999847412109,6.309999942779541,5.674030303955078,10380
2012-09-24,5.704999923706055,6.494999885559082,5.704999923706055,6.385000228881836,5.741470813751221,3870
2012-09-25,6.885000228881836,6.889999866485596,6.300000190734863,6.304999828338623,5.669532775878906,28380
2012-09-26,6.400000095367432,6.400000095367432,6.150000095367432,6.150000095367432,5.530154705047607,21810
2012-09-27,6.150000095367432,6.5,6.144999980926514,6.179999828338623,5.557132244110107,2010
2012-09-28,6.119999885559082,6.400000095367432,6.119999885559082,6.400000095367432,5.754958152770996,2020
2012-10-01,6.175000190734863,6.485000133514404,6.119999885559082,6.199999809265137,5.575115203857422,3500
2012-10-03,6.199999809265137,6.389999866485596,6.199999809265137,6.199999809265137,5.575115203857422,13540
2012-10-04,6.215000152587891,6.445000171661377,6.215000152587891,6.255000114440918,5.62457275390625,1340
2012-10-05,6.099999904632568,6.300000190734863,6.099999904632568,6.150000095367432,5.530154705047607,7430
2012-10-08,6.150000095367432,6.400000095367432,6.150000095367432,6.375,5.732478618621826,1270
2012-10-09,6.494999885559082,7.0,6.260000228881836,6.920000076293945,6.222548961639404,118550
2012-10-10,7.199999809265137,7.25,6.659999847412109,6.684999942779541,6.011234283447266,64930
2012-10-11,6.699999809265137,6.699999809265137,6.675000190734863,6.675000190734863,6.002242565155029,11790
2012-10-12,6.849999904632568,6.849999904632568,6.400000095367432,6.425000190734863,5.777439594268799,9830
2012-10-15,6.5,6.570000171661377,6.239999771118164,6.534999847412109,5.876351833343506,8070
2012-10-16,6.244999885559082,6.505000114440918,6.244999885559082,6.320000171661377,5.6830220222473145,17850
2012-10-17,6.980000019073486,6.980000019073486,5.900000095367432,5.989999771118164,5.386281490325928,72180
2012-10-18,5.900000095367432,6.239999771118164,5.900000095367432,6.054999828338623,5.444730281829834,15080
2012-10-19,6.054999828338623,6.079999923706055,6.0,6.014999866485596,5.408761024475098,12020
2012-10-22,6.425000190734863,6.425000190734863,5.960000038146973,6.139999866485596,5.521163463592529,10830
2012-10-23,6.199999809265137,6.199999809265137,6.010000228881836,6.079999923706055,5.4672112464904785,10900
2012-10-25,6.03000020980835,6.034999847412109,6.03000020980835,6.034999847412109,5.426746845245361,1300
2012-10-29,6.199999809265137,6.380000114440918,5.849999904632568,6.099999904632568,5.485195159912109,9580
2012-10-30,5.900000095367432,6.289999961853027,5.804999828338623,6.019999980926514,5.4132585525512695,5640
2012-10-31,6.224999904632568,6.480000019073486,6.050000190734863,6.144999980926514,5.525660514831543,14590
2012-11-01,6.199999809265137,6.199999809265137,6.199999809265137,6.199999809265137,5.575115203857422,10
2012-11-02,5.954999923706055,6.349999904632568,5.90500020980835,5.925000190734863,5.32783317565918,18830
2012-11-05,5.900000095367432,6.28000020980835,5.800000190734863,6.0,5.395272731781006,1350
2012-11-06,6.295000076293945,6.295000076293945,6.005000114440918,6.105000019073486,5.48969030380249,7660
2012-11-07,6.099999904632568,6.599999904632568,6.099999904632568,6.559999942779541,5.898833274841309,61290
2012-11-08,6.724999904632568,7.239999771118164,6.590000152587891,6.650000095367432,5.979762077331543,400210
2012-11-09,6.900000095367432,6.900000095367432,6.46999979019165,6.605000019073486,5.939297676086426,74220
2012-11-12,6.78000020980835,6.78000020980835,6.40500020980835,6.5,5.844880104064941,42640
2012-11-15,6.454999923706055,6.699999809265137,6.454999923706055,6.625,5.957282066345215,13330
2012-11-16,6.539999961853027,6.699999809265137,6.539999961853027,6.630000114440918,5.961777210235596,19350
2012-11-19,6.519999980926514,6.800000190734863,6.46999979019165,6.514999866485596,5.858368396759033,36680
2012-11-20,6.400000095367432,6.599999904632568,6.400000095367432,6.579999923706055,5.916816711425781,10600
2012-11-21,6.394999980926514,6.650000095367432,6.394999980926514,6.585000038146973,5.921313285827637,15150
2012-11-22,6.519999980926514,6.519999980926514,6.440000057220459,6.440000057220459,5.790927410125732,7170
2012-11-23,6.400000095367432,6.5,6.340000152587891,6.420000076293945,5.77294397354126,14650
2012-11-26,6.75,6.75,6.349999904632568,6.40500020980835,5.75945520401001,1310
2012-11-27,6.429999828338623,6.659999847412109,6.429999828338623,6.480000019073486,5.826896667480469,10780
2012-11-29,6.315000057220459,6.699999809265137,6.315000057220459,6.599999904632568,5.93480110168457,14360
2012-11-30,6.695000171661377,6.724999904632568,6.425000190734863,6.610000133514404,5.943793773651123,19720
2012-12-03,6.670000076293945,6.670000076293945,6.434999942779541,6.5,5.844880104064941,18810
2012-12-04,6.78000020980835,6.78000020980835,6.414999961853027,6.445000171661377,5.79542350769043,19120
2012-12-05,6.460000038146973,6.579999923706055,6.454999923706055,6.489999771118164,5.835887432098389,1930
2012-12-06,6.300000190734863,6.5,6.300000190734863,6.445000171661377,5.79542350769043,7570
2012-12-07,6.695000171661377,6.699999809265137,6.425000190734863,6.425000190734863,5.777439594268799,9750
2012-12-10,6.409999847412109,6.789999961853027,6.400000095367432,6.485000133514404,5.83139181137085,67330
2012-12-11,6.5,6.505000114440918,6.360000133514404,6.46999979019165,5.8179030418396,16410
2012-12-12,6.46999979019165,6.670000076293945,6.349999904632568,6.349999904632568,5.70999813079834,13070
2012-12-13,6.135000228881836,6.574999809265137,6.135000228881836,6.465000152587891,5.813407897949219,32220
2012-12-14,6.449999809265137,6.585000038146973,6.349999904632568,6.375,5.732478618621826,1750
2012-12-17,6.59499979019165,6.59499979019165,6.235000133514404,6.425000190734863,5.777439594268799,6230
2012-12-18,6.329999923706055,6.375,6.329999923706055,6.355000019073486,5.714494228363037,14420
2012-12-19,6.599999904632568,6.630000114440918,6.335000038146973,6.53000020980835,5.871857166290283,5000
2012-12-20,6.570000171661377,6.590000152587891,6.320000171661377,6.369999885559082,5.727982044219971,2290
2012-12-21,6.514999866485596,6.579999923706055,6.300000190734863,6.494999885559082,5.840385437011719,2420
2012-12-24,6.320000171661377,6.400000095367432,6.300000190734863,6.380000114440918,5.736974239349365,9200
2012-12-26,6.300000190734863,6.389999866485596,6.199999809265137,6.28000020980835,5.647054195404053,4020
2012-12-27,6.300000190734863,6.300000190734863,6.264999866485596,6.264999866485596,5.633565425872803,2900
2012-12-28,6.25,6.675000190734863,6.25,6.489999771118164,5.835887432098389,63500
2012-12-31,6.675000190734863,6.675000190734863,6.5,6.5,5.844880104064941,11260
2013-01-01,6.735000133514404,6.735000133514404,6.5,6.650000095367432,5.979762077331543,4820
2013-01-02,6.605000019073486,6.605000019073486,6.5,6.599999904632568,5.93480110168457,11760
2013-01-03,6.5,6.550000190734863,6.5,6.514999866485596,5.858368396759033,11980
2013-01-04,6.510000228881836,6.664999961853027,6.5,6.5,5.844880104064941,9950
2013-01-07,6.650000095367432,6.650000095367432,6.420000076293945,6.599999904632568,5.93480110168457,3530
2013-01-08,6.650000095367432,6.880000114440918,6.514999866485596,6.800000190734863,6.1146440505981445,151410
2013-01-09,6.894999980926514,6.900000095367432,6.704999923706055,6.75,6.069683074951172,34040
2013-01-10,6.715000152587891,6.800000190734863,6.630000114440918,6.724999904632568,6.0472025871276855,24130
2013-01-11,6.599999904632568,6.724999904632568,6.525000095367432,6.715000152587891,6.038210868835449,10700
2013-01-14,6.610000133514404,6.769999980926514,6.610000133514404,6.639999866485596,5.970769882202148,8050
2013-01-15,6.599999904632568,6.769999980926514,6.599999904632568,6.760000228881836,6.078675746917725,47170
2013-01-16,6.710000038146973,6.800000190734863,6.699999809265137,6.75,6.069683074951172,165910
2013-01-17,6.599999904632568,6.789999961853027,6.409999847412109,6.71999979019165,6.042706489562988,16620
2013-01-18,6.599999904632568,6.789999961853027,6.574999809265137,6.659999847412109,5.9887542724609375,7680
2013-01-21,6.650000095367432,6.744999885559082,6.574999809265137,6.644999980926514,5.975265026092529,5110
2013-01-22,6.554999828338623,6.670000076293945,6.554999828338623,6.664999961853027,5.993250370025635,3340
2013-01-23,6.820000171661377,6.820000171661377,6.605000019073486,6.744999885559082,6.065187454223633,16370
2013-01-24,6.614999771118164,6.739999771118164,6.414999961853027,6.724999904632568,6.0472025871276855,23950
2013-01-25,6.614999771118164,6.739999771118164,6.599999904632568,6.730000019073486,6.051699161529541,22050
2013-01-28,6.75,6.75,6.605000019073486,6.699999809265137,6.024722576141357,160
2013-01-29,6.699999809265137,6.699999809265137,6.53000020980835,6.695000171661377,6.020226955413818,47340
2013-01-30,6.914999961853027,6.914999961853027,6.510000228881836,6.599999904632568,5.93480110168457,6890
2013-01-31,6.454999923706055,6.699999809265137,6.454999923706055,6.699999809265137,6.024722576141357,53400
2013-02-01,6.460000038146973,6.505000114440918,6.460000038146973,6.505000114440918,5.8493757247924805,100
2013-02-04,6.690000057220459,6.690000057220459,6.505000114440918,6.599999904632568,5.93480110168457,93470
2013-02-05,6.599999904632568,6.599999904632568,6.599999904632568,6.599999904632568,5.93480110168457,0
2013-02-06,6.599999904632568,6.599999904632568,6.5,6.5,5.844880104064941,770
2013-02-07,6.5,6.59499979019165,6.465000152587891,6.5,5.844880104064941,55790
2013-02-08,6.5,6.5,6.409999847412109,6.5,5.844880104064941,840
2013-02-11,6.315000057220459,6.494999885559082,6.309999942779541,6.494999885559082,5.840385437011719,4010
2013-02-12,6.315000057220459,6.315000057220459,6.315000057220459,6.315000057220459,5.678526401519775,650
2013-02-13,6.400000095367432,6.400000095367432,6.400000095367432,6.400000095367432,5.754958152770996,24040
2013-02-14,6.599999904632568,6.599999904632568,6.599999904632568,6.599999904632568,5.93480110168457,10
2013-02-15,6.349999904632568,6.789999961853027,6.315000057220459,6.554999828338623,5.894336223602295,10800
2013-02-18,6.454999923706055,6.614999771118164,6.300000190734863,6.525000095367432,5.867360591888428,420
2013-02-19,6.525000095367432,6.699999809265137,6.525000095367432,6.679999828338623,6.00673770904541,10800
2013-02-20,6.699999809265137,6.699999809265137,6.454999923706055,6.454999923706055,5.804415225982666,30
2013-02-21,6.599999904632568,6.695000171661377,6.409999847412109,6.605000019073486,5.939297676086426,21540
2013-02-22,6.364999771118164,6.554999828338623,6.364999771118164,6.554999828338623,5.894336223602295,6360
2013-02-25,6.545000076293945,6.75,6.545000076293945,6.545000076293945,5.885345458984375,32000
2013-02-26,6.340000152587891,6.505000114440918,6.340000152587891,6.480000019073486,5.826896667480469,6100
2013-02-27,6.449999809265137,6.675000190734863,6.449999809265137,6.675000190734863,6.002242565155029,11870
2013-02-28,6.300000190734863,6.869999885559082,6.300000190734863,6.400000095367432,5.754958152770996,130
2013-03-01,6.400000095367432,6.400000095367432,6.159999847412109,6.159999847412109,5.539148330688477,270
2013-03-04,6.099999904632568,6.5,6.099999904632568,6.210000038146973,5.584109783172607,5750
2013-03-05,6.25,6.25,6.119999885559082,6.25,5.620077610015869,3000
2013-03-06,6.25,6.349999904632568,6.210000038146973,6.210000038146973,5.584109783172607,5300
2013-03-07,6.25,6.25,6.130000114440918,6.25,5.620077610015869,3500
2013-03-08,6.184999942779541,6.489999771118164,6.184999942779541,6.300000190734863,5.665038108825684,4400
2013-03-11,6.5,6.710000038146973,6.175000190734863,6.494999885559082,5.840385437011719,3100
2013-03-12,6.269999980926514,6.400000095367432,6.199999809265137,6.340000152587891,5.7010064125061035,1610
2013-03-13,6.304999828338623,6.440000057220459,6.199999809265137,6.320000171661377,5.6830220222473145,35960
2013-03-14,6.130000114440918,6.21999979019165,6.099999904632568,6.195000171661377,5.570621013641357,7320
2013-03-15,6.300000190734863,6.300000190734863,6.300000190734863,6.300000190734863,5.665038108825684,70
2013-03-18,6.110000133514404,6.449999809265137,6.110000133514404,6.449999809265137,5.799920082092285,310
2013-03-19,6.724999904632568,6.724999904632568,6.400000095367432,6.400000095367432,5.754958152770996,1720
2013-03-20,6.400000095367432,6.400000095367432,6.065000057220459,6.079999923706055,5.4672112464904785,4640
2013-03-21,6.295000076293945,6.599999904632568,6.0,6.364999771118164,5.723485946655273,10050
2013-03-22,6.125,6.125,6.125,6.125,5.5076751708984375,910
2013-03-25,5.90500020980835,5.90500020980835,5.90500020980835,5.90500020980835,5.309848785400391,1790
2013-03-26,5.849999904632568,6.59499979019165,5.659999847412109,6.119999885559082,5.50317907333374,660
2013-03-28,6.119999885559082,6.119999885559082,6.119999885559082,6.119999885559082,5.50317907333374,0
2013-04-01,6.110000133514404,6.400000095367432,5.90500020980835,6.244999885559082,5.6155805587768555,8680
2013-04-02,6.105000019073486,6.110000133514404,6.105000019073486,6.110000133514404,5.494187831878662,30
2013-04-03,5.909999847412109,6.369999885559082,5.909999847412109,5.925000190734863,5.32783317565918,1280
2013-04-04,5.849999904632568,6.09499979019165,5.635000228881836,6.09499979019165,5.4807000160217285,590
2013-04-05,5.849999904632568,5.900000095367432,5.710000038146973,5.724999904632568,5.147990703582764,1590
2013-04-08,5.724999904632568,5.724999904632568,5.724999904632568,5.724999904632568,5.147990703582764,0
2013-04-09,5.724999904632568,5.724999904632568,5.724999904632568,5.724999904632568,5.147990703582764,0
2013-04-10,5.724999904632568,5.724999904632568,5.724999904632568,5.724999904632568,5.147990703582764,0
2013-04-11,5.724999904632568,5.724999904632568,5.724999904632568,5.724999904632568,5.147990703582764,0
2013-04-12,5.724999904632568,5.724999904632568,5.724999904632568,5.724999904632568,5.147990703582764,0
2013-04-15,5.724999904632568,5.724999904632568,5.724999904632568,5.724999904632568,5.147990703582764,0
2013-04-16,5.679999828338623,5.679999828338623,5.679999828338623,5.679999828338623,5.107525825500488,5000
2013-04-17,5.679999828338623,5.679999828338623,5.679999828338623,5.679999828338623,5.107525825500488,0
2013-04-18,5.679999828338623,5.679999828338623,5.679999828338623,5.679999828338623,5.107525825500488,0
2013-04-22,5.699999809265137,5.699999809265137,5.679999828338623,5.699999809265137,5.1255106925964355,10780
2013-04-23,5.699999809265137,5.699999809265137,5.699999809265137,5.699999809265137,5.1255106925964355,2500
2013-04-25,5.699999809265137,5.699999809265137,5.699999809265137,5.699999809265137,5.1255106925964355,0
2013-04-26,5.699999809265137,5.699999809265137,5.699999809265137,5.699999809265137,5.1255106925964355,0
2013-04-29,5.699999809265137,5.699999809265137,5.699999809265137,5.699999809265137,5.1255106925964355,0
2013-04-30,5.699999809265137,5.699999809265137,5.699999809265137,5.699999809265137,5.1255106925964355,0
2013-05-02,5.699999809265137,5.699999809265137,5.699999809265137,5.699999809265137,5.1255106925964355,0
2013-05-03,5.699999809265137,5.699999809265137,5.699999809265137,5.699999809265137,5.1255106925964355,0
2013-05-06,5.699999809265137,5.699999809265137,5.699999809265137,5.699999809265137,5.1255106925964355,0
2013-05-07,5.605000019073486,5.605000019073486,5.420000076293945,5.605000019073486,5.040084362030029,5270
2013-05-08,5.71999979019165,5.71999979019165,5.71999979019165,5.71999979019165,5.143494129180908,1000
2013-05-09,5.71999979019165,5.71999979019165,5.71999979019165,5.71999979019165,5.143494129180908,0
2013-05-10,5.735000133514404,5.735000133514404,5.735000133514404,5.735000133514404,5.156982898712158,150
2013-05-13,5.800000190734863,5.800000190734863,5.800000190734863,5.800000190734863,5.215431213378906,2750
2013-05-14,5.800000190734863,5.800000190734863,5.800000190734863,5.800000190734863,5.215431213378906,0
2013-05-15,5.800000190734863,5.800000190734863,5.800000190734863,5.800000190734863,5.215431213378906,0
2013-05-16,5.800000190734863,5.800000190734863,5.800000190734863,5.800000190734863,5.215431213378906,2000
2013-05-17,5.800000190734863,5.800000190734863,5.800000190734863,5.800000190734863,5.215431213378906,1350
2013-05-20,5.800000190734863,5.800000190734863,5.800000190734863,5.800000190734863,5.215431213378906,0
2013-05-21,5.800000190734863,5.800000190734863,5.800000190734863,5.800000190734863,5.215431213378906,0
2013-05-22,5.800000190734863,5.800000190734863,5.800000190734863,5.800000190734863,5.215431213378906,0
2013-05-23,5.800000190734863,5.800000190734863,5.800000190734863,5.800000190734863,5.215431213378906,0
2013-05-24,5.800000190734863,5.800000190734863,5.800000190734863,5.800000190734863,5.215431213378906,0
2013-05-27,6.099999904632568,6.099999904632568,6.099999904632568,6.099999904632568,5.485195159912109,500
2013-05-28,6.215000152587891,6.300000190734863,6.150000095367432,6.215000152587891,5.588603973388672,7730
2013-05-29,6.199999809265137,6.300000190734863,6.179999828338623,6.199999809265137,5.575115203857422,6890
2013-05-30,6.210000038146973,6.230000019073486,6.210000038146973,6.210000038146973,5.584109783172607,8000
2013-05-31,6.099999904632568,6.150000095367432,6.099999904632568,6.099999904632568,5.485195159912109,990
2013-06-03,6.150000095367432,6.150000095367432,6.150000095367432,6.150000095367432,5.530154705047607,650
2013-06-04,6.119999885559082,6.119999885559082,6.119999885559082,6.119999885559082,5.50317907333374,4990
2013-06-05,5.199999809265137,5.199999809265137,5.199999809265137,5.199999809265137,4.675904750823975,10
2013-06-06,5.199999809265137,5.199999809265137,5.199999809265137,5.199999809265137,4.675904750823975,0
2013-06-07,5.199999809265137,5.199999809265137,5.199999809265137,5.199999809265137,4.675904750823975,0
2013-06-10,5.5,5.724999904632568,5.5,5.5,4.9456682205200195,4990
2013-06-11,5.5,5.5,5.5,5.5,4.9456682205200195,0
2013-06-12,5.5,5.5,5.5,5.5,4.9456682205200195,1210
2013-06-13,5.510000228881836,5.510000228881836,5.5,5.510000228881836,4.954659461975098,1520
2013-06-14,5.510000228881836,5.510000228881836,5.510000228881836,5.510000228881836,4.954659461975098,0
2013-06-17,5.510000228881836,5.510000228881836,5.510000228881836,5.510000228881836,4.954659461975098,0
2013-06-18,5.599999904632568,5.599999904632568,5.599999904632568,5.599999904632568,5.035589694976807,1000
2013-06-19,5.599999904632568,5.599999904632568,5.599999904632568,5.599999904632568,5.035589694976807,0
2013-06-20,5.320000171661377,5.320000171661377,5.320000171661377,5.320000171661377,4.783809661865234,500
2013-06-21,5.320000171661377,5.320000171661377,5.320000171661377,5.320000171661377,4.783809661865234,0
2013-06-24,5.320000171661377,5.320000171661377,5.320000171661377,5.320000171661377,4.783809661865234,0
2013-06-25,5.320000171661377,5.320000171661377,5.320000171661377,5.320000171661377,4.783809661865234,0
2013-06-26,5.320000171661377,5.320000171661377,5.320000171661377,5.320000171661377,4.783809661865234,0
2013-06-27,5.320000171661377,5.320000171661377,5.320000171661377,5.320000171661377,4.783809661865234,0
2013-06-28,4.309999942779541,4.309999942779541,4.309999942779541,4.309999942779541,3.8756051063537598,300
2013-07-01,4.309999942779541,4.309999942779541,4.309999942779541,4.309999942779541,3.8756051063537598,0
2013-07-02,4.309999942779541,4.309999942779541,4.309999942779541,4.309999942779541,3.8756051063537598,0
2013-07-03,5.170000076293945,5.170000076293945,5.170000076293945,5.170000076293945,4.648927688598633,150
2013-07-04,5.099999904632568,5.105000019073486,5.099999904632568,5.099999904632568,4.585982799530029,510
2013-07-05,5.099999904632568,5.099999904632568,5.099999904632568,5.099999904632568,4.585982799530029,0
2013-07-08,5.099999904632568,5.099999904632568,5.099999904632568,5.099999904632568,4.585982799530029,0
2013-07-09,5.099999904632568,5.099999904632568,5.099999904632568,5.099999904632568,4.585982799530029,0
2013-07-10,5.099999904632568,5.099999904632568,5.099999904632568,5.099999904632568,4.585982799530029,0
2013-07-11,5.099999904632568,5.099999904632568,5.099999904632568,5.099999904632568,4.585982799530029,0
2013-07-12,5.099999904632568,5.099999904632568,5.099999904632568,5.099999904632568,4.585982799530029,0
2013-07-15,5.099999904632568,5.099999904632568,5.099999904632568,5.099999904632568,4.585982799530029,0
2013-07-16,5.355000019073486,5.355000019073486,5.355000019073486,5.355000019073486,4.815281867980957,5000
2013-07-17,5.599999904632568,5.599999904632568,5.599999904632568,5.599999904632568,5.035589694976807,250
2013-07-18,5.599999904632568,5.599999904632568,5.599999904632568,5.599999904632568,5.035589694976807,0
2013-07-19,5.599999904632568,5.599999904632568,5.599999904632568,5.599999904632568,5.035589694976807,0
2013-07-22,5.599999904632568,5.599999904632568,5.599999904632568,5.599999904632568,5.035589694976807,0
2013-07-23,5.599999904632568,5.599999904632568,5.599999904632568,5.599999904632568,5.035589694976807,0
2013-07-24,5.599999904632568,5.599999904632568,5.599999904632568,5.599999904632568,5.035589694976807,0
2013-07-25,5.599999904632568,5.599999904632568,5.599999904632568,5.599999904632568,5.035589694976807,0
2013-07-26,5.599999904632568,5.599999904632568,5.599999904632568,5.599999904632568,5.035589694976807,0
2013-07-29,5.599999904632568,5.599999904632568,5.599999904632568,5.599999904632568,5.035589694976807,0
2013-07-30,5.599999904632568,5.599999904632568,5.599999904632568,5.599999904632568,5.035589694976807,0
2013-07-31,5.599999904632568,5.599999904632568,5.599999904632568,5.599999904632568,5.035589694976807,0
2013-08-01,5.320000171661377,5.320000171661377,5.320000171661377,5.320000171661377,4.783809661865234,350
2013-08-02,5.199999809265137,5.204999923706055,5.070000171661377,5.199999809265137,4.675904750823975,32990
2013-08-05,5.460000038146973,5.460000038146973,5.400000095367432,5.460000038146973,4.909698486328125,1260180
2013-08-06,5.260000228881836,5.260000228881836,5.260000228881836,5.260000228881836,4.729856491088867,500
2013-08-07,5.260000228881836,5.260000228881836,5.260000228881836,5.260000228881836,4.729856491088867,0
2013-08-08,5.389999866485596,5.389999866485596,5.0,5.389999866485596,4.8467535972595215,230
2013-08-12,5.389999866485596,5.389999866485596,5.389999866485596,5.389999866485596,4.8467535972595215,0
2013-08-13,5.389999866485596,5.389999866485596,5.389999866485596,5.389999866485596,4.8467535972595215,0
2013-08-14,5.389999866485596,5.389999866485596,5.389999866485596,5.389999866485596,4.8467535972595215,0
2013-08-16,5.389999866485596,5.389999866485596,5.389999866485596,5.389999866485596,4.8467535972595215,0
2013-08-19,5.400000095367432,5.400000095367432,5.400000095367432,5.400000095367432,4.855747222900391,160
2013-08-20,5.400000095367432,5.400000095367432,5.400000095367432,5.400000095367432,4.855747222900391,0
2013-08-21,5.400000095367432,5.400000095367432,5.400000095367432,5.400000095367432,4.855747222900391,0
2013-08-22,5.400000095367432,5.400000095367432,5.400000095367432,5.400000095367432,4.855747222900391,0
2013-08-23,5.400000095367432,5.400000095367432,5.400000095367432,5.400000095367432,4.855747222900391,0
2013-08-26,5.599999904632568,5.599999904632568,5.380000114440918,5.599999904632568,5.035589694976807,1180
2013-08-27,5.320000171661377,5.320000171661377,5.320000171661377,5.320000171661377,4.783809661865234,130
2013-08-28,5.320000171661377,5.320000171661377,5.320000171661377,5.320000171661377,4.783809661865234,0
2013-08-29,5.300000190734863,5.300000190734863,5.300000190734863,5.300000190734863,4.951990604400635,40
2013-08-30,5.300000190734863,5.300000190734863,5.300000190734863,5.300000190734863,4.951990604400635,0
2013-09-02,5.034999847412109,5.034999847412109,5.034999847412109,5.034999847412109,4.704390525817871,490
2013-09-03,5.034999847412109,5.034999847412109,5.034999847412109,5.034999847412109,4.704390525817871,0
2013-09-04,4.815000057220459,4.815000057220459,4.815000057220459,4.815000057220459,4.498835563659668,250
2013-09-05,4.815000057220459,4.815000057220459,4.815000057220459,4.815000057220459,4.498835563659668,0
2013-09-06,4.815000057220459,4.815000057220459,4.815000057220459,4.815000057220459,4.498835563659668,0
2013-09-10,4.815000057220459,4.815000057220459,4.815000057220459,4.815000057220459,4.498835563659668,0
2013-09-11,4.815000057220459,4.815000057220459,4.815000057220459,4.815000057220459,4.498835563659668,0
2013-09-12,4.815000057220459,4.815000057220459,4.815000057220459,4.815000057220459,4.498835563659668,0
2013-09-13,4.815000057220459,4.815000057220459,4.815000057220459,4.815000057220459,4.498835563659668,0
2013-09-16,4.815000057220459,4.815000057220459,4.815000057220459,4.815000057220459,4.498835563659668,0
2013-09-17,4.815000057220459,4.815000057220459,4.815000057220459,4.815000057220459,4.498835563659668,0
2013-09-18,5.050000190734863,5.050000190734863,5.0,5.050000190734863,4.718405246734619,14930
2013-09-19,5.005000114440918,5.005000114440918,5.005000114440918,5.005000114440918,4.676360130310059,1000
2013-09-20,5.005000114440918,5.005000114440918,5.005000114440918,5.005000114440918,4.676360130310059,0
2013-09-23,5.010000228881836,5.010000228881836,5.010000228881836,5.010000228881836,4.681032657623291,1000
2013-09-24,5.25,5.25,5.099999904632568,5.099999904632568,4.765122890472412,11650
2013-09-25,4.829999923706055,4.829999923706055,4.829999923706055,4.829999923706055,4.512850761413574,0
2013-09-26,4.829999923706055,4.829999923706055,4.829999923706055,4.829999923706055,4.512850761413574,0
2013-09-27,5.070000171661377,5.070000171661377,5.070000171661377,5.070000171661377,4.737092971801758,4510
2013-09-30,5.295000076293945,5.295000076293945,5.099999904632568,5.295000076293945,4.9473185539245605,6940
2013-10-01,5.224999904632568,5.224999904632568,5.224999904632568,5.224999904632568,4.881915092468262,1500
2013-10-03,5.224999904632568,5.224999904632568,5.224999904632568,5.224999904632568,4.881915092468262,0
2013-10-04,5.224999904632568,5.224999904632568,5.224999904632568,5.224999904632568,4.881915092468262,0
2013-10-07,5.224999904632568,5.224999904632568,5.224999904632568,5.224999904632568,4.881915092468262,0
2013-10-08,5.224999904632568,5.224999904632568,5.224999904632568,5.224999904632568,4.881915092468262,0
2013-10-09,5.199999809265137,5.224999904632568,5.199999809265137,5.224999904632568,4.881915092468262,510
2013-10-10,5.199999809265137,5.199999809265137,5.199999809265137,5.199999809265137,4.858556270599365,200
2013-10-11,5.304999828338623,5.304999828338623,5.304999828338623,5.304999828338623,4.956661701202393,850
2013-10-14,5.570000171661377,5.570000171661377,5.304999828338623,5.570000171661377,5.204261779785156,1490
2013-10-15,5.84499979019165,5.84499979019165,5.840000152587891,5.84499979019165,5.461203575134277,180500
2013-10-17,5.84499979019165,5.84499979019165,5.84499979019165,5.84499979019165,5.461203575134277,0
2013-10-18,5.84499979019165,5.84499979019165,5.84499979019165,5.84499979019165,5.461203575134277,0
2013-10-21,6.119999885559082,6.119999885559082,5.849999904632568,6.119999885559082,5.7181477546691895,8210
2013-10-22,6.389999866485596,6.389999866485596,6.389999866485596,6.389999866485596,5.970418453216553,750
2013-10-23,6.389999866485596,6.389999866485596,6.389999866485596,6.389999866485596,5.970418453216553,0
2013-10-24,6.199999809265137,6.389999866485596,6.199999809265137,6.199999809265137,5.792893886566162,500
2013-10-25,6.389999866485596,6.389999866485596,6.389999866485596,6.389999866485596,5.970418453216553,1000
2013-10-28,6.389999866485596,6.389999866485596,6.389999866485596,6.389999866485596,5.970418453216553,0
2013-10-29,6.199999809265137,6.199999809265137,6.199999809265137,6.199999809265137,5.792893886566162,130
2013-10-30,6.099999904632568,6.489999771118164,6.099999904632568,6.099999904632568,5.699460029602051,1190
2013-10-31,6.335000038146973,6.335000038146973,5.800000190734863,6.335000038146973,5.919029235839844,5390
2013-11-01,6.335000038146973,6.335000038146973,6.335000038146973,6.335000038146973,5.919029235839844,0
2013-11-05,6.46999979019165,6.46999979019165,6.46999979019165,6.46999979019165,6.045165061950684,20
2013-11-06,6.46999979019165,6.46999979019165,6.46999979019165,6.46999979019165,6.045165061950684,0
2013-11-07,6.150000095367432,6.150000095367432,6.150000095367432,6.150000095367432,5.7461771965026855,1450
2013-11-08,6.150000095367432,6.150000095367432,6.150000095367432,6.150000095367432,5.7461771965026855,0
2013-11-11,6.150000095367432,6.150000095367432,6.150000095367432,6.150000095367432,5.7461771965026855,0
2013-11-12,5.84499979019165,5.84499979019165,5.84499979019165,5.84499979019165,5.461203575134277,80
2013-11-13,5.84499979019165,5.84499979019165,5.84499979019165,5.84499979019165,5.461203575134277,0
2013-11-14,5.815000057220459,5.900000095367432,5.815000057220459,5.815000057220459,5.433173656463623,4190
2013-11-18,6.099999904632568,6.105000019073486,6.099999904632568,6.099999904632568,5.699460029602051,5020
2013-11-19,5.849999904632568,5.849999904632568,5.849999904632568,5.849999904632568,5.465875625610352,3000
2013-11-20,5.849999904632568,5.849999904632568,5.849999904632568,5.849999904632568,5.465875625610352,0
2013-11-21,5.949999809265137,5.949999809265137,5.889999866485596,5.949999809265137,5.559309959411621,510
2013-11-22,5.934999942779541,5.934999942779541,5.934999942779541,5.934999942779541,5.545294284820557,2000
2013-11-25,6.230000019073486,6.230000019073486,6.230000019073486,6.230000019073486,5.820924758911133,10
2013-11-26,5.925000190734863,5.925000190734863,5.925000190734863,5.925000190734863,5.535952091217041,10500
2013-11-27,5.980000019073486,5.980000019073486,5.920000076293945,5.980000019073486,5.587340354919434,1000
2013-11-28,6.269999980926514,6.269999980926514,6.269999980926514,6.269999980926514,5.858297824859619,1000
2013-11-29,6.300000190734863,6.300000190734863,6.300000190734863,6.300000190734863,5.88632869720459,16200
2013-12-02,6.300000190734863,6.300000190734863,6.300000190734863,6.300000190734863,5.88632869720459,370
2013-12-03,6.494999885559082,6.494999885559082,6.099999904632568,6.494999885559082,6.068524360656738,4000
2013-12-04,6.46999979019165,6.46999979019165,6.199999809265137,6.46999979019165,6.045165061950684,6650
2013-12-05,6.304999828338623,6.304999828338623,6.204999923706055,6.304999828338623,5.8909993171691895,3550
2013-12-06,6.300000190734863,6.300000190734863,6.300000190734863,6.300000190734863,5.88632869720459,10000
2013-12-09,6.114999771118164,6.300000190734863,6.099999904632568,6.114999771118164,5.713475227355957,11730
2013-12-10,6.204999923706055,6.204999923706055,6.199999809265137,6.204999923706055,5.797565937042236,18610
2013-12-11,6.199999809265137,6.199999809265137,6.199999809265137,6.199999809265137,5.792893886566162,8030
2013-12-12,6.110000133514404,6.110000133514404,6.099999904632568,6.110000133514404,5.708804130554199,500
2013-12-13,6.199999809265137,6.199999809265137,6.199999809265137,6.199999809265137,5.792893886566162,4990
2013-12-16,6.199999809265137,6.199999809265137,6.199999809265137,6.199999809265137,5.792893886566162,0
2013-12-17,6.199999809265137,6.199999809265137,6.199999809265137,6.199999809265137,5.792893886566162,0
2013-12-18,6.199999809265137,6.199999809265137,6.199999809265137,6.199999809265137,5.792893886566162,2390
2013-12-19,6.300000190734863,6.300000190734863,6.300000190734863,6.300000190734863,5.88632869720459,980
2013-12-20,6.300000190734863,6.300000190734863,6.300000190734863,6.300000190734863,5.88632869720459,0
2013-12-23,6.414999961853027,6.414999961853027,6.199999809265137,6.414999961853027,5.993776798248291,2600
2013-12-24,6.355000019073486,6.5,6.349999904632568,6.349999904632568,5.933044910430908,2360
2013-12-26,6.454999923706055,6.599999904632568,6.454999923706055,6.460000038146973,6.03582239151001,2100
2013-12-27,6.5,6.599999904632568,6.5,6.5,6.073194980621338,6000
2013-12-30,6.5,6.5,6.5,6.5,6.073194980621338,0
2013-12-31,6.5,6.5,6.5,6.5,6.073194980621338,0
2014-01-01,6.5,6.5,6.5,6.5,6.073194980621338,0
2014-01-02,6.699999809265137,6.699999809265137,6.699999809265137,6.699999809265137,6.260063171386719,1060
2014-01-03,6.699999809265137,6.699999809265137,6.699999809265137,6.699999809265137,6.260063171386719,0
2014-01-06,6.800000190734863,6.900000095367432,6.599999904632568,6.800000190734863,6.35349702835083,9920
2014-01-07,7.130000114440918,7.130000114440918,6.795000076293945,7.130000114440918,6.661828517913818,990
2014-01-08,6.800000190734863,6.800000190734863,6.800000190734863,6.800000190734863,6.35349702835083,120
2014-01-09,6.5,7.0,6.5,6.5,6.073194980621338,370
2014-01-10,6.534999847412109,6.534999847412109,6.534999847412109,6.534999847412109,6.105897426605225,1000
2014-01-13,6.5,6.755000114440918,6.409999847412109,6.619999885559082,6.1853156089782715,12610
2014-01-14,6.289999961853027,6.585000038146973,6.289999961853027,6.349999904632568,5.933044910430908,22030
2014-01-15,6.590000152587891,6.659999847412109,6.400000095367432,6.505000114440918,6.077867031097412,33070
2014-01-16,6.730000019073486,6.730000019073486,6.5,6.559999942779541,6.129256248474121,9720
2014-01-17,6.559999942779541,6.559999942779541,6.46999979019165,6.46999979019165,6.045165061950684,510
2014-01-20,6.625,6.625,6.425000190734863,6.425000190734863,6.003120422363281,90
2014-01-21,6.425000190734863,6.425000190734863,6.425000190734863,6.425000190734863,6.003120422363281,0
2014-01-22,6.389999866485596,6.5,6.349999904632568,6.414999961853027,5.993776798248291,7110
2014-01-23,6.425000190734863,6.5,6.414999961853027,6.414999961853027,5.993776798248291,8510
2014-01-24,6.150000095367432,6.599999904632568,6.150000095367432,6.300000190734863,5.88632869720459,37380
2014-01-27,6.309999942779541,6.309999942779541,6.014999866485596,6.050000190734863,5.652744293212891,2790
2014-01-28,6.014999866485596,6.014999866485596,6.014999866485596,6.014999866485596,5.620041370391846,200
2014-01-29,6.014999866485596,6.289999961853027,6.0,6.150000095367432,5.7461771965026855,14000
2014-01-30,6.150000095367432,6.150000095367432,6.150000095367432,6.150000095367432,5.7461771965026855,0
2014-01-31,6.179999828338623,6.25,6.179999828338623,6.195000171661377,5.788222312927246,2750
2014-02-03,6.195000171661377,6.195000171661377,6.195000171661377,6.195000171661377,5.788222312927246,0
2014-02-04,6.0,6.400000095367432,6.0,6.15500020980835,5.750848770141602,29850
2014-02-05,6.099999904632568,6.099999904632568,6.099999904632568,6.099999904632568,5.699460029602051,1000
2014-02-06,6.099999904632568,6.099999904632568,6.099999904632568,6.099999904632568,5.699460029602051,0
2014-02-07,6.199999809265137,6.199999809265137,6.199999809265137,6.199999809265137,5.792893886566162,3500
2014-02-10,6.199999809265137,6.199999809265137,6.199999809265137,6.199999809265137,5.792893886566162,0
2014-02-11,5.900000095367432,6.050000190734863,5.900000095367432,6.050000190734863,5.652744293212891,1820
2014-02-12,6.099999904632568,6.300000190734863,6.099999904632568,6.260000228881836,5.848954677581787,410
2014-02-13,6.485000133514404,6.545000076293945,6.40500020980835,6.434999942779541,6.0124640464782715,17060
2014-02-14,6.199999809265137,6.300000190734863,6.199999809265137,6.210000038146973,5.8022379875183105,13610
2014-02-17,6.519999980926514,6.519999980926514,6.519999980926514,6.519999980926514,6.091882228851318,2890
2014-02-18,6.84499979019165,6.84499979019165,6.84499979019165,6.84499979019165,6.395541667938232,1200
2014-02-19,7.184999942779541,7.184999942779541,6.934999942779541,7.184999942779541,6.713217258453369,148990
2014-02-20,7.5,7.539999961853027,7.210000038146973,7.525000095367432,7.030892372131348,155320
2014-02-21,7.894999980926514,7.900000095367432,7.65500020980835,7.900000095367432,7.381268501281738,104280
2014-02-24,8.295000076293945,8.295000076293945,8.1899995803833,8.295000076293945,7.750331878662109,28110
2014-02-25,8.704999923706055,8.704999923706055,8.704999923706055,8.704999923706055,8.133410453796387,5860
2014-02-26,9.140000343322754,9.140000343322754,9.140000343322754,9.140000343322754,8.539847373962402,8910
2014-02-28,9.595000267028809,9.595000267028809,9.104999542236328,9.595000267028809,8.964970588684082,63620
2014-03-03,10.069999694824219,10.069999694824219,9.75,10.069999694824219,9.408781051635742,161470
2014-03-04,10.569999694824219,10.569999694824219,10.069999694824219,10.569999694824219,9.875950813293457,983020
2014-03-05,11.095000267028809,11.095000267028809,10.8149995803833,11.095000267028809,10.366477966308594,674100
2014-03-06,11.645000457763672,11.645000457763672,10.595000267028809,10.744999885559082,10.039459228515625,1130930
2014-03-07,11.199999809265137,11.199999809265137,10.210000038146973,10.210000038146973,9.53958797454834,581290
2014-03-10,9.699999809265137,10.720000267028809,9.699999809265137,10.645000457763672,9.946024894714355,1034500
2014-03-11,10.699999809265137,11.09000015258789,10.114999771118164,10.199999809265137,9.530245780944824,214440
2014-03-12,9.914999961853027,10.399999618530273,9.800000190734863,10.244999885559082,9.572288513183594,102690
2014-03-13,10.140000343322754,10.59000015258789,10.140000343322754,10.175000190734863,9.506884574890137,184750
2014-03-14,10.010000228881836,10.479999542236328,10.010000228881836,10.380000114440918,9.698427200317383,188630
2014-03-18,10.449999809265137,10.569999694824219,10.199999809265137,10.444999694824219,9.759157180786133,60900
2014-03-19,10.34000015258789,10.96500015258789,10.305000305175781,10.96500015258789,10.245013236999512,224850
2014-03-20,11.510000228881836,11.510000228881836,11.0,11.03499984741211,10.310419082641602,309040
2014-03-21,11.03499984741211,11.255000114440918,10.899999618530273,11.104999542236328,10.37582015991211,153720
2014-03-24,11.09000015258789,11.595000267028809,10.850000381469727,11.595000267028809,10.833647727966309,258070
2014-03-25,12.039999961853027,12.170000076293945,11.859999656677246,12.170000076293945,11.370890617370605,371110
2014-03-26,12.6899995803833,12.774999618530273,12.420000076293945,12.774999618530273,11.936164855957031,703870
2014-03-27,12.899999618530273,13.40999984741211,12.699999809265137,12.829999923706055,11.987553596496582,236950
2014-03-28,13.399999618530273,13.470000267028809,13.25,13.470000267028809,12.585529327392578,309160
2014-03-31,14.140000343322754,14.140000343322754,13.954999923706055,14.139999389648438,13.211536407470703,90790
2014-04-01,14.5,14.845000267028809,14.399999618530273,14.845000267028809,13.870244026184082,370740
2014-04-02,15.585000038146973,15.585000038146973,15.25,15.585000038146973,14.561655044555664,290970
2014-04-03,16.290000915527344,16.290000915527344,14.8100004196167,14.8100004196167,13.837543487548828,448260
2014-04-04,14.75,14.75,14.069999694824219,14.069999694824219,13.146132469177246,298430
2014-04-07,13.899999618530273,14.770000457763672,13.515000343322754,14.770000457763672,13.8001708984375,257920
2014-04-09,15.505000114440918,15.505000114440918,15.505000114440918,15.505000114440918,14.486907005310059,94630
2014-04-10,16.280000686645508,16.280000686645508,16.280000686645508,16.280000686645508,15.211019515991211,51820
2014-04-11,17.09000015258789,17.09000015258789,16.0,17.05500030517578,15.935132026672363,741830
2014-04-15,17.09000015258789,17.100000381469727,16.204999923706055,16.204999923706055,15.14094352722168,38890
2014-04-16,15.395000457763672,16.079999923706055,15.395000457763672,15.53499984741211,14.514939308166504,199090
2014-04-17,14.899999618530273,16.309999465942383,14.899999618530273,16.21000099182129,15.14561653137207,266100
2014-04-21,16.200000762939453,17.0,16.200000762939453,16.459999084472656,15.379199981689453,157510
2014-04-22,16.985000610351562,17.0,15.640000343322754,15.640000343322754,14.613043785095215,147810
2014-04-23,16.375,16.375,15.100000381469727,15.239998817443848,14.239307403564453,127160
2014-04-24,15.239998817443848,15.239998817443848,15.239998817443848,15.239998817443848,14.239307403564453,0
2014-04-25,15.199999809265137,15.789999961853027,15.199999809265137,15.430000305175781,14.416833877563477,191130
2014-04-28,15.199999809265137,16.100000381469727,14.920000076293945,15.335000991821289,14.328072547912598,274720
2014-04-29,15.220000267028809,16.100000381469727,15.069999694824219,16.05500030517578,15.00079345703125,269730
2014-04-30,15.420000076293945,16.799999237060547,15.420000076293945,15.829999923706055,14.790568351745605,188900
2014-05-02,15.265000343322754,16.334999084472656,15.265000343322754,15.399999618530273,14.388800621032715,84450
2014-05-05,15.204999923706055,15.699999809265137,15.204999923706055,15.265000343322754,14.262666702270508,63840
2014-05-06,15.100000381469727,15.199999809265137,14.505000114440918,14.680000305175781,13.71607780456543,161040
2014-05-07,14.199999809265137,15.199999809265137,13.954999923706055,14.680000305175781,13.71607780456543,48020
2014-05-08,14.005000114440918,15.885000228881836,14.0,15.439998626708984,14.426173210144043,111810
2014-05-09,15.84000015258789,15.84000015258789,15.0,15.100000381469727,14.108500480651855,236110
2014-05-12,15.050000190734863,15.5,14.3100004196167,14.75,13.781481742858887,85580
2014-05-13,14.600000381469727,15.380000114440918,14.529999732971191,14.9399995803833,13.959007263183594,26710
2014-05-14,14.600000381469727,15.0,14.505000114440918,14.970000267028809,13.98703670501709,34480
2014-05-15,14.819999694824219,15.154999732971191,14.520000457763672,14.96500015258789,13.982365608215332,16060
2014-05-16,14.399999618530273,15.5,14.399999618530273,14.795000076293945,13.823526382446289,22830
2014-05-19,14.199999809265137,16.270000457763672,14.199999809265137,15.994999885559082,14.944732666015625,243910
2014-05-20,16.795000076293945,17.200000762939453,15.645000457763672,16.100000381469727,15.042839050292969,45780
2014-05-21,15.515000343322754,17.5,15.515000343322754,17.219999313354492,16.089296340942383,398080
2014-05-22,16.5,18.485000610351562,16.5,18.3700008392334,17.163785934448242,123990
2014-05-23,18.899999618530273,19.700000762939453,18.399999618530273,18.579999923706055,17.359996795654297,357100
2014-05-26,19.049999237060547,19.5049991607666,18.049999237060547,18.594999313354492,17.37401008605957,317800
2014-05-27,19.4950008392334,19.5,17.670000076293945,18.100000381469727,16.911514282226562,81900
2014-05-28,18.850000381469727,19.0049991607666,18.010000228881836,18.810001373291016,17.57489776611328,340920
2014-05-29,18.5,19.739999771118164,18.100000381469727,19.189998626708984,17.92993927001953,335950
2014-05-30,18.799999237060547,19.75,18.700000762939453,19.219999313354492,17.957971572875977,215610
2014-06-02,20.18000030517578,20.18000030517578,20.18000030517578,20.18000030517578,18.854936599731445,129290
2014-06-03,21.184999465942383,21.184999465942383,21.184999465942383,21.184999465942383,19.793947219848633,20140
2014-06-04,22.239999771118164,22.239999771118164,21.600000381469727,22.239999771118164,20.7796688079834,428540
2014-06-05,23.350000381469727,23.350000381469727,23.350000381469727,23.350000381469727,21.816787719726562,19790
2014-06-06,24.514999389648438,24.514999389648438,23.700000762939453,24.514999389648438,22.905290603637695,208200
2014-06-09,25.739999771118164,25.739999771118164,25.204999923706055,25.739999771118164,24.049856185913086,110870
2014-06-10,27.0,27.024999618530273,25.5049991607666,26.709999084472656,24.956161499023438,203640
2014-06-11,28.0,28.0,25.375,25.594999313354492,23.91437530517578,193940
2014-06-12,25.5,26.8700008392334,24.354999542236328,26.375,24.643157958984375,160330
2014-06-13,27.479999542236328,27.479999542236328,25.219999313354492,25.885000228881836,24.18533706665039,130450
2014-06-16,24.704999923706055,26.450000762939453,24.625,25.520000457763672,23.844301223754883,74800
2014-06-17,26.389999389648438,26.795000076293945,26.100000381469727,26.795000076293945,25.035581588745117,102000
2014-06-18,28.1299991607666,28.1299991607666,27.0,28.1299991607666,26.282920837402344,320620
2014-06-19,28.299999237060547,29.53499984741211,28.204999923706055,29.53499984741211,27.59566879272461,177050
2014-06-20,30.0,31.010000228881836,29.600000381469727,31.010000228881836,28.973814010620117,168990
2014-06-23,32.47999954223633,32.560001373291016,29.459999084472656,30.954999923706055,28.92242431640625,316700
2014-06-24,32.0,32.29499816894531,30.5,31.875,29.782012939453125,190450
2014-06-25,32.0,33.46500015258789,31.200000762939453,33.45000076293945,31.25360107421875,226790
2014-06-26,33.45000076293945,35.099998474121094,32.65999984741211,33.22999954223633,31.048044204711914,332140
2014-06-27,32.900001525878906,34.48500061035156,31.575000762939453,32.650001525878906,30.506128311157227,200100
2014-06-30,31.200000762939453,33.29999923706055,31.020000457763672,32.459999084472656,30.32860565185547,78730
2014-07-01,32.0,33.380001068115234,30.850000381469727,32.14500045776367,30.034292221069336,42520
2014-07-02,32.20000076293945,33.369998931884766,31.0,33.0099983215332,30.84248924255371,41960
2014-07-03,31.75,34.0,31.75,33.68000030517578,31.468494415283203,77510
2014-07-04,33.29499816894531,35.36000061035156,33.29499816894531,35.36000061035156,33.03818893432617,181690
2014-07-07,36.900001525878906,37.125,35.58000183105469,37.125,34.68729019165039,101970
2014-07-08,38.900001525878906,38.97999954223633,36.5,37.005001068115234,34.57516860961914,194930
2014-07-09,38.5,38.5,35.154998779296875,35.369998931884766,33.047523498535156,69050
2014-07-10,35.0,37.0099983215332,33.60499954223633,34.43000030517578,32.16925048828125,63900
2014-07-11,35.0,35.0,32.709999084472656,32.709999084472656,30.56218719482422,38700
2014-07-14,31.524999618530273,33.0,31.079999923706055,31.969999313354492,29.870777130126953,25790
2014-07-15,31.969999313354492,33.564998626708984,31.969999313354492,33.55500030517578,31.351701736450195,24420
2014-07-16,35.20000076293945,35.22999954223633,34.224998474121094,35.22999954223633,32.916717529296875,29000
2014-07-17,36.26499938964844,36.9900016784668,35.5,36.31999969482422,33.935142517089844,68190
2014-07-18,36.5,37.70000076293945,34.505001068115234,35.82500076293945,33.47265625,43750
2014-07-21,37.61000061035156,37.6150016784668,37.61000061035156,37.6150016784668,35.14512252807617,131030
2014-07-22,39.494998931884766,39.494998931884766,36.0,39.029998779296875,36.467201232910156,333320
2014-07-23,39.060001373291016,40.599998474121094,37.10499954223633,39.41999816894531,36.83159255981445,311290
2014-07-24,39.20000076293945,41.0,38.70000076293945,40.470001220703125,37.812652587890625,97950
2014-07-25,40.400001525878906,41.3849983215332,38.650001525878906,39.34000015258789,36.75685501098633,26510
2014-07-28,39.0,39.34000015258789,37.375,38.5,35.972015380859375,69960
2014-07-30,37.0099983215332,38.29999923706055,36.57500076293945,37.97999954223633,35.48615264892578,55000
2014-07-31,39.290000915527344,39.5,36.29999923706055,38.75,36.20559310913086,74760
2014-08-01,38.70000076293945,40.5,37.40999984741211,40.26499938964844,37.62110900878906,129450
2014-08-04,40.26499938964844,42.275001525878906,38.51499938964844,41.470001220703125,38.74699020385742,205980
2014-08-05,41.599998474121094,43.25,40.900001525878906,42.07500076293945,39.31226348876953,33960
2014-08-06,42.0,44.025001525878906,41.29999923706055,43.8849983215332,41.00341796875,102170
2014-08-07,44.0,44.77000045776367,41.70000076293945,43.0099983215332,40.18587112426758,39300
2014-08-08,42.869998931884766,42.869998931884766,40.86000061035156,40.86000061035156,38.17704391479492,76630
2014-08-11,40.875,42.3849983215332,39.0,39.494998931884766,36.90167236328125,64180
2014-08-12,39.005001068115234,40.29999923706055,39.0,39.85499954223633,37.238040924072266,45060
2014-08-13,41.185001373291016,41.845001220703125,37.900001525878906,41.154998779296875,38.452667236328125,202360
2014-08-14,42.970001220703125,43.209999084472656,41.11000061035156,43.209999084472656,40.372737884521484,212810
2014-08-18,45.369998931884766,45.369998931884766,45.369998931884766,45.369998931884766,42.390907287597656,35360
2014-08-19,47.6349983215332,47.6349983215332,47.6349983215332,47.6349983215332,44.50718307495117,7400
2014-08-20,50.01499938964844,50.01499938964844,50.01499938964844,50.01499938964844,46.73090362548828,12470
2014-08-21,52.51499938964844,52.51499938964844,52.51499938964844,52.51499938964844,49.066749572753906,5500
2014-08-22,55.13999938964844,55.13999938964844,55.13999938964844,55.13999938964844,51.51938247680664,1110
2014-08-25,57.89500045776367,57.89500045776367,57.89500045776367,57.89500045776367,54.09348678588867,6280
2014-08-26,60.78499984741211,60.78499984741211,58.599998474121094,60.78499984741211,56.793724060058594,1231250
2014-08-27,61.790000915527344,62.970001220703125,58.529998779296875,60.17499923706055,56.22377395629883,253550
2014-08-28,61.900001525878906,63.18000030517578,60.04999923706055,63.18000030517578,59.03145980834961,322630
2014-09-01,66.03500366210938,66.33499908447266,65.0,66.33499908447266,61.97929763793945,92390
2014-09-02,69.6500015258789,69.6500015258789,68.70500183105469,69.6500015258789,65.07664489746094,223920
2014-09-03,73.0,73.12999725341797,71.5,73.12999725341797,68.32811737060547,274340
2014-09-04,72.0999984741211,76.47000122070312,70.00499725341797,76.47000122070312,71.74313354492188,359350
2014-09-05,77.0,80.29000091552734,76.47000122070312,80.29000091552734,75.32699584960938,354600
2014-09-08,83.79000091552734,84.30000305175781,81.19999694824219,83.82499694824219,78.64347076416016,397040
2014-09-09,84.0,84.0,79.63500213623047,79.63500213623047,74.71249389648438,88380
2014-09-10,75.65499877929688,75.65499877929688,75.65499877929688,75.65499877929688,70.97850036621094,14330
2014-09-11,71.875,79.43499755859375,71.875,79.43499755859375,74.52484130859375,244970
2014-09-12,83.4000015258789,83.4000015258789,77.0,79.94999694824219,75.00799560546875,80540
2014-09-15,82.87999725341797,83.94499969482422,82.87999725341797,83.94499969482422,78.75606536865234,195080
2014-09-16,88.13999938964844,88.13999938964844,83.5,87.18499755859375,81.79579162597656,234720
2014-09-17,86.33999633789062,91.0,83.55500030517578,88.80000305175781,83.31096649169922,205820
2014-09-18,92.30000305175781,93.23999786376953,90.5999984741211,93.23999786376953,87.47651672363281,71950
2014-09-19,97.9000015258789,97.9000015258789,96.0999984741211,97.9000015258789,91.84844970703125,104180
2014-09-22,102.63999938964844,102.79499816894531,100.0,102.79499816894531,96.44088745117188,162520
2014-09-23,107.0,107.93000030517578,105.0,107.86499786376953,101.19749450683594,159850
2014-09-24,111.80000305175781,113.0,102.4749984741211,105.43499755859375,98.91769409179688,234600
2014-09-25,109.88999938964844,109.88999938964844,100.16500091552734,100.16500091552734,93.97344970703125,41790
2014-09-26,95.16000366210938,103.5999984741211,95.16000366210938,100.9800033569336,94.73808288574219,145220
2014-09-29,105.9000015258789,106.0250015258789,100.0,102.23999786376953,95.9201889038086,138560
2014-09-30,103.0,107.3499984741211,100.0,107.3499984741211,100.71431732177734,168890
2014-10-01,111.80000305175781,112.4000015258789,104.5,108.38500213623047,101.68534851074219,126600
2014-10-07,110.0,110.0,102.97000122070312,103.7699966430664,97.35560607910156,160540
2014-10-08,108.95999908447266,108.95999908447266,98.5999984741211,99.55999755859375,93.40583801269531,51565
2014-10-09,100.4000015258789,104.5199966430664,94.5999984741211,104.5199966430664,98.05924987792969,34840
2014-10-10,107.4000015258789,109.73999786376953,105.19999694824219,109.73999786376953,102.95659637451172,52850
2014-10-13,113.72000122070312,115.22000122070312,112.0,115.22000122070312,108.09784698486328,53847
2014-10-14,118.80000305175781,120.9800033569336,112.0,120.95999908447266,113.48303985595703,184925
2014-10-15,120.95999908447266,120.95999908447266,120.95999908447266,120.95999908447266,113.48303985595703,0
2014-10-16,124.4000015258789,124.4000015258789,114.91999816894531,114.91999816894531,107.81639099121094,90135
2014-10-17,117.5199966430664,120.66000366210938,109.18000030517578,119.41999816894531,112.03822326660156,148727
2014-10-20,118.23999786376953,123.5999984741211,113.45999908447266,114.87999725341797,107.77885437011719,75282
2014-10-21,109.19999694824219,112.72000122070312,109.13999938964844,109.13999938964844,102.39368438720703,80120
2014-10-22,113.19999694824219,114.4000015258789,103.72000122070312,112.44000244140625,105.48969268798828,91350
2014-10-27,116.0,116.0,108.37999725341797,108.4000015258789,101.69941711425781,32905
2014-10-28,104.12000274658203,113.58000183105469,103.5999984741211,110.4800033569336,103.6508560180664,63702
2014-10-29,108.4000015258789,113.5999984741211,106.0199966430664,112.95999908447266,105.9775390625,78377
2014-10-30,114.4000015258789,114.4000015258789,108.94000244140625,110.23999786376953,103.4256820678711,38997
2014-10-31,105.23999786376953,115.73999786376953,105.23999786376953,115.45999908447266,108.32301330566406,123972
2014-11-03,115.0999984741211,119.5199966430664,109.72000122070312,113.12000274658203,106.1276626586914,53630
2014-11-05,115.5999984741211,115.5999984741211,110.04000091552734,111.77999877929688,104.8704833984375,47602
2014-11-07,108.80000305175781,114.19999694824219,106.19999694824219,111.95999908447266,105.03936004638672,88430
2014-11-10,115.19999694824219,115.19999694824219,108.0,108.54000091552734,101.83076477050781,25570
2014-11-11,110.0,113.95999908447266,108.23999786376953,113.95999908447266,106.91573333740234,58235
2014-11-12,119.63999938964844,119.63999938964844,116.0,119.63999938964844,112.24464416503906,73020
2014-11-13,124.72000122070312,124.72000122070312,113.66000366210938,113.66000366210938,106.63427734375,224592
2014-11-14,107.9800033569336,107.9800033569336,107.9800033569336,107.9800033569336,101.3053970336914,33297
2014-11-17,102.5999984741211,102.5999984741211,102.5999984741211,102.5999984741211,96.25791931152344,42390
2014-11-18,98.22000122070312,102.0,97.4800033569336,97.4800033569336,91.45442962646484,828082
2014-11-19,92.62000274658203,99.19999694824219,92.62000274658203,93.16000366210938,87.40145111083984,763787
2014-11-20,92.4000015258789,97.5999984741211,90.0,92.9800033569336,87.23259735107422,235297
2014-11-21,94.0,95.91999816894531,90.0,91.08000183105469,85.45003509521484,103235
2014-11-24,91.19999694824219,93.0,86.54000091552734,86.9000015258789,81.52841186523438,258910
2014-11-25,88.0,89.37999725341797,82.55999755859375,82.68000030517578,77.56925964355469,238830
2014-11-26,80.0,86.80000305175781,78.55999755859375,85.12000274658203,79.85842895507812,615867
2014-11-27,87.19999694824219,87.58000183105469,82.83999633789062,84.31999969482422,79.10787200927734,255380
2014-11-28,85.87999725341797,85.91999816894531,83.19999694824219,84.33999633789062,79.12664794921875,110782
2014-12-01,87.19999694824219,87.19999694824219,80.13999938964844,80.13999938964844,75.18627166748047,64170
2014-12-02,80.0,80.0,76.13999938964844,76.19999694824219,71.48981475830078,103217
2014-12-03,72.87999725341797,78.0,72.4000015258789,73.63999938964844,69.08805847167969,490470
2014-12-04,72.76000213623047,76.5999984741211,71.95999908447266,73.26000213623047,68.7315444946289,210440
2014-12-05,73.55999755859375,74.5999984741211,69.5999984741211,69.87999725341797,65.56046295166016,231142
2014-12-08,71.95999908447266,71.95999908447266,66.45999908447266,66.77999877929688,62.65208435058594,241397
2014-12-09,66.77999877929688,70.0999984741211,64.22000122070312,65.86000061035156,61.78896713256836,467257
2014-12-10,66.0,67.83999633789062,65.26000213623047,67.18000030517578,63.027374267578125,76862
2014-12-11,67.5999984741211,69.5999984741211,65.19999694824219,68.95999908447266,64.69733428955078,73680
2014-12-12,68.80000305175781,72.4000015258789,68.80000305175781,72.4000015258789,67.92469787597656,166947
2014-12-15,74.5999984741211,75.45999908447266,69.44000244140625,70.41999816894531,66.06710052490234,154230
2014-12-16,70.0199966430664,70.0199966430664,66.9000015258789,66.9000015258789,62.764678955078125,51965
2014-12-17,67.55999755859375,67.55999755859375,63.560001373291016,64.19999694824219,60.231571197509766,173590
2014-12-18,64.44000244140625,66.4000015258789,61.7599983215332,65.81999969482422,61.751441955566406,79922
2014-12-19,65.5999984741211,68.0,65.23999786376953,65.72000122070312,61.657623291015625,81970
2014-12-22,67.4800033569336,67.4800033569336,62.439998626708984,62.52000045776367,58.655418395996094,88915
2014-12-23,63.58000183105469,63.58000183105469,59.400001525878906,59.47999954223633,55.80332946777344,90390
2014-12-24,60.0,60.7400016784668,56.599998474121094,59.279998779296875,55.61569595336914,92882
2014-12-26,58.68000030517578,62.2400016784668,57.599998474121094,61.720001220703125,57.904876708984375,133885
2014-12-29,63.560001373291016,64.80000305175781,63.02000045776367,64.80000305175781,60.794490814208984,36857
2014-12-30,67.19999694824219,68.04000091552734,66.41999816894531,68.04000091552734,63.834205627441406,170917
2014-12-31,68.80000305175781,71.44000244140625,68.0,71.44000244140625,67.0240478515625,425790
2015-01-01,72.0,75.0,72.0,75.0,70.36398315429688,68752
2015-01-02,77.80000305175781,83.5199966430664,77.0199966430664,79.86000061035156,74.92357635498047,766677
2015-01-05,83.55999755859375,83.55999755859375,78.0,80.5999984741211,75.61782836914062,249910
2015-01-06,78.4800033569336,79.16000366210938,74.4800033569336,75.13999938964844,70.4953384399414,181697
2015-01-07,76.80000305175781,76.80000305175781,71.41999816894531,73.0999984741211,68.58142852783203,190290
2015-01-08,75.95999908447266,79.5999984741211,73.4800033569336,75.5,70.83307647705078,247662
2015-01-09,77.94000244140625,77.94000244140625,72.4800033569336,72.94000244140625,68.43132019042969,121560
2015-01-12,74.55999755859375,74.95999908447266,72.26000213623047,72.86000061035156,68.35627746582031,97625
2015-01-13,72.81999969482422,73.5999984741211,61.099998474121094,70.77999877929688,66.40484619140625,174002
2015-01-14,70.16000366210938,73.5199966430664,69.5999984741211,70.5,66.14214324951172,110052
2015-01-15,72.58000183105469,84.5999984741211,70.80000305175781,82.80000305175781,77.68184661865234,1479202
2015-01-16,83.23999786376953,85.69999694824219,81.19999694824219,83.83999633789062,78.65756225585938,748335
2015-01-19,85.5199966430664,87.76000213623047,83.5999984741211,84.0199966430664,78.82642364501953,351232
2015-01-20,86.04000091552734,87.95999908447266,84.80000305175781,85.30000305175781,80.02731323242188,319670
2015-01-21,85.31999969482422,86.16000366210938,81.05999755859375,83.19999694824219,78.05711364746094,162095
2015-01-22,83.19999694824219,84.0,80.44000244140625,81.0,75.99310302734375,102975
2015-01-23,82.4000015258789,86.4000015258789,81.33999633789062,83.0,77.8694839477539,448455
2015-01-27,83.5999984741211,84.80000305175781,79.4000015258789,81.37999725341797,76.34961700439453,102182
2015-01-28,82.5999984741211,84.41999816894531,80.80000305175781,81.62000274658203,76.57478332519531,201355
2015-01-29,81.9800033569336,83.08000183105469,80.45999908447266,80.86000061035156,75.86177062988281,93207
2015-01-30,82.4000015258789,82.4000015258789,78.0,78.80000305175781,73.92910766601562,80500
2015-02-02,78.05999755859375,82.19999694824219,77.22000122070312,81.72000122070312,76.6686019897461,89772
2015-02-03,83.05999755859375,88.31999969482422,83.04000091552734,85.5,80.21495056152344,448760
2015-02-04,86.30000305175781,89.44000244140625,84.9000015258789,86.37999725341797,81.0405502319336,258925
2015-02-05,86.37999725341797,88.0,82.19999694824219,82.91999816894531,77.79442596435547,121937
2015-02-06,83.5999984741211,95.19999694824219,83.58000183105469,88.36000061035156,82.89816284179688,1555157
2015-02-09,87.44000244140625,88.72000122070312,82.80000305175781,84.13999938964844,78.93901062011719,187450
2015-02-10,82.33999633789062,86.4000015258789,80.0,83.77999877929688,78.60124969482422,139767
2015-02-11,84.4000015258789,85.63999938964844,81.19999694824219,81.91999816894531,76.85623931884766,132412
2015-02-12,82.68000030517578,84.4000015258789,81.31999969482422,82.12000274658203,77.04387664794922,121122
2015-02-13,82.41999816894531,83.80000305175781,81.19999694824219,81.69999694824219,76.64984130859375,107592
2015-02-16,82.19999694824219,82.80000305175781,80.0199966430664,80.45999908447266,75.48648834228516,97350
2015-02-18,82.0,83.33999633789062,80.95999908447266,81.62000274658203,76.57478332519531,246642
2015-02-19,82.04000091552734,82.68000030517578,80.83999633789062,81.44000244140625,76.4059066772461,160620
2015-02-20,82.13999938964844,87.5999984741211,80.80000305175781,84.95999908447266,79.70832824707031,275795
2015-02-23,85.9800033569336,90.9000015258789,84.0,89.37999725341797,83.8551025390625,369105
2015-02-24,90.54000091552734,91.95999908447266,86.87999725341797,88.16000366210938,82.71051025390625,283060
2015-02-25,88.22000122070312,89.83999633789062,85.19999694824219,86.22000122070312,80.89043426513672,165000
2015-02-26,87.33999633789062,87.87999725341797,83.44000244140625,83.9800033569336,78.78890991210938,137490
2015-02-27,85.44000244140625,87.5999984741211,84.86000061035156,86.05999755859375,80.74032592773438,150320
2015-03-02,85.80000305175781,97.91999816894531,85.80000305175781,94.0199966430664,88.20829010009766,1412707
2015-03-03,95.12000274658203,101.5199966430664,94.44000244140625,99.9800033569336,93.79988861083984,670390
2015-03-04,100.80000305175781,104.0,95.83999633789062,96.5,90.53500366210938,372385
2015-03-05,97.55999755859375,103.54000091552734,96.16000366210938,96.80000305175781,90.81645965576172,131110
2015-03-09,95.91999816894531,104.0,93.5999984741211,99.18000030517578,93.0493392944336,249075
2015-03-10,102.0,103.95999908447266,98.62000274658203,99.77999877929688,93.61224365234375,181100
2015-03-11,100.4000015258789,101.27999877929688,97.5999984741211,98.4800033569336,92.39261627197266,86907
2015-03-12,98.5999984741211,101.13999938964844,97.66000366210938,98.41999816894531,92.33631134033203,82877
2015-03-13,98.5,99.0999984741211,94.0,94.33999633789062,88.50851440429688,96905
2015-03-16,94.80000305175781,95.5,92.19999694824219,92.66000366210938,86.93235778808594,72170
2015-03-17,91.0199966430664,93.69999694824219,90.4000015258789,91.72000122070312,86.05046844482422,65342
2015-03-18,91.72000122070312,92.94000244140625,90.4000015258789,90.81999969482422,85.20609283447266,60472
2015-03-19,90.80000305175781,97.81999969482422,90.80000305175781,94.73999786376953,88.8837890625,156825
2015-03-20,94.73999786376953,95.19999694824219,90.12000274658203,90.45999908447266,84.86836242675781,73825
2015-03-23,89.62000274658203,94.4000015258789,86.66000366210938,87.12000274658203,81.73480224609375,98072
2015-03-24,86.22000122070312,93.58000183105469,86.22000122070312,91.83999633789062,86.16304016113281,204930
2015-03-25,92.05999755859375,93.12000274658203,88.54000091552734,89.44000244140625,83.91141510009766,52822
2015-03-26,88.0199966430664,90.36000061035156,86.9000015258789,87.5999984741211,82.18513488769531,68615
2015-03-27,93.58000183105469,93.5999984741211,81.95999908447266,84.80000305175781,79.5582275390625,133052
2015-03-30,89.27999877929688,90.0,87.19999694824219,89.0199966430664,83.51734924316406,170805
2015-03-31,89.95999908447266,89.95999908447266,86.08000183105469,87.19999694824219,81.80986785888672,81850
2015-04-01,87.5199966430664,89.5999984741211,86.44000244140625,87.95999908447266,82.52287292480469,80730
2015-04-06,91.12000274658203,91.12000274658203,87.0,88.58000183105469,83.10456085205078,67882
2015-04-07,88.4000015258789,89.5199966430664,87.31999969482422,87.80000305175781,82.37277221679688,76187
2015-04-08,88.80000305175781,96.80000305175781,88.45999908447266,96.22000122070312,90.27230834960938,252767
2015-04-09,97.19999694824219,101.5999984741211,96.04000091552734,96.69999694824219,90.72264862060547,260897
2015-04-10,97.77999877929688,102.68000030517578,96.80000305175781,101.68000030517578,95.3947982788086,239660
2015-04-13,102.27999877929688,108.80000305175781,102.27999877929688,107.94000244140625,101.2678451538086,338635
2015-04-15,108.80000305175781,111.19999694824219,102.04000091552734,104.0999984741211,97.66521453857422,197877
2015-04-16,104.54000091552734,104.9800033569336,98.0,100.05999755859375,93.87493896484375,145982
2015-04-17,100.87999725341797,101.13999938964844,95.58000183105469,96.23999786376953,90.29106140136719,113692
2015-04-20,96.0199966430664,97.44000244140625,91.27999877929688,92.9000015258789,87.15753936767578,85090
2015-04-21,92.04000091552734,97.9800033569336,91.30000305175781,96.77999877929688,90.79768371582031,96617
2015-04-22,98.36000061035156,101.95999908447266,93.5999984741211,94.5999984741211,88.75244903564453,183290
2015-04-23,95.27999877929688,97.55999755859375,93.62000274658203,95.16000366210938,89.27783966064453,93772
2015-04-24,95.9000015258789,95.9000015258789,89.0,89.94000244140625,84.3804931640625,96555
2015-04-27,90.4800033569336,91.33999633789062,85.33999633789062,86.44000244140625,81.09683990478516,84765
2015-04-28,86.80000305175781,90.0,84.4000015258789,86.16000366210938,80.83415222167969,130822
2015-04-29,85.55999755859375,88.76000213623047,85.30000305175781,86.72000122070312,81.35954284667969,106805
2015-04-30,86.31999969482422,87.5199966430664,83.23999786376953,84.9800033569336,79.72708892822266,112722
2015-05-04,85.4800033569336,89.4800033569336,85.4800033569336,88.36000061035156,82.89816284179688,70695
2015-05-05,88.4000015258789,94.0,87.5999984741211,93.0,87.2513427734375,142665
2015-05-06,92.73999786376953,96.55999755859375,87.05999755859375,88.18000030517578,82.72928619384766,196970
2015-05-07,87.83999633789062,89.19999694824219,85.19999694824219,87.44000244140625,82.03501892089844,78077
2015-05-08,88.62000274658203,90.72000122070312,88.04000091552734,88.4000015258789,82.93568420410156,69110
2015-05-11,89.5199966430664,91.95999908447266,89.0,90.23999786376953,84.66194915771484,46310
2015-05-12,90.26000213623047,91.72000122070312,87.44000244140625,91.16000366210938,85.52507781982422,63575
2015-05-13,91.54000091552734,94.37999725341797,91.31999969482422,93.30000305175781,87.53280639648438,85110
2015-05-14,93.0999984741211,94.0,91.41999816894531,92.12000274658203,86.4257583618164,40762
2015-05-15,92.0,99.5199966430664,92.0,98.76000213623047,92.6552963256836,212572
2015-05-18,99.5999984741211,103.5199966430664,91.5999984741211,95.0,89.12772369384766,507087
2015-05-19,82.04000091552734,85.54000091552734,82.04000091552734,83.0199966430664,77.88824462890625,1316585
2015-05-20,83.5999984741211,86.80000305175781,83.5999984741211,86.04000091552734,80.7215576171875,455385
2015-05-21,85.0999984741211,87.5999984741211,85.0999984741211,86.4800033569336,81.13436889648438,193555
2015-05-22,86.36000061035156,87.04000091552734,85.58000183105469,86.0,80.68404388427734,165045
2015-05-25,85.9000015258789,86.72000122070312,85.4000015258789,86.0199966430664,80.70280456542969,155930
2015-05-26,86.26000213623047,86.26000213623047,85.0,85.26000213623047,79.9897689819336,81405
2015-05-27,83.26000213623047,85.66000366210938,83.26000213623047,84.9800033569336,79.72708892822266,60007
2015-05-28,84.13999938964844,85.80000305175781,81.5999984741211,83.41999816894531,78.26351165771484,106637
2015-05-29,84.0,87.86000061035156,82.62000274658203,85.4800033569336,80.1961898803711,90170
2015-06-01,86.0,86.4000015258789,85.04000091552734,85.55999755859375,80.27122497558594,138780
2015-06-02,86.0199966430664,86.4000015258789,82.80000305175781,83.23999786376953,78.09464263916016,49750
2015-06-03,84.0,84.0,75.27999877929688,76.16000366210938,71.45227813720703,132722
2015-06-04,77.19999694824219,77.19999694824219,73.86000061035156,74.37999725341797,69.78230285644531,80535
2015-06-05,75.55999755859375,75.5999984741211,73.36000061035156,73.81999969482422,69.25691986083984,59787
2015-06-08,74.62000274658203,74.62000274658203,69.80000305175781,70.44000244140625,66.08584594726562,74265
2015-06-09,69.31999969482422,69.5999984741211,66.44000244140625,67.23999786376953,63.08365249633789,90912
2015-06-10,68.0,73.91999816894531,67.23999786376953,72.9000015258789,68.39379119873047,109060
2015-06-11,74.44000244140625,78.80000305175781,70.80000305175781,71.87999725341797,67.43684387207031,160665
2015-06-12,72.0,74.16000366210938,69.68000030517578,71.68000030517578,67.24919891357422,119975
2015-06-15,73.5999984741211,75.95999908447266,71.62000274658203,72.4000015258789,67.92469787597656,73982
2015-06-16,72.23999786376953,72.80000305175781,71.16000366210938,71.5999984741211,67.17414855957031,25967
2015-06-17,73.44000244140625,73.5199966430664,71.19999694824219,71.95999908447266,67.51190185546875,41852
2015-06-18,72.0,73.83999633789062,71.30000305175781,71.95999908447266,67.51190185546875,121095
2015-06-19,72.19999694824219,73.19999694824219,70.08000183105469,70.41999816894531,66.06710052490234,84332
2015-06-22,70.4800033569336,72.94000244140625,70.44000244140625,71.66000366210938,67.2304458618164,34007
2015-06-23,71.19999694824219,72.4000015258789,69.80000305175781,69.9800033569336,65.654296875,79862
2015-06-24,72.0,75.87999725341797,70.0,70.45999908447266,66.1046142578125,370272
2015-06-25,71.58000183105469,72.18000030517578,70.4000015258789,70.83999633789062,66.46112823486328,91220
2015-06-26,70.95999908447266,71.58000183105469,69.5999984741211,69.83999633789062,65.52294921875,41980
2015-06-29,68.44000244140625,68.44000244140625,64.13999938964844,65.58000183105469,61.526268005371094,202052
2015-06-30,65.37999725341797,67.9800033569336,65.37999725341797,67.27999877929688,63.121192932128906,87840
2015-07-01,67.58000183105469,73.86000061035156,66.5199966430664,72.13999938964844,67.68077087402344,200897
2015-07-02,72.4800033569336,73.4800033569336,71.30000305175781,72.45999908447266,67.9809799194336,86117
2015-07-03,72.37999725341797,77.33999633789062,70.54000091552734,75.0199966430664,70.38275909423828,188620
2015-07-06,72.80000305175781,73.19999694824219,71.27999877929688,72.16000366210938,67.69953918457031,99215
2015-07-07,72.73999786376953,73.5999984741211,71.26000213623047,71.54000091552734,67.11785888671875,59050
2015-07-08,70.31999969482422,70.81999969482422,68.4000015258789,69.36000061035156,65.07262420654297,51867
2015-07-09,69.36000061035156,71.55999755859375,68.77999877929688,70.72000122070312,66.34854888916016,57167
2015-07-10,70.80000305175781,72.69999694824219,70.4000015258789,70.76000213623047,66.38607788085938,21840
2015-07-13,70.23999786376953,71.95999908447266,70.22000122070312,71.0199966430664,66.6300048828125,20047
2015-07-14,71.94000244140625,71.95999908447266,70.0,70.87999725341797,66.4986572265625,29182
2015-07-15,71.4800033569336,75.55999755859375,71.18000030517578,73.63999938964844,69.08805847167969,109805
2015-07-16,74.80000305175781,75.19999694824219,72.45999908447266,73.19999694824219,68.67524719238281,44997
2015-07-17,73.5999984741211,73.5999984741211,71.31999969482422,71.87999725341797,67.43684387207031,24122
2015-07-20,71.22000122070312,72.0,69.91999816894531,70.58000183105469,66.21720886230469,43812
2015-07-21,71.19999694824219,71.19999694824219,68.31999969482422,68.54000091552734,64.30329895019531,47675
2015-07-22,69.12000274658203,70.0,68.4000015258789,69.12000274658203,64.84745025634766,42697
2015-07-23,69.22000122070312,71.5999984741211,67.5999984741211,68.26000213623047,64.04061126708984,90047
2015-07-24,68.9000015258789,71.4000015258789,67.62000274658203,70.77999877929688,66.40484619140625,144095
2015-07-27,70.77999877929688,70.77999877929688,68.62000274658203,69.0199966430664,64.75363159179688,28917
2015-07-28,68.9000015258789,74.19999694824219,68.58000183105469,71.76000213623047,67.32426452636719,98385
2015-07-29,72.73999786376953,73.31999969482422,70.0,70.37999725341797,66.0295639038086,88700
2015-07-30,70.18000030517578,73.16000366210938,69.69999694824219,70.05999755859375,65.7293472290039,99922
2015-07-31,71.37999725341797,71.5999984741211,69.4000015258789,69.86000061035156,65.54171752929688,52290
2015-08-03,71.19999694824219,78.0,70.4000015258789,75.9800033569336,71.28340911865234,308017
2015-08-04,76.45999908447266,77.58000183105469,73.0,73.45999908447266,68.91917419433594,144462
2015-08-05,74.36000061035156,78.80000305175781,73.41999816894531,75.58000183105469,70.90814208984375,202807
2015-08-06,76.73999786376953,77.05999755859375,74.41999816894531,76.05999755859375,71.35845184326172,55330
2015-08-07,77.55999755859375,78.62000274658203,75.72000122070312,76.4000015258789,71.67744445800781,98300
2015-08-10,76.22000122070312,77.63999938964844,75.5999984741211,76.0199966430664,71.3209457397461,58972
2015-08-11,76.4000015258789,76.4000015258789,72.31999969482422,73.0199966430664,68.50637817382812,67432
2015-08-12,75.18000030517578,75.18000030517578,58.41999816894531,61.2400016784668,57.45454025268555,686990
2015-08-13,61.0,64.4000015258789,53.63999938964844,55.560001373291016,52.125640869140625,448097
2015-08-14,56.02000045776367,60.400001525878906,56.02000045776367,59.439998626708984,55.76580047607422,134282
2015-08-17,60.0,60.2400016784668,57.720001220703125,58.5,54.8839111328125,94897
2015-08-18,58.63999938964844,62.0,58.619998931884766,60.959999084472656,57.19184875488281,139362
2015-08-19,61.58000183105469,64.76000213623047,61.58000183105469,64.04000091552734,60.08146286010742,219615
2015-08-20,64.0,64.5999984741211,60.0,60.779998779296875,57.02297592163086,160705
2015-08-21,60.0,60.0,57.459999084472656,58.91999816894531,55.2779426574707,89962
2015-08-24,56.86000061035156,59.20000076293945,54.040000915527344,56.29999923706055,52.81990051269531,523015
2015-08-25,56.84000015258789,60.779998779296875,55.400001525878906,58.02000045776367,54.4335823059082,275760
2015-08-26,57.20000076293945,61.599998474121094,54.41999816894531,60.959999084472656,57.19184875488281,220900
2015-08-27,62.0,63.20000076293945,60.400001525878906,62.18000030517578,58.3364372253418,260537
2015-08-28,62.400001525878906,65.19999694824219,62.20000076293945,64.54000091552734,60.55055236816406,98212
2015-08-31,64.30000305175781,68.18000030517578,63.7599983215332,66.9800033569336,62.839725494384766,91987
2015-09-01,64.55999755859375,66.37999725341797,64.55999755859375,65.5199966430664,61.46997833251953,43400
2015-09-02,65.5199966430664,68.4000015258789,64.66000366210938,67.86000061035156,63.665340423583984,82777
2015-09-03,67.19999694824219,70.0,67.19999694824219,67.62000274658203,63.44017028808594,55957
2015-09-04,68.37999725341797,68.37999725341797,62.79999923706055,64.05999755859375,60.10022735595703,107317
2015-09-07,66.0,66.44000244140625,64.0,64.9000015258789,60.8883056640625,68950
2015-09-08,64.62000274658203,68.72000122070312,64.04000091552734,67.9800033569336,63.77791976928711,89082
2015-09-09,67.30000305175781,69.19999694824219,67.19999694824219,68.69999694824219,64.45340728759766,54742
2015-09-10,67.58000183105469,69.19999694824219,66.80000305175781,68.69999694824219,65.40544891357422,59697
2015-09-11,69.4800033569336,69.4800033569336,67.19999694824219,67.94000244140625,64.6819076538086,9175
2015-09-14,68.37999725341797,76.4000015258789,67.4800033569336,74.23999786376953,70.6797866821289,138832
2015-09-15,80.36000061035156,82.19999694824219,77.62000274658203,78.12000274658203,74.37372589111328,1419322
2015-09-16,79.23999786376953,81.5999984741211,72.4000015258789,74.91999816894531,71.32716369628906,319110
2015-09-18,76.5999984741211,78.4000015258789,75.19999694824219,76.73999786376953,73.05989837646484,138502
2015-09-21,76.4000015258789,77.30000305175781,75.5999984741211,76.08000183105469,72.43155670166016,48767
2015-09-22,74.81999969482422,77.95999908447266,74.04000091552734,74.95999908447266,71.3652572631836,101752
2015-09-23,74.0199966430664,78.4000015258789,72.80000305175781,77.77999877929688,74.0500259399414,67090
2015-09-24,79.4000015258789,80.76000213623047,75.30000305175781,77.4000015258789,73.68824005126953,119125
2015-09-28,76.80000305175781,79.16000366210938,76.0,76.22000122070312,72.5648422241211,34975
2015-09-29,75.23999786376953,76.80000305175781,72.94000244140625,75.9000015258789,72.26017761230469,68617
2015-09-30,78.4000015258789,80.0,75.30000305175781,78.0999984741211,74.35466766357422,74632
2015-10-01,78.0199966430664,79.5999984741211,77.63999938964844,78.37999725341797,74.6212387084961,33185
2015-10-05,78.54000091552734,80.4000015258789,77.63999938964844,79.9800033569336,76.14452362060547,73797
2015-10-06,79.95999908447266,82.0,78.44000244140625,81.44000244140625,77.53450775146484,75107
2015-10-07,81.45999908447266,81.5999984741211,77.87999725341797,78.5,74.7354965209961,49275
2015-10-08,79.19999694824219,79.19999694824219,77.0,77.23999786376953,73.53591918945312,24545
2015-10-09,77.45999908447266,78.73999786376953,75.91999816894531,77.4800033569336,73.76441192626953,120020
2015-10-12,77.5,78.33999633789062,74.4000015258789,74.58000183105469,71.00347900390625,55587
2015-10-13,74.81999969482422,76.0199966430664,73.76000213623047,74.33999633789062,70.77499389648438,47987
2015-10-14,74.68000030517578,75.18000030517578,72.04000091552734,72.87999725341797,69.385009765625,49430
2015-10-15,73.45999908447266,75.0,72.9000015258789,73.66000366210938,70.12760162353516,39235
2015-10-16,72.94000244140625,73.95999908447266,72.04000091552734,72.16000366210938,68.69953155517578,36325
2015-10-19,72.55999755859375,74.4000015258789,72.19999694824219,73.62000274658203,70.08951568603516,38947
2015-10-20,73.55999755859375,73.5999984741211,72.04000091552734,72.19999694824219,68.73760986328125,28627
2015-10-21,73.0199966430664,73.5999984741211,70.18000030517578,70.87999725341797,67.48091125488281,25257
2015-10-23,72.0,72.80000305175781,69.69999694824219,70.0999984741211,66.73831939697266,52470
2015-10-26,69.19999694824219,70.4000015258789,66.5199966430664,68.33999633789062,65.0627212524414,78290
2015-10-27,69.18000030517578,70.80000305175781,68.0,70.12000274658203,66.75736236572266,32790
2015-10-28,70.0199966430664,72.0,69.44000244140625,71.08000183105469,67.67132568359375,31935
2015-10-29,71.13999938964844,71.19999694824219,69.68000030517578,70.45999908447266,67.08104705810547,25067
2015-10-30,70.63999938964844,71.5999984741211,69.5999984741211,70.68000030517578,67.29049682617188,29735
2015-11-02,69.9800033569336,71.62000274658203,69.9800033569336,70.95999908447266,67.55707550048828,28112
2015-11-03,71.22000122070312,72.33999633789062,70.80000305175781,71.54000091552734,68.10926818847656,18715
2015-11-04,71.55999755859375,75.5999984741211,71.55999755859375,74.66000366210938,71.07963562011719,43602
2015-11-05,72.9000015258789,77.5999984741211,67.19999694824219,69.68000030517578,66.33845520019531,601340
2015-11-06,70.9800033569336,71.87999725341797,69.16000366210938,69.69999694824219,66.35749816894531,30880
2015-11-09,68.44000244140625,70.30000305175781,67.27999877929688,69.36000061035156,66.03380584716797,23090
2015-11-10,68.80000305175781,72.4000015258789,68.80000305175781,70.22000122070312,66.8525619506836,35057
2015-11-13,69.77999877929688,71.19999694824219,68.04000091552734,69.23999786376953,65.9195556640625,32427
2015-11-16,68.4000015258789,71.08000183105469,67.63999938964844,70.63999938964844,67.25243377685547,23945
2015-11-17,69.94000244140625,73.19999694824219,69.23999786376953,72.37999725341797,68.90897369384766,55270
2015-11-18,73.55999755859375,73.55999755859375,70.80000305175781,72.0199966430664,68.56624603271484,32247
2015-11-19,70.87999725341797,74.08000183105469,70.87999725341797,72.9800033569336,69.48020935058594,65770
2015-11-20,72.41999816894531,74.44000244140625,71.4000015258789,71.80000305175781,68.3567886352539,58212
2015-11-23,73.05999755859375,73.62000274658203,71.5999984741211,72.23999786376953,68.77569580078125,59215
2015-11-24,72.05999755859375,73.95999908447266,72.05999755859375,73.04000091552734,69.5373306274414,20522
2015-11-26,73.33999633789062,74.19999694824219,72.68000030517578,72.91999816894531,69.4230728149414,26720
2015-11-27,72.4800033569336,75.5,72.45999908447266,74.9000015258789,71.30815124511719,59595
2015-11-30,72.81999969482422,76.80000305175781,72.81999969482422,73.80000305175781,70.26089477539062,60475
2015-12-01,74.0999984741211,75.58000183105469,72.4000015258789,73.0999984741211,69.59445190429688,40697
2015-12-02,73.5999984741211,74.63999938964844,72.0999984741211,74.36000061035156,70.79402923583984,58850
2015-12-03,74.0199966430664,76.0,74.0,75.22000122070312,71.61279296875,69580
2015-12-04,74.37999725341797,77.5999984741211,74.36000061035156,76.5199966430664,72.8504409790039,88230
2015-12-07,76.5199966430664,78.9000015258789,76.5199966430664,78.31999969482422,74.56413269042969,79955
2015-12-08,77.9800033569336,81.19999694824219,76.5999984741211,78.4000015258789,74.64028930664062,164490
2015-12-09,80.4000015258789,82.31999969482422,78.16000366210938,79.4000015258789,75.59233093261719,281922
2015-12-10,81.4800033569336,93.68000030517578,80.0,82.91999816894531,78.94353485107422,203052
2015-12-11,83.95999908447266,86.80000305175781,83.22000122070312,84.44000244140625,80.39063262939453,133380
2015-12-14,84.76000213623047,85.5999984741211,75.63999938964844,76.81999969482422,73.13606262207031,161887
2015-12-15,77.44000244140625,79.5999984741211,76.80000305175781,77.31999969482422,73.61209106445312,79642
2015-12-16,78.36000061035156,79.58000183105469,77.12000274658203,77.58000183105469,73.859619140625,67370
2015-12-17,79.16000366210938,79.16000366210938,77.30000305175781,77.9800033569336,74.24043273925781,32295
2015-12-18,77.62000274658203,79.19999694824219,76.63999938964844,77.18000030517578,73.47879791259766,51427
2015-12-21,78.72000122070312,78.72000122070312,76.4000015258789,76.95999908447266,73.26934051513672,32197
2015-12-22,77.0199966430664,77.55999755859375,75.19999694824219,76.0199966430664,72.37442779541016,79050
2015-12-23,75.69999694824219,77.0999984741211,75.19999694824219,75.4000015258789,71.78416442871094,47942
2015-12-24,76.36000061035156,77.95999908447266,75.4000015258789,76.26000213623047,72.60291290283203,29520
2015-12-28,76.80000305175781,77.4800033569336,76.12000274658203,77.12000274658203,73.42168426513672,22430
2015-12-29,77.36000061035156,77.91999816894531,76.45999908447266,77.58000183105469,73.859619140625,45832
2015-12-30,77.27999877929688,77.4000015258789,76.69999694824219,77.0,73.30744171142578,12612
2015-12-31,76.05999755859375,77.45999908447266,75.44000244140625,75.81999969482422,72.18402099609375,39137
2016-01-01,76.77999877929688,77.19999694824219,76.0,76.30000305175781,72.64099884033203,33962
2016-01-04,77.16000366210938,77.41999816894531,75.5,75.73999786376953,72.10784912109375,38617
2016-01-05,76.77999877929688,77.76000213623047,74.4000015258789,77.19999694824219,73.4978256225586,78942
2016-01-06,77.77999877929688,78.4000015258789,76.08000183105469,76.5,72.8313980102539,35742
2016-01-07,78.26000213623047,78.27999877929688,73.80000305175781,75.18000030517578,71.57469177246094,28345
2016-01-08,74.0199966430664,77.41999816894531,73.68000030517578,76.91999816894531,73.23126983642578,33960
2016-01-11,77.13999938964844,77.13999938964844,74.63999938964844,75.19999694824219,71.59373474121094,13922
2016-01-12,75.27999877929688,75.63999938964844,72.94000244140625,73.4800033569336,69.95622253417969,20242
2016-01-13,73.44000244140625,77.31999969482422,70.26000213623047,71.9000015258789,68.4520034790039,20082
2016-01-14,71.69999694824219,71.91999816894531,70.4000015258789,70.66000366210938,67.27146911621094,9927
2016-01-15,71.73999786376953,73.95999908447266,69.23999786376953,70.04000091552734,66.68119812011719,29622
2016-01-18,69.77999877929688,70.80000305175781,64.08000183105469,67.33999633789062,64.11067962646484,85740
2016-01-19,66.91999816894531,67.80000305175781,64.4000015258789,65.4000015258789,62.26370620727539,27315
2016-01-20,64.69999694824219,65.76000213623047,63.20000076293945,63.279998779296875,60.245384216308594,12062
2016-01-21,62.900001525878906,64.9000015258789,62.0,62.060001373291016,59.08388900756836,17902
2016-01-22,62.81999969482422,64.4000015258789,60.400001525878906,61.08000183105469,58.15087890625,52915
2016-01-25,63.040000915527344,64.31999969482422,59.220001220703125,59.63999938964844,56.77993392944336,53995
2016-01-27,58.439998626708984,60.79999923706055,58.400001525878906,59.0,56.17061996459961,21820
2016-01-28,59.97999954223633,60.400001525878906,58.400001525878906,59.81999969482422,56.9513053894043,10810
2016-01-29,58.619998931884766,59.97999954223633,58.619998931884766,59.380001068115234,56.53240203857422,25577
2016-02-01,59.119998931884766,60.0,58.2400016784668,59.5,56.64664840698242,35870
2016-02-02,60.79999923706055,62.41999816894531,58.08000183105469,59.040000915527344,56.208709716796875,28550
2016-02-03,58.84000015258789,58.84000015258789,56.0,56.31999969482422,53.61914825439453,28987
2016-02-04,58.81999969482422,63.599998474121094,55.279998779296875,56.2400016784668,53.54298782348633,150387
2016-02-05,56.220001220703125,59.68000030517578,56.20000076293945,58.36000061035156,55.56132125854492,34760
2016-02-08,60.31999969482422,60.31999969482422,57.97999954223633,58.97999954223633,56.15158462524414,19287
2016-02-09,59.20000076293945,59.599998474121094,58.400001525878906,59.13999938964844,56.30391311645508,32845
2016-02-10,59.720001220703125,60.400001525878906,55.79999923706055,56.220001220703125,53.52394485473633,30877
2016-02-11,55.459999084472656,56.7599983215332,45.20000076293945,48.97999954223633,46.631134033203125,52220
2016-02-12,50.02000045776367,51.060001373291016,41.2400016784668,48.599998474121094,46.26936340332031,71830
2016-02-15,46.47999954223633,55.7599983215332,46.47999954223633,54.70000076293945,52.076839447021484,65467
2016-02-16,57.15999984741211,57.15999984741211,48.84000015258789,50.65999984741211,48.23057556152344,46450
2016-02-17,50.0,50.400001525878906,41.81999969482422,47.220001220703125,44.95553970336914,83932
2016-02-18,47.97999954223633,50.20000076293945,47.97999954223633,50.040000915527344,47.64030838012695,28757
2016-02-19,48.81999969482422,51.20000076293945,48.5,50.47999954223633,48.059207916259766,12292
2016-02-22,50.599998474121094,52.36000061035156,49.599998474121094,51.02000045776367,48.57331466674805,18930
2016-02-23,50.02000045776367,51.900001525878906,49.619998931884766,51.20000076293945,48.744686126708984,20107
2016-02-24,50.41999816894531,50.41999816894531,48.79999923706055,49.84000015258789,47.44989776611328,15600
2016-02-25,49.20000076293945,50.0,48.5,49.86000061035156,47.46894073486328,12600
2016-02-26,49.20000076293945,50.79999923706055,49.20000076293945,50.31999969482422,47.906883239746094,8765
2016-02-29,50.7400016784668,50.7599983215332,48.0,49.29999923706055,46.93579864501953,9070
2016-03-01,49.060001373291016,52.36000061035156,48.779998779296875,50.7400016784668,48.306739807128906,15602
2016-03-02,50.79999923706055,56.86000061035156,50.79999923706055,55.560001373291016,52.895591735839844,41347
2016-03-03,56.400001525878906,57.91999816894531,55.20000076293945,57.0,54.26653289794922,29507
2016-03-04,57.0,57.560001373291016,55.20000076293945,55.900001525878906,53.21928787231445,12352
2016-03-08,55.2599983215332,56.20000076293945,55.20000076293945,56.040000915527344,53.352577209472656,21002
2016-03-09,55.939998626708984,56.79999923706055,55.2400016784668,56.68000030517578,53.96187973022461,5660
2016-03-10,55.63999938964844,59.880001068115234,55.599998474121094,57.29999923706055,54.552146911621094,56617
2016-03-11,56.79999923706055,57.599998474121094,55.599998474121094,56.119998931884766,53.42873764038086,12335
2016-03-14,56.099998474121094,57.20000076293945,56.0,56.7599983215332,54.03804397583008,41905
2016-03-15,55.599998474121094,56.880001068115234,53.84000015258789,55.58000183105469,52.914642333984375,13332
2016-03-16,55.279998779296875,57.599998474121094,53.439998626708984,56.36000061035156,53.657230377197266,18347
2016-03-17,56.79999923706055,57.959999084472656,54.84000015258789,55.279998779296875,52.6290168762207,6795
2016-03-18,55.599998474121094,56.0,53.63999938964844,55.02000045776367,52.38148880004883,47565
2016-03-21,54.36000061035156,56.79999923706055,54.2400016784668,56.2400016784668,53.54298782348633,38482
2016-03-22,56.2400016784668,57.459999084472656,55.63999938964844,56.900001525878906,54.17133331298828,37175
2016-03-23,57.599998474121094,57.91999816894531,55.63999938964844,57.52000045776367,54.761600494384766,12275
2016-03-28,56.0,57.63999938964844,55.619998931884766,57.15999984741211,54.41885757446289,13905
2016-03-29,56.79999923706055,57.20000076293945,56.0,56.52000045776367,53.8095588684082,40925
2016-03-30,56.220001220703125,61.36000061035156,55.7599983215332,59.939998626708984,57.065547943115234,94662
2016-03-31,60.560001373291016,61.20000076293945,59.2400016784668,59.29999923706055,56.456241607666016,23367
2016-04-01,58.18000030517578,59.959999084472656,57.380001068115234,59.18000030517578,56.34199142456055,54237
2016-04-04,60.400001525878906,60.400001525878906,57.2400016784668,58.119998931884766,55.33282470703125,23602
2016-04-05,58.2599983215332,59.5,56.15999984741211,56.439998626708984,53.73339080810547,36790
2016-04-06,56.400001525878906,57.599998474121094,55.599998474121094,56.099998474121094,53.40969467163086,23780
2016-04-07,57.36000061035156,57.36000061035156,55.36000061035156,56.02000045776367,53.33353042602539,28017
2016-04-08,56.400001525878906,57.119998931884766,56.279998779296875,56.540000915527344,53.82859420776367,16567
2016-04-11,55.34000015258789,57.41999816894531,55.34000015258789,56.18000030517578,53.485862731933594,13025
2016-04-12,55.63999938964844,59.439998626708984,55.63999938964844,56.380001068115234,53.67626953125,23880
2016-04-13,56.900001525878906,58.0,56.70000076293945,57.439998626708984,54.68543243408203,58885
2016-04-18,58.040000915527344,58.36000061035156,56.47999954223633,57.97999954223633,55.19954299926758,20690
2016-04-20,57.959999084472656,59.31999969482422,57.959999084472656,58.81999969482422,55.99925994873047,28207
2016-04-21,60.36000061035156,60.36000061035156,59.36000061035156,59.939998626708984,57.065547943115234,30325
2016-04-22,59.7599983215332,60.79999923706055,58.099998474121094,60.36000061035156,57.46540832519531,16670
2016-04-25,61.0,61.84000015258789,59.2599983215332,61.2599983215332,58.32224655151367,22965
2016-04-26,62.31999969482422,63.439998626708984,60.599998474121094,62.31999969482422,59.3314094543457,12845
2016-04-27,62.79999923706055,63.5,61.599998474121094,63.0,59.97880172729492,24342
2016-04-28,61.84000015258789,63.20000076293945,61.599998474121094,61.91999816894531,58.95059585571289,14095
2016-04-29,62.91999816894531,62.91999816894531,61.2400016784668,61.81999969482422,58.85538864135742,10795
2016-05-02,61.52000045776367,65.9800033569336,60.439998626708984,65.16000366210938,62.03522491455078,30940
2016-05-03,65.23999786376953,66.0,63.220001220703125,63.5,60.45482635498047,18487
2016-05-04,64.4000015258789,64.4000015258789,62.79999923706055,63.459999084472656,60.416744232177734,7755
2016-05-05,64.0,64.87999725341797,63.939998626708984,64.5999984741211,61.502071380615234,18915
2016-05-06,63.79999923706055,65.5999984741211,63.400001525878906,64.58000183105469,61.4830436706543,39342
2016-05-09,64.4000015258789,65.80000305175781,63.47999954223633,64.77999877929688,61.67344284057617,33607
2016-05-10,63.599998474121094,66.76000213623047,63.599998474121094,65.63999938964844,62.49219512939453,24210
2016-05-11,64.0,65.83999633789062,64.0,65.22000122070312,62.09233856201172,7790
2016-05-12,64.19999694824219,66.36000061035156,64.19999694824219,65.13999938964844,62.016178131103516,12657
2016-05-13,63.2400016784668,67.0,63.2400016784668,66.58000183105469,63.38711929321289,52327
2016-05-16,66.73999786376953,69.80000305175781,65.4000015258789,68.05999755859375,64.79615020751953,60445
2016-05-17,67.41999816894531,70.0,67.41999816894531,68.12000274658203,64.85327911376953,19212
2016-05-18,67.5199966430664,69.58000183105469,66.81999969482422,67.62000274658203,64.37725067138672,17477
2016-05-19,66.27999877929688,67.77999877929688,65.19999694824219,66.0,62.83493423461914,9145
2016-05-20,65.94000244140625,66.4000015258789,64.80000305175781,65.13999938964844,62.016178131103516,5692
2016-05-23,64.80000305175781,64.80000305175781,62.400001525878906,62.900001525878906,59.88359832763672,14715
2016-05-24,62.91999816894531,62.91999816894531,58.79999923706055,59.13999938964844,56.30391311645508,31195
2016-05-25,59.15999984741211,60.0,59.119998931884766,59.34000015258789,56.49432373046875,27525
2016-05-26,59.599998474121094,59.939998626708984,57.599998474121094,58.13999938964844,55.35186767578125,21065
2016-05-27,59.599998474121094,59.599998474121094,57.68000030517578,57.959999084472656,55.18049621582031,29270
2016-05-30,58.0,63.20000076293945,58.0,62.400001525878906,59.40758514404297,64055
2016-05-31,60.400001525878906,61.20000076293945,57.599998474121094,57.81999969482422,55.047210693359375,83367
2016-06-01,59.58000183105469,59.58000183105469,56.380001068115234,57.58000183105469,54.818729400634766,70120
2016-06-02,56.540000915527344,58.20000076293945,56.380001068115234,57.58000183105469,54.818729400634766,57872
2016-06-03,56.619998931884766,58.79999923706055,56.619998931884766,56.81999969482422,54.09516525268555,25180
2016-06-06,56.79999923706055,57.439998626708984,56.0,56.099998474121094,53.40969467163086,27227
2016-06-07,57.20000076293945,57.20000076293945,55.400001525878906,56.040000915527344,53.352577209472656,28412
2016-06-08,56.0,59.599998474121094,55.97999954223633,57.15999984741211,54.41885757446289,68155
2016-06-09,57.58000183105469,57.959999084472656,56.779998779296875,57.720001220703125,54.95200729370117,18705
2016-06-10,57.7400016784668,58.02000045776367,56.79999923706055,56.939998626708984,54.209407806396484,20030
2016-06-13,57.0,57.0,55.119998931884766,55.619998931884766,52.95271682739258,25007
2016-06-14,55.20000076293945,55.560001373291016,54.099998474121094,54.34000015258789,51.734100341796875,89457
2016-06-15,55.18000030517578,55.18000030517578,53.31999969482422,53.86000061035156,51.27711868286133,56490
2016-06-16,53.97999954223633,54.0,52.939998626708984,53.29999923706055,50.74397277832031,29907
2016-06-17,54.36000061035156,57.97999954223633,51.5,52.29999923706055,49.791927337646484,53752
2016-06-20,52.720001220703125,53.18000030517578,49.560001373291016,49.959999084472656,47.56414031982422,111480
2016-06-21,51.52000045776367,51.52000045776367,49.79999923706055,50.02000045776367,47.62126922607422,39357
2016-06-22,50.0,51.20000076293945,48.84000015258789,49.41999816894531,47.0500373840332,163165
2016-06-23,49.79999923706055,49.939998626708984,48.0,49.099998474121094,46.745391845703125,22182
2016-06-24,48.400001525878906,49.91999816894531,44.2400016784668,49.68000030517578,47.29757308959961,31672
2016-06-27,50.0,52.0,49.2599983215332,51.02000045776367,48.57331466674805,17012
2016-06-28,49.2400016784668,53.560001373291016,49.2400016784668,51.779998779296875,49.29685974121094,17657
2016-06-29,52.79999923706055,55.439998626708984,52.400001525878906,54.58000183105469,51.96258544921875,49812
2016-06-30,54.79999923706055,56.70000076293945,52.939998626708984,54.060001373291016,51.467529296875,54717
2016-07-01,54.0,55.599998474121094,54.0,54.68000030517578,52.05779266357422,17780
2016-07-04,55.040000915527344,55.959999084472656,54.400001525878906,54.58000183105469,51.96258544921875,23932
2016-07-05,55.52000045776367,57.560001373291016,54.0,55.47999954223633,52.81943130493164,178715
2016-07-07,56.0,56.79999923706055,54.79999923706055,55.720001220703125,53.04792404174805,164325
2016-07-08,54.79999923706055,56.560001373291016,54.400001525878906,55.29999923706055,52.64806365966797,17145
2016-07-11,56.0,56.0,54.0,54.36000061035156,51.753135681152344,47085
2016-07-12,54.040000915527344,55.0,53.599998474121094,53.7400016784668,51.162872314453125,24352
2016-07-13,53.65999984741211,55.20000076293945,52.79999923706055,53.0,50.45835876464844,38797
2016-07-14,53.15999984741211,54.599998474121094,52.47999954223633,53.060001373291016,50.51548385620117,53422
2016-07-15,54.400001525878906,55.959999084472656,52.040000915527344,53.2599983215332,50.70589065551758,852050
2016-07-18,54.119998931884766,54.779998779296875,52.31999969482422,53.119998931884766,50.572601318359375,62960
2016-07-19,52.619998931884766,53.560001373291016,52.400001525878906,52.52000045776367,50.00137710571289,15157
2016-07-20,56.0,63.02000045776367,54.560001373291016,62.560001373291016,59.559906005859375,2377800
2016-07-21,62.0,62.119998931884766,58.400001525878906,58.79999923706055,55.9802131652832,723710
2016-07-22,58.52000045776367,60.400001525878906,58.0,58.439998626708984,55.637481689453125,146042
2016-07-25,59.65999984741211,61.34000015258789,58.0,59.13999938964844,56.30391311645508,175835
2016-07-26,59.79999923706055,60.79999923706055,58.79999923706055,59.220001220703125,56.38007354736328,66425
2016-07-27,58.459999084472656,59.599998474121094,58.400001525878906,58.880001068115234,56.0563850402832,67135
2016-07-28,59.560001373291016,60.0,58.400001525878906,58.68000030517578,55.8659782409668,75390
2016-07-29,58.400001525878906,59.20000076293945,58.0,58.2400016784668,55.44707489013672,56742
2016-08-01,60.0,60.0,58.2400016784668,58.560001373291016,55.75172424316406,48927
2016-08-02,57.599998474121094,59.040000915527344,56.47999954223633,57.58000183105469,54.818729400634766,51062
2016-08-03,59.380001068115234,62.0,59.20000076293945,59.540000915527344,56.684730529785156,196032
2016-08-04,61.560001373291016,61.560001373291016,58.439998626708984,58.939998626708984,56.11350631713867,55695
2016-08-05,59.20000076293945,59.540000915527344,58.47999954223633,58.939998626708984,56.11350631713867,68757
2016-08-08,59.20000076293945,61.79999923706055,58.52000045776367,60.81999969482422,57.90334701538086,181462
2016-08-09,60.84000015258789,65.19999694824219,59.20000076293945,60.29999923706055,57.40828323364258,871842
2016-08-10,59.20000076293945,62.220001220703125,58.31999969482422,58.7400016784668,55.923095703125,196767
2016-08-11,58.540000915527344,59.34000015258789,57.279998779296875,57.68000030517578,54.9139289855957,73135
2016-08-12,57.7599983215332,58.15999984741211,56.400001525878906,56.560001373291016,53.84764099121094,120092
2016-08-16,56.0,57.599998474121094,55.599998474121094,55.959999084472656,53.27640914916992,91170
2016-08-17,55.84000015258789,57.880001068115234,55.400001525878906,55.939998626708984,53.25736618041992,121245
2016-08-18,56.15999984741211,58.34000015258789,56.15999984741211,57.70000076293945,54.93296813964844,887107
2016-08-19,57.599998474121094,58.63999938964844,56.84000015258789,57.959999084472656,55.18049621582031,476107
2016-08-22,58.0,69.54000091552734,58.0,69.05999755859375,65.7481918334961,1893622
2016-08-23,69.80000305175781,81.73999786376953,69.5999984741211,77.73999786376953,74.0119400024414,4246660
2016-08-24,78.66000366210938,81.4000015258789,75.05999755859375,75.9000015258789,72.26017761230469,2235502
2016-08-25,76.0,79.4000015258789,75.95999908447266,77.77999877929688,74.73931884765625,854790
2016-08-26,78.4000015258789,81.12000274658203,74.80000305175781,75.5999984741211,72.64453887939453,588695
2016-08-29,75.23999786376953,80.80000305175781,74.80000305175781,76.26000213623047,73.27873229980469,1392357
2016-08-30,77.0,83.87999725341797,76.80000305175781,83.87999725341797,80.60084533691406,1722775
2016-08-31,85.12000274658203,91.0,84.80000305175781,88.95999908447266,85.48224639892578,1714130
2016-09-01,89.9800033569336,92.0,85.69999694824219,88.0,84.5597915649414,742355
2016-09-02,88.80000305175781,89.5999984741211,86.12000274658203,88.76000213623047,85.29007720947266,332022
2016-09-06,89.69999694824219,96.80000305175781,89.69999694824219,91.87999725341797,88.28810119628906,908007
2016-09-07,92.31999969482422,93.5999984741211,91.19999694824219,92.37999725341797,88.76854705810547,315045
2016-09-08,92.5199966430664,94.76000213623047,90.4000015258789,90.91999816894531,87.36561584472656,307742
2016-09-09,91.44000244140625,92.19999694824219,87.0199966430664,88.0,84.5597915649414,262257
2016-09-12,86.77999877929688,86.77999877929688,81.4000015258789,83.36000061035156,80.10118103027344,459517
2016-09-14,82.81999969482422,87.04000091552734,82.81999969482422,86.55999755859375,83.17607879638672,188997
2016-09-15,87.5999984741211,93.95999908447266,84.83999633789062,91.66000366210938,88.07670593261719,692180
2016-09-16,93.08000183105469,94.80000305175781,88.5199966430664,89.19999694824219,85.71287536621094,493725
2016-09-19,90.31999969482422,92.30000305175781,89.19999694824219,91.30000305175781,87.73078155517578,244607
2016-09-20,93.13999938964844,93.19999694824219,90.4800033569336,91.5199966430664,87.94216918945312,137157
2016-09-21,91.9800033569336,93.12000274658203,91.19999694824219,92.26000213623047,88.65325164794922,183157
2016-09-22,92.77999877929688,93.5999984741211,90.0,91.4000015258789,87.82685852050781,92765
2016-09-23,91.80000305175781,91.80000305175781,89.0,89.45999908447266,85.96270751953125,120232
2016-09-26,90.72000122070312,92.0,88.5,89.08000183105469,85.59757232666016,193312
2016-09-27,90.4000015258789,90.4000015258789,87.41999816894531,87.83999633789062,84.4060287475586,153525
2016-09-28,88.54000091552734,89.19999694824219,86.05999755859375,86.4800033569336,83.09919738769531,152995
2016-09-29,88.0,88.73999786376953,81.0199966430664,82.94000244140625,79.69760131835938,320350
2016-09-30,82.66000366210938,85.9800033569336,82.63999938964844,85.45999908447266,82.11907958984375,161025
2016-10-03,87.55999755859375,88.0,83.05999755859375,84.76000213623047,81.4464340209961,335250
2016-10-04,87.13999938964844,87.19999694824219,84.0,84.66000366210938,81.3503646850586,173477
2016-10-05,85.9800033569336,89.16000366210938,84.55999755859375,85.22000122070312,81.88845825195312,95277
2016-10-06,85.0,86.72000122070312,84.04000091552734,84.69999694824219,81.38878631591797,111537
2016-10-07,85.94000244140625,86.0,83.30000305175781,83.55999755859375,80.29336547851562,73685
2016-10-10,85.16000366210938,98.5,84.80000305175781,96.54000091552734,92.76592254638672,2629360
2016-10-13,94.81999969482422,97.08000183105469,91.4800033569336,93.12000274658203,89.47962951660156,672037
2016-10-14,93.5999984741211,98.0,90.05999755859375,97.5999984741211,93.78449249267578,886960
2016-10-17,97.4000015258789,101.5999984741211,97.4000015258789,99.4000015258789,95.51412200927734,818807
2016-10-18,99.5999984741211,101.19999694824219,98.4000015258789,99.62000274658203,95.72551727294922,268417
2016-10-19,98.55999755859375,99.83999633789062,96.16000366210938,98.16000366210938,94.3226089477539,274367
2016-10-20,98.77999877929688,98.81999969482422,96.04000091552734,96.4000015258789,92.63139343261719,112885
2016-10-21,96.0,115.55999755859375,95.9800033569336,112.19999694824219,107.81372833251953,2899375
2016-10-24,113.5999984741211,125.19999694824219,109.68000030517578,118.5199966430664,113.88665771484375,3572620
2016-10-25,118.68000030517578,121.9000015258789,114.77999877929688,116.58000183105469,112.02249908447266,1064150
2016-10-26,116.80000305175781,120.80000305175781,114.4000015258789,117.91999816894531,113.31010437011719,558395
2016-10-27,118.19999694824219,119.12000274658203,112.54000091552734,113.68000030517578,109.23587036132812,403257
2016-10-28,113.4000015258789,117.68000030517578,111.30000305175781,112.63999938964844,108.23652648925781,343750
2016-11-01,113.23999786376953,130.66000366210938,111.37999725341797,124.44000244140625,119.57522583007812,2185947
2016-11-02,121.0199966430664,125.9800033569336,118.04000091552734,119.23999786376953,114.5785140991211,879470
2016-11-03,119.19999694824219,124.33999633789062,114.22000122070312,115.5999984741211,111.08080291748047,613847
2016-11-04,115.76000213623047,118.72000122070312,105.5999984741211,107.80000305175781,103.58574676513672,782165
2016-11-07,110.80000305175781,114.72000122070312,109.19999694824219,110.91999816894531,106.5837631225586,436050
2016-11-08,111.12000274658203,113.5,108.80000305175781,109.68000030517578,105.39224243164062,251860
2016-11-09,90.5199966430664,111.16000366210938,90.0,108.86000061035156,104.60429382324219,729362
2016-11-10,110.76000213623047,115.4800033569336,107.31999969482422,108.55999755859375,104.31602478027344,325922
2016-11-11,105.33999633789062,107.12000274658203,100.0,100.73999786376953,96.8017349243164,266585
2016-11-15,100.73999786376953,100.81999969482422,82.83999633789062,84.91999816894531,81.60018920898438,534080
2016-11-16,87.0,91.76000213623047,81.18000030517578,84.54000091552734,81.23505401611328,606597
2016-11-17,84.08000183105469,87.5999984741211,83.19999694824219,85.0199966430664,81.69628143310547,217885
2016-11-18,84.41999816894531,91.0999984741211,84.41999816894531,85.45999908447266,82.11907958984375,485112
2016-11-21,86.30000305175781,87.72000122070312,78.0,78.68000030517578,75.60414123535156,358432
2016-11-22,80.0,82.0,78.45999908447266,81.33999633789062,78.16014099121094,324757
2016-11-23,82.9800033569336,89.55999755859375,80.80000305175781,87.73999786376953,84.30995178222656,741477
2016-11-24,87.12000274658203,91.91999816894531,84.63999938964844,90.62000274658203,87.0773696899414,633040
2016-11-25,91.44000244140625,95.0999984741211,91.37999725341797,93.26000213623047,89.6141586303711,376587
2016-11-28,93.16000366210938,95.9800033569336,90.5,92.37999725341797,88.76854705810547,368415
2016-11-29,92.9000015258789,96.36000061035156,92.45999908447266,93.41999816894531,89.76789855957031,373720
2016-11-30,93.5999984741211,95.81999969482422,93.5999984741211,94.55999755859375,90.86332702636719,237535
2016-12-01,94.83999633789062,95.4000015258789,91.22000122070312,92.26000213623047,88.65325164794922,171645
2016-12-02,91.4000015258789,91.5999984741211,88.0,88.23999786376953,84.79039764404297,194062
2016-12-05,88.4000015258789,99.76000213623047,88.4000015258789,98.36000061035156,94.51477813720703,1434042
2016-12-06,97.68000030517578,103.0,96.55999755859375,97.5999984741211,93.78449249267578,866345
2016-12-07,97.87999725341797,102.80000305175781,95.27999877929688,96.13999938964844,92.3815689086914,896182
2016-12-08,97.37999725341797,100.0,96.4800033569336,98.0199966430664,94.18807220458984,480512
2016-12-09,98.76000213623047,100.63999938964844,97.26000213623047,98.66000366210938,94.80304718017578,505002
2016-12-12,98.36000061035156,99.4000015258789,94.5,95.9000015258789,92.15095520019531,232702
2016-12-13,96.08000183105469,98.41999816894531,96.0,96.26000213623047,92.49687957763672,194925
2016-12-14,96.08000183105469,97.94000244140625,92.04000091552734,92.80000305175781,89.17214965820312,181022
2016-12-15,91.95999908447266,95.08000183105469,90.4000015258789,92.27999877929688,88.6724624633789,218192
2016-12-16,92.80000305175781,94.0,91.04000091552734,91.87999725341797,88.28810119628906,184150
2016-12-19,91.87999725341797,94.4000015258789,90.0,93.08000183105469,89.44120025634766,225267
2016-12-20,93.27999877929688,94.36000061035156,90.23999786376953,90.55999755859375,87.01970672607422,175435
2016-12-21,91.44000244140625,92.68000030517578,89.63999938964844,90.18000030517578,86.6545639038086,165305
2016-12-22,90.0,90.22000122070312,86.83999633789062,88.33999633789062,84.88648223876953,165432
2016-12-23,87.95999908447266,90.4000015258789,86.81999969482422,88.4800033569336,85.0210189819336,202475
2016-12-26,88.08000183105469,88.13999938964844,86.0,86.04000091552734,82.67640686035156,173702
2016-12-27,86.36000061035156,90.37999725341797,84.94000244140625,88.69999694824219,85.23241424560547,222945
2016-12-28,89.0999984741211,91.19999694824219,87.91999816894531,88.5999984741211,85.1363296508789,156625
2016-12-29,89.08000183105469,96.80000305175781,88.45999908447266,93.27999877929688,89.63336181640625,627562
2016-12-30,93.19999694824219,94.66000366210938,92.0,92.4800033569336,88.86465454101562,146157
2017-01-02,93.5,95.4000015258789,91.19999694824219,94.72000122070312,91.01708221435547,311555
2017-01-03,94.80000305175781,95.9000015258789,92.80000305175781,93.95999908447266,90.28678894042969,154275
2017-01-04,93.81999969482422,95.44000244140625,93.19999694824219,94.0999984741211,90.42131042480469,81327
2017-01-05,94.08000183105469,103.0,94.08000183105469,99.19999694824219,95.32193756103516,891342
2017-01-06,99.19999694824219,100.19999694824219,96.54000091552734,97.18000030517578,93.38090515136719,211020
2017-01-09,97.36000061035156,99.9000015258789,96.44000244140625,98.05999755859375,94.22650909423828,155487
2017-01-10,99.16000366210938,99.87999725341797,97.0,98.63999938964844,94.78382873535156,109822
2017-01-11,100.19999694824219,107.4800033569336,100.19999694824219,104.04000091552734,99.97273254394531,1494367
2017-01-12,104.37999725341797,106.4000015258789,99.0199966430664,100.91999816894531,96.97469329833984,415342
2017-01-13,101.80000305175781,104.62000274658203,100.04000091552734,102.95999908447266,98.93495178222656,329065
2017-01-16,102.94000244140625,104.36000061035156,100.86000061035156,102.80000305175781,98.78119659423828,110270
2017-01-17,102.80000305175781,107.36000061035156,102.0,105.9000015258789,101.76002502441406,684815
2017-01-18,106.04000091552734,107.5999984741211,104.0,104.5199966430664,100.4339599609375,149147
2017-01-19,102.94000244140625,107.19999694824219,102.94000244140625,104.33999633789062,100.260986328125,99360
2017-01-20,104.0,106.33999633789062,100.83999633789062,102.0999984741211,98.10855865478516,170182
2017-01-23,103.27999877929688,104.73999786376953,102.4000015258789,103.80000305175781,99.74210357666016,124337
2017-01-24,105.5999984741211,105.91999816894531,103.5199966430664,105.05999755859375,100.95285034179688,134722
2017-01-25,105.19999694824219,107.19999694824219,103.19999694824219,103.58000183105469,99.53071594238281,173347
2017-01-27,103.95999908447266,105.5999984741211,102.0999984741211,102.54000091552734,98.5313720703125,163125
2017-01-30,102.0,103.5999984741211,100.81999969482422,101.5999984741211,97.62812042236328,80105
2017-01-31,101.83999633789062,101.83999633789062,98.0,98.27999877929688,94.43790435791016,99517
2017-02-01,98.4000015258789,103.08000183105469,94.54000091552734,101.5999984741211,97.62812042236328,143392
2017-02-02,101.68000030517578,104.0,101.19999694824219,101.9000015258789,97.91638946533203,96020
2017-02-03,102.0,102.9800033569336,100.55999755859375,101.0199966430664,97.07078552246094,64540
2017-02-06,103.04000091552734,105.91999816894531,100.95999908447266,104.0999984741211,100.03038024902344,341480
2017-02-07,104.19999694824219,104.72000122070312,101.27999877929688,101.94000244140625,97.95482635498047,90680
2017-02-08,102.0,111.19999694824219,102.0,106.5,102.33656311035156,1786162
2017-02-09,106.9800033569336,112.80000305175781,105.19999694824219,106.83999633789062,102.66326141357422,1344830
2017-02-10,106.95999908447266,113.27999877929688,105.83999633789062,111.04000091552734,106.69908142089844,1475870
2017-02-13,112.19999694824219,114.9000015258789,112.04000091552734,112.5,108.10199737548828,495567
2017-02-14,113.12000274658203,113.19999694824219,109.22000122070312,109.54000091552734,105.25772094726562,190780
2017-02-15,109.83999633789062,112.0,107.80000305175781,108.30000305175781,104.06620025634766,209257
2017-02-16,108.04000091552734,112.54000091552734,108.0,110.58000183105469,106.2570571899414,237647
2017-02-17,110.9000015258789,112.73999786376953,109.91999816894531,110.31999969482422,106.0072250366211,162322
2017-02-20,110.4000015258789,110.80000305175781,108.31999969482422,108.68000030517578,104.43133544921875,117997
2017-02-21,108.80000305175781,110.4800033569336,108.45999908447266,108.72000122070312,104.46977233886719,105280
2017-02-22,108.80000305175781,110.55999755859375,106.80000305175781,107.08000183105469,102.89388275146484,149205
2017-02-23,106.9000015258789,110.23999786376953,106.81999969482422,107.4000015258789,103.20137786865234,352062
2017-02-27,108.0,112.26000213623047,108.0,111.0999984741211,106.7567367553711,560510
2017-02-28,111.9000015258789,113.5999984741211,110.0,111.87999725341797,107.5062255859375,341585
2017-03-01,111.5999984741211,113.44000244140625,111.19999694824219,112.05999755859375,107.67919158935547,157972
2017-03-02,112.16000366210938,113.12000274658203,109.26000213623047,109.95999908447266,105.66128540039062,136947
2017-03-03,109.19999694824219,110.0,108.4000015258789,109.5,105.21926879882812,84935
2017-03-06,109.95999908447266,110.37999725341797,107.33999633789062,108.18000030517578,103.95087432861328,114810
2017-03-07,108.12000274658203,109.9800033569336,107.4000015258789,108.54000091552734,104.29680633544922,115582
2017-03-08,108.69999694824219,108.87999725341797,107.0,107.72000122070312,103.50885772705078,84412
2017-03-09,107.12000274658203,107.5999984741211,104.5999984741211,105.5999984741211,101.47174072265625,129930
2017-03-10,106.0199966430664,107.5999984741211,103.5999984741211,104.26000213623047,100.18413543701172,93385
2017-03-14,106.4000015258789,108.4000015258789,104.4000015258789,105.0999984741211,100.99128723144531,80087
2017-03-15,105.66000366210938,109.94000244140625,105.19999694824219,108.66000366210938,104.41211700439453,142900
2017-03-16,109.91999816894531,113.5199966430664,109.0,110.91999816894531,106.5837631225586,425717
2017-03-17,110.0,112.4000015258789,108.0999984741211,108.58000183105469,104.33525848388672,140457
2017-03-20,107.62000274658203,117.5999984741211,107.62000274658203,112.58000183105469,108.17887115478516,424555
2017-03-21,113.27999877929688,114.80000305175781,111.19999694824219,111.66000366210938,107.29484558105469,172687
2017-03-22,110.80000305175781,111.87999725341797,108.86000061035156,110.13999938964844,105.83425903320312,77662
2017-03-23,109.55999755859375,111.77999877929688,109.55999755859375,110.44000244140625,106.1225357055664,118805
2017-03-24,111.19999694824219,116.4000015258789,110.13999938964844,112.27999877929688,107.8906021118164,203862
2017-03-27,112.45999908447266,113.91999816894531,109.5199966430664,110.55999755859375,106.23783874511719,108987
2017-03-28,111.16000366210938,113.87999725341797,110.81999969482422,111.19999694824219,106.85281372070312,153807
2017-03-29,112.69999694824219,112.72000122070312,110.0,111.08000183105469,106.73751068115234,173182
2017-03-30,111.22000122070312,113.19999694824219,110.4000015258789,110.91999816894531,106.5837631225586,103222
2017-03-31,110.80000305175781,111.87999725341797,109.4000015258789,110.37999725341797,106.06487274169922,144075
2017-04-03,110.5199966430664,113.55999755859375,110.44000244140625,112.0199966430664,107.64076232910156,121375
2017-04-05,112.0199966430664,116.08000183105469,111.19999694824219,113.54000091552734,109.1013412475586,340155
2017-04-06,113.63999938964844,114.80000305175781,111.44000244140625,112.58000183105469,108.17887115478516,82257
2017-04-07,112.26000213623047,112.77999877929688,108.83999633789062,109.55999755859375,105.27693176269531,162172
2017-04-10,110.0,112.0,106.94000244140625,107.80000305175781,103.58574676513672,171315
2017-04-11,108.81999969482422,111.16000366210938,108.22000122070312,109.83999633789062,105.54598236083984,95935
2017-04-12,109.9800033569336,110.66000366210938,107.0,107.30000305175781,103.10528564453125,169967
2017-04-13,107.9800033569336,109.33999633789062,107.19999694824219,107.30000305175781,103.10528564453125,76182
2017-04-17,108.9800033569336,108.9800033569336,106.5,106.69999694824219,102.52873229980469,86855
2017-04-18,107.04000091552734,108.80000305175781,105.45999908447266,105.77999877929688,101.64470672607422,110055
2017-04-19,106.08000183105469,107.83999633789062,104.54000091552734,106.08000183105469,101.93297576904297,79145
2017-04-20,107.19999694824219,113.72000122070312,107.19999694824219,110.0,105.69973754882812,548367
2017-04-21,111.05999755859375,119.19999694824219,110.22000122070312,113.0,108.58245849609375,1483787
2017-04-24,114.0,114.66000366210938,112.22000122070312,113.41999816894531,108.98602294921875,213962
2017-04-25,114.36000061035156,117.37999725341797,112.5999984741211,113.91999816894531,109.46649169921875,365882
2017-04-26,114.77999877929688,115.12000274658203,110.0,111.55999755859375,107.19874572753906,191175
2017-04-27,111.94000244140625,113.19999694824219,111.41999816894531,112.16000366210938,107.77529907226562,76557
2017-04-28,113.0199966430664,113.19999694824219,110.54000091552734,111.37999725341797,107.02578735351562,98550
2017-05-02,112.0,113.37999725341797,110.5999984741211,110.94000244140625,106.60298919677734,92612
2017-05-03,111.22000122070312,111.68000030517578,109.68000030517578,110.05999755859375,105.75738525390625,79600
2017-05-04,110.0999984741211,111.5999984741211,108.9800033569336,109.58000183105469,105.29615783691406,63295
2017-05-05,110.68000030517578,111.63999938964844,109.19999694824219,110.0999984741211,105.79582214355469,166440
2017-05-08,110.36000061035156,111.4000015258789,109.08000183105469,109.55999755859375,105.27693176269531,92752
2017-05-09,109.5999984741211,111.73999786376953,109.0,110.55999755859375,106.23783874511719,100767
2017-05-10,111.63999938964844,112.9800033569336,110.83999633789062,111.36000061035156,107.0065689086914,100712
2017-05-11,110.83999633789062,112.0,108.0,109.44000244140625,105.16162872314453,156035
2017-05-12,108.80000305175781,111.55999755859375,108.0199966430664,110.66000366210938,106.33393859863281,105127
2017-05-15,111.08000183105469,115.45999908447266,110.4000015258789,114.05999755859375,109.60102081298828,287840
2017-05-16,114.77999877929688,114.77999877929688,112.0,112.55999755859375,108.1596450805664,126062
2017-05-17,111.30000305175781,116.27999877929688,111.30000305175781,114.0,109.54336547851562,383135
2017-05-18,111.91999816894531,114.76000213623047,111.91999816894531,112.54000091552734,108.14043426513672,106292
2017-05-19,113.19999694824219,114.26000213623047,110.94000244140625,112.23999786376953,107.85215759277344,157180
2017-05-22,113.62000274658203,115.58000183105469,111.23999786376953,111.87999725341797,107.5062255859375,102135
2017-05-23,112.41999816894531,112.80000305175781,105.0199966430664,110.31999969482422,106.0072250366211,273972
2017-05-24,111.05999755859375,114.77999877929688,106.80000305175781,107.9800033569336,103.75869750976562,210177
2017-05-25,109.19999694824219,111.63999938964844,108.5199966430664,110.9800033569336,106.64143371582031,91610
2017-05-26,111.87999725341797,114.0,111.0199966430664,113.72000122070312,109.2743148803711,190812
2017-05-29,112.0,115.4000015258789,111.80000305175781,112.86000061035156,108.44791412353516,102247
2017-05-30,114.37999725341797,114.4000015258789,110.41999816894531,112.80000305175781,108.3902816772461,104410
2017-05-31,114.19999694824219,115.5999984741211,108.9000015258789,109.5199966430664,105.23848724365234,256935
2017-06-01,110.55999755859375,112.80000305175781,108.55999755859375,109.36000061035156,105.08474731445312,95657
2017-06-02,110.27999877929688,111.05999755859375,107.62000274658203,108.91999816894531,104.66195678710938,76122
2017-06-05,109.81999969482422,110.16000366210938,107.4000015258789,107.81999969482422,103.6049575805664,145557
2017-06-06,108.5,108.95999908447266,106.80000305175781,107.36000061035156,103.16293334960938,47842
2017-06-07,106.81999969482422,108.33999633789062,106.81999969482422,107.5999984741211,103.3935546875,45502
2017-06-08,107.62000274658203,108.68000030517578,105.5999984741211,107.08000183105469,102.89388275146484,91987
2017-06-09,107.5,111.13999938964844,106.4000015258789,108.68000030517578,104.43133544921875,124397
2017-06-12,108.13999938964844,108.13999938964844,106.76000213623047,107.23999786376953,103.0476303100586,50285
2017-06-13,107.62000274658203,110.0,107.5999984741211,109.31999969482422,105.04631042480469,87130
2017-06-14,119.58000183105469,119.94000244140625,113.66000366210938,114.4800033569336,110.00459289550781,2472982
2017-06-15,115.12000274658203,115.37999725341797,112.12000274658203,112.81999969482422,108.40949249267578,264722
2017-06-16,112.0199966430664,115.0,112.0199966430664,112.86000061035156,108.44791412353516,151340
2017-06-19,112.80000305175781,114.18000030517578,110.12000274658203,110.91999816894531,106.5837631225586,127130
2017-06-20,111.58000183105469,113.91999816894531,111.0199966430664,112.19999694824219,107.81372833251953,118297
2017-06-21,112.0,112.0,110.0,110.16000366210938,105.85348510742188,98152
2017-06-22,110.0,111.77999877929688,109.0199966430664,109.45999908447266,105.18085479736328,80340
2017-06-23,109.45999908447266,110.05999755859375,106.80000305175781,107.68000030517578,103.47042846679688,70692
2017-06-27,107.80000305175781,107.9800033569336,103.80000305175781,104.9800033569336,100.8759765625,95925
2017-06-28,105.08000183105469,107.68000030517578,105.08000183105469,105.76000213623047,101.62549591064453,64325
2017-06-29,106.44000244140625,108.72000122070312,105.5999984741211,105.73999786376953,101.60626983642578,75142
2017-06-30,105.76000213623047,105.95999908447266,104.04000091552734,104.86000061035156,100.76068115234375,88007
2017-07-03,105.95999908447266,111.77999877929688,105.05999755859375,110.87999725341797,106.54532623291016,187627
2017-07-04,110.9000015258789,119.5999984741211,110.4000015258789,116.73999786376953,112.17623901367188,682425
2017-07-05,116.80000305175781,117.22000122070312,113.22000122070312,114.62000274658203,110.13912200927734,180030
2017-07-06,115.23999786376953,137.5399932861328,115.23999786376953,137.16000366210938,131.79795837402344,5361945
2017-07-07,140.52000427246094,155.52000427246094,140.52000427246094,147.9199981689453,142.13731384277344,9374620
2017-07-10,152.0,152.0,143.1999969482422,146.0,140.29237365722656,208685
2017-07-11,147.32000732421875,149.60000610351562,139.1999969482422,140.36000061035156,134.8728485107422,762065
2017-07-12,141.1999969482422,148.0,139.22000122070312,142.75999450683594,137.17901611328125,604282
2017-07-13,144.39999389648438,148.0,141.60000610351562,145.86000061035156,140.15785217285156,480397
2017-07-14,145.86000061035156,153.05999755859375,143.72000122070312,146.25999450683594,140.54220581054688,951627
2017-07-17,146.8000030517578,150.39999389648438,145.1999969482422,147.16000366210938,141.4070281982422,480265
2017-07-18,147.8800048828125,149.5800018310547,142.86000061035156,143.82000732421875,138.1975860595703,318882
2017-07-19,144.39999389648438,145.24000549316406,141.60000610351562,142.22000122070312,136.66014099121094,202397
2017-07-20,142.39999389648438,153.0800018310547,141.27999877929688,145.67999267578125,139.98484802246094,1076895
2017-07-21,146.60000610351562,149.1999969482422,143.66000366210938,145.32000732421875,139.6389617919922,333267
2017-07-24,146.0,148.0,141.74000549316406,142.25999450683594,136.6985626220703,181287
2017-07-25,143.52000427246094,145.0800018310547,140.5,142.36000061035156,136.794677734375,203927
2017-07-26,143.25999450683594,144.60000610351562,141.47999572753906,141.8800048828125,136.33343505859375,96795
2017-07-27,142.66000366210938,143.52000427246094,137.63999938964844,139.39999389648438,133.95037841796875,191515
2017-07-28,138.39999389648438,140.39999389648438,137.02000427246094,138.3000030517578,132.8933868408203,109035
2017-07-31,137.1999969482422,143.83999633789062,137.1999969482422,140.94000244140625,135.43017578125,165500
2017-08-01,141.60000610351562,143.60000610351562,139.17999267578125,140.0800018310547,134.6038055419922,106097
2017-08-02,141.0399932861328,141.0399932861328,136.8000030517578,137.77999877929688,132.3937225341797,62372
2017-08-03,137.60000610351562,141.1999969482422,131.5800018310547,133.4600067138672,128.2425994873047,168245
2017-08-04,132.9600067138672,134.9600067138672,128.0399932861328,132.5399932861328,127.35856628417969,251200
2017-08-07,133.6199951171875,149.24000549316406,132.25999450683594,144.10000610351562,138.46664428710938,1173427
2017-08-08,145.10000610351562,146.27999877929688,136.89999389648438,137.9199981689453,132.52822875976562,250630
2017-08-09,138.39999389648438,143.89999389648438,133.27999877929688,134.3000030517578,129.0497589111328,394660
2017-08-10,132.24000549316406,133.39999389648438,122.0,125.4000015258789,121.21977996826172,302902
2017-08-11,126.0,129.5,120.63999938964844,123.26000213623047,119.151123046875,260817
2017-08-14,125.19999694824219,130.75999450683594,125.19999694824219,129.4600067138672,125.14444732666016,134957
2017-08-16,132.16000366210938,137.5,131.77999877929688,134.27999877929688,129.8037567138672,247525
2017-08-17,135.36000061035156,135.9600067138672,133.1999969482422,133.9199981689453,129.45574951171875,110487
2017-08-18,132.0,138.67999267578125,130.94000244140625,137.33999633789062,132.76174926757812,211985
2017-08-21,138.3000030517578,143.05999755859375,136.8000030517578,137.5399932861328,132.955078125,237215
2017-08-22,138.47999572753906,139.9199981689453,134.02000427246094,135.24000549316406,130.73178100585938,101210
2017-08-23,135.97999572753906,139.3000030517578,135.97999572753906,137.17999267578125,132.60707092285156,116110
2017-08-24,137.9199981689453,138.39999389648438,135.16000366210938,137.4199981689453,132.83909606933594,91707
2017-08-28,138.63999938964844,140.4199981689453,136.25999450683594,137.16000366210938,132.58778381347656,90437
2017-08-29,135.1999969482422,139.60000610351562,134.3000030517578,138.5399932861328,133.92173767089844,114925
2017-08-30,139.60000610351562,152.39999389648438,139.60000610351562,147.24000549316406,142.3317413330078,808030
2017-08-31,148.0,165.8000030517578,146.33999633789062,160.44000244140625,155.0917205810547,2655732
2017-09-01,161.9199981689453,163.6199951171875,157.3000030517578,161.47999572753906,156.09703063964844,474212
2017-09-04,162.97999572753906,175.1999969482422,162.97999572753906,168.77999877929688,163.15371704101562,1769782
2017-09-05,168.8000030517578,170.0,157.67999267578125,163.55999755859375,158.10769653320312,1010060
2017-09-06,161.33999633789062,169.60000610351562,158.8000030517578,165.32000732421875,159.80905151367188,507375
2017-09-07,166.0,167.5399932861328,163.05999755859375,164.47999572753906,158.99703979492188,213907
2017-09-08,165.9600067138672,175.60000610351562,164.39999389648438,171.6199951171875,165.89903259277344,934377
2017-09-11,174.8000030517578,205.94000244140625,174.8000030517578,205.0,198.1663055419922,4589770
2017-09-12,210.0,237.32000732421875,206.0800018310547,230.1999969482422,222.5262451171875,9820572
2017-09-13,229.60000610351562,229.60000610351562,218.10000610351562,220.97999572753906,213.6136016845703,2128417
2017-09-14,221.9600067138672,239.55999755859375,221.9600067138672,235.33999633789062,227.4949188232422,2735795
2017-09-15,234.0,249.9600067138672,228.13999938964844,239.67999267578125,231.6902313232422,3211410
2017-09-18,242.0,251.60000610351562,238.02000427246094,245.13999938964844,236.96824645996094,1763327
2017-09-19,247.24000549316406,251.0,242.3000030517578,244.0800018310547,235.94357299804688,625547
2017-09-20,244.8000030517578,246.5800018310547,234.55999755859375,238.0399932861328,230.1049041748047,469957
2017-09-21,238.0399932861328,246.0,229.4199981689453,236.05999755859375,228.19091796875,819142
2017-09-22,234.0,243.77999877929688,226.0,230.36000061035156,222.68093872070312,1108010
2017-09-25,227.94000244140625,229.1999969482422,207.60000610351562,209.4600067138672,202.47763061523438,788725
2017-09-26,206.60000610351562,225.8800048828125,206.44000244140625,223.17999267578125,215.7402801513672,896905
2017-09-27,225.36000061035156,232.0,216.4199981689453,219.17999267578125,211.8736114501953,609890
2017-09-28,221.9199981689453,225.75999450683594,216.44000244140625,220.60000610351562,213.24627685546875,306065
2017-09-29,222.0,230.8000030517578,219.3000030517578,220.22000122070312,212.8789520263672,311467
2017-10-03,225.0,233.83999633789062,224.05999755859375,228.22000122070312,220.61227416992188,844750
2017-10-04,229.9199981689453,240.8000030517578,225.05999755859375,231.5,223.7829132080078,1348427
2017-10-05,233.0,235.33999633789062,226.25999450683594,227.83999633789062,220.24493408203125,500280
2017-10-06,229.60000610351562,236.5399932861328,228.0399932861328,229.0399932861328,221.40493774414062,674850
2017-10-09,223.1999969482422,228.8000030517578,213.3000030517578,219.89999389648438,212.56961059570312,1082557
2017-10-10,220.89999389648438,226.39999389648438,220.89999389648438,223.02000427246094,215.58558654785156,289692
2017-10-11,224.32000732421875,226.0,216.05999755859375,217.74000549316406,210.48162841796875,315907
2017-10-12,218.8000030517578,222.0,214.5,216.5399932861328,209.3216094970703,249385
2017-10-13,217.60000610351562,219.8800048828125,214.39999389648438,215.02000427246094,207.852294921875,251187
2017-10-16,217.0,223.5800018310547,215.72000122070312,218.52000427246094,211.23561096191406,445265
2017-10-17,218.8000030517578,221.97999572753906,216.0399932861328,217.27999877929688,210.03695678710938,157100
2017-10-18,218.39999389648438,219.1999969482422,213.02000427246094,214.13999938964844,207.0016326904297,141820
2017-10-19,215.02000427246094,217.60000610351562,212.32000732421875,215.4600067138672,208.27761840820312,55855
2017-10-23,215.66000366210938,217.22000122070312,207.1999969482422,209.0,202.032958984375,145315
2017-10-24,211.1999969482422,218.27999877929688,206.13999938964844,209.13999938964844,202.1682891845703,414925
2017-10-25,209.0,215.1999969482422,209.0,210.72000122070312,203.6956329345703,204035
2017-10-26,208.89999389648438,212.3800048828125,206.63999938964844,207.6999969482422,200.77630615234375,148010
2017-10-27,206.52000427246094,218.9199981689453,206.52000427246094,213.60000610351562,206.4796142578125,516632
2017-10-30,215.1999969482422,221.9600067138672,211.1999969482422,214.3800048828125,207.233642578125,447062
2017-10-31,215.60000610351562,219.0800018310547,213.82000732421875,215.47999572753906,208.2969512939453,252287
2017-11-01,216.02000427246094,218.8000030517578,213.60000610351562,214.9600067138672,207.79428100585938,160705
2017-11-02,213.1999969482422,230.39999389648438,213.1999969482422,222.44000244140625,215.02493286132812,790397
2017-11-03,224.0,227.97999572753906,222.8000030517578,222.97999572753906,215.54693603515625,332817
2017-11-06,224.0,225.1999969482422,218.02000427246094,220.02000427246094,212.68563842773438,135237
2017-11-07,220.8000030517578,225.5,214.44000244140625,216.6199951171875,209.39894104003906,308380
2017-11-08,212.0399932861328,220.1999969482422,212.0399932861328,212.9199981689453,205.82229614257812,167575
2017-11-09,213.60000610351562,217.72000122070312,208.5399932861328,210.02000427246094,203.0189666748047,125587
2017-11-10,210.1999969482422,212.8000030517578,201.60000610351562,205.27999877929688,198.4369659423828,137110
2017-11-13,204.39999389648438,208.0,195.1999969482422,197.36000061035156,190.78099060058594,219290
2017-11-14,195.6999969482422,198.0,189.0,194.86000061035156,188.3643341064453,245827
2017-11-15,192.0399932861328,225.60000610351562,192.0399932861328,207.60000610351562,200.67962646484375,2487807
2017-11-16,213.1199951171875,223.9199981689453,211.32000732421875,215.4600067138672,208.27761840820312,1089950
2017-11-17,219.1999969482422,220.0,213.9600067138672,216.10000610351562,208.8962860107422,354370
2017-11-20,216.0,226.02000427246094,212.24000549316406,217.4600067138672,210.21096801757812,595342
2017-11-21,216.83999633789062,220.83999633789062,213.67999267578125,214.27999877929688,207.13694763183594,235885
2017-11-22,215.8800048828125,217.60000610351562,211.1999969482422,212.9199981689453,205.82229614257812,127537
2017-11-23,213.8800048828125,220.0,211.24000549316406,214.3800048828125,207.233642578125,217012
2017-11-24,214.3800048828125,219.17999267578125,211.27999877929688,212.66000366210938,205.5709686279297,194592
2017-11-27,212.8000030517578,216.75999450683594,212.39999389648438,214.0800018310547,206.94361877441406,128502
2017-11-28,214.8000030517578,215.8000030517578,210.3000030517578,211.52000427246094,204.46896362304688,100577
2017-11-29,211.9199981689453,213.97999572753906,210.0,210.17999267578125,203.1736297607422,85125
2017-11-30,208.83999633789062,210.3800048828125,206.83999633789062,207.67999267578125,200.7569580078125,78907
2017-12-01,209.60000610351562,221.5800018310547,209.02000427246094,213.4600067138672,206.34429931640625,683240
2017-12-04,214.8000030517578,217.47999572753906,205.1999969482422,207.3800048828125,200.46697998046875,242670
2017-12-05,206.4600067138672,213.5,206.39999389648438,207.75999450683594,200.83428955078125,214387
2017-12-06,206.8000030517578,211.17999267578125,204.0,204.8000030517578,197.97299194335938,133502
2017-12-07,204.8000030517578,212.8000030517578,204.8000030517578,207.36000061035156,200.4476318359375,264550
2017-12-08,209.75999450683594,211.75999450683594,208.0,208.63999938964844,201.6849822998047,191397
2017-12-11,208.8000030517578,213.9600067138672,208.8000030517578,209.86000061035156,202.8643035888672,177072
2017-12-12,210.8000030517578,214.0,209.39999389648438,210.05999755859375,203.0576171875,218365
2017-12-13,210.8000030517578,212.8000030517578,203.05999755859375,205.0,198.1663055419922,190175
2017-12-14,206.1999969482422,211.77999877929688,200.1999969482422,202.94000244140625,196.17498779296875,619280
2017-12-15,203.9600067138672,207.97999572753906,201.0,202.55999755859375,195.80763244628906,245522
2017-12-18,201.9600067138672,205.0399932861328,193.33999633789062,200.16000366210938,193.48765563964844,200625
2017-12-19,202.8000030517578,206.0,200.0,200.75999450683594,194.06764221191406,219925
2017-12-20,201.60000610351562,221.60000610351562,201.60000610351562,213.22000122070312,206.11228942871094,1576915
2017-12-21,215.1999969482422,226.0,215.1999969482422,221.39999389648438,214.01959228515625,1242807
2017-12-22,223.17999267578125,228.39999389648438,221.25999450683594,223.10000610351562,215.66294860839844,632817
2017-12-26,224.0,229.75999450683594,223.5,224.82000732421875,217.32559204101562,450235
2017-12-27,226.39999389648438,226.8000030517578,218.82000732421875,221.72000122070312,214.32894897460938,214357
2017-12-28,221.8000030517578,225.27999877929688,220.39999389648438,221.39999389648438,214.01959228515625,112632
2017-12-29,219.39999389648438,224.8000030517578,218.8000030517578,219.75999450683594,212.43426513671875,160987
2018-01-01,220.39999389648438,223.0800018310547,216.8800048828125,218.0800018310547,210.81027221679688,142090
2018-01-02,218.4199981689453,221.0800018310547,215.1999969482422,217.27999877929688,210.03695678710938,165750
2018-01-03,218.39999389648438,219.5800018310547,206.55999755859375,210.75999450683594,203.7342987060547,343182
2018-01-04,214.74000549316406,221.47999572753906,211.13999938964844,218.6199951171875,211.33229064941406,337125
2018-01-05,220.0,225.1999969482422,220.0,222.60000610351562,215.1796112060547,234250
2018-01-08,225.1199951171875,225.1199951171875,220.39999389648438,221.72000122070312,214.32894897460938,120320
2018-01-09,217.33999633789062,224.27999877929688,217.33999633789062,220.8000030517578,213.4396209716797,114702
2018-01-10,222.0,222.0,216.3800048828125,217.32000732421875,210.07562255859375,94255
2018-01-11,219.83999633789062,221.52000427246094,216.22000122070312,217.63999938964844,210.3849334716797,103042
2018-01-12,217.5800018310547,221.47999572753906,214.47999572753906,216.24000549316406,209.03164672851562,124257
2018-01-15,219.8800048828125,219.8800048828125,210.05999755859375,211.9199981689453,204.85560607910156,178340
2018-01-16,212.39999389648438,222.8000030517578,210.39999389648438,211.82000732421875,204.7589569091797,401770
2018-01-17,212.0,217.5800018310547,206.05999755859375,208.17999267578125,201.2403106689453,361277
2018-01-18,209.27999877929688,214.77999877929688,203.22000122070312,204.52000427246094,197.70230102539062,259385
2018-01-19,206.39999389648438,207.0,202.8000030517578,204.02000427246094,197.21897888183594,85027
2018-01-22,206.6999969482422,211.5,202.86000061035156,204.02000427246094,197.21897888183594,240857
2018-01-23,205.9199981689453,208.77999877929688,203.60000610351562,204.16000366210938,197.3543243408203,128040
2018-01-24,203.9600067138672,206.25999450683594,202.24000549316406,203.1999969482422,196.42630004882812,122517
2018-01-25,202.0399932861328,206.0,196.83999633789062,200.60000610351562,193.91299438476562,180392
2018-01-29,201.1999969482422,205.9199981689453,200.02000427246094,200.94000244140625,194.24163818359375,139662
2018-01-30,202.67999267578125,202.67999267578125,196.0,196.67999267578125,190.1236572265625,84145
2018-01-31,196.0,201.55999755859375,195.1999969482422,197.0800018310547,190.5103302001953,100105
2018-02-01,198.0,218.4199981689453,195.1999969482422,197.17999267578125,190.60696411132812,1445985
2018-02-02,193.1999969482422,196.0,185.44000244140625,187.8800048828125,181.6170196533203,210747
2018-02-05,161.1999969482422,180.0,161.1999969482422,176.55999755859375,170.6743621826172,415702
2018-02-06,164.0,167.39999389648438,154.6199951171875,163.5800018310547,158.12704467773438,1108815
2018-02-07,170.0,187.83999633789062,170.0,184.27999877929688,178.1370086669922,711480
2018-02-08,182.63999938964844,199.0,182.63999938964844,195.1199951171875,188.61563110351562,630792
2018-02-09,183.4199981689453,191.1999969482422,178.0,188.24000549316406,181.9650115966797,288232
2018-02-12,191.16000366210938,198.77999877929688,190.39999389648438,196.36000061035156,189.81431579589844,235310
2018-02-14,198.47999572753906,204.39999389648438,193.0800018310547,194.5399932861328,188.0550079345703,235952
2018-02-15,194.0399932861328,197.75999450683594,185.72000122070312,189.32000732421875,183.00900268554688,226082
2018-02-16,191.17999267578125,193.60000610351562,182.0,183.74000549316406,177.61502075195312,159245
2018-02-19,185.0800018310547,185.86000061035156,176.39999389648438,177.8000030517578,171.87303161621094,138282
2018-02-20,179.60000610351562,182.0,172.02000427246094,175.24000549316406,169.3983612060547,144410
2018-02-21,178.0,180.75999450683594,173.27999877929688,174.36000061035156,168.54769897460938,129412
2018-02-22,172.0,175.47999572753906,171.22000122070312,172.63999938964844,166.88504028320312,113562
2018-02-23,174.60000610351562,179.22000122070312,173.60000610351562,176.33999633789062,170.461669921875,113830
2018-02-26,177.60000610351562,180.8000030517578,175.4199981689453,176.60000610351562,170.71304321289062,101215
2018-02-27,177.1999969482422,179.60000610351562,173.5,174.10000610351562,168.29637145996094,110077
2018-02-28,173.47999572753906,174.39999389648438,170.72000122070312,171.60000610351562,165.87969970703125,129460
2018-03-01,171.63999938964844,174.3800048828125,170.5,171.66000366210938,165.93772888183594,77950
2018-03-05,175.5800018310547,175.5800018310547,170.0800018310547,172.77999877929688,167.02037048339844,84940
2018-03-06,174.39999389648438,174.39999389648438,165.24000549316406,167.0,161.4330596923828,77777
2018-03-07,164.55999755859375,166.83999633789062,160.0,160.4600067138672,155.11105346679688,99460
2018-03-08,161.97999572753906,164.4199981689453,159.1999969482422,162.02000427246094,156.6190643310547,138392
2018-03-09,164.3800048828125,165.97999572753906,161.60000610351562,161.86000061035156,156.46437072753906,80795
2018-03-12,162.82000732421875,171.13999938964844,162.82000732421875,168.39999389648438,162.78636169433594,245240
2018-03-13,168.0,177.75999450683594,167.97999572753906,176.27999877929688,170.40370178222656,206835
2018-03-14,176.39999389648438,176.39999389648438,170.6199951171875,172.55999755859375,166.8076934814453,90147
2018-03-15,171.66000366210938,176.60000610351562,171.6199951171875,174.6199951171875,168.7990264892578,122365
2018-03-16,174.8000030517578,178.77999877929688,173.60000610351562,175.5800018310547,169.72702026367188,234687
2018-03-19,174.0399932861328,176.9199981689453,167.1999969482422,168.13999938964844,162.53504943847656,132352
2018-03-20,164.82000732421875,169.97999572753906,163.1999969482422,164.32000732421875,158.84239196777344,104662
2018-03-21,165.0,167.9600067138672,164.55999755859375,164.8800048828125,159.3837127685547,63512
2018-03-22,166.94000244140625,166.94000244140625,162.0,162.39999389648438,156.98638916015625,56507
2018-03-23,156.8000030517578,159.02000427246094,146.63999938964844,155.44000244140625,150.2583770751953,195310
2018-03-26,159.9600067138672,159.9600067138672,150.39999389648438,154.75999450683594,149.6010284423828,157707
2018-03-27,156.17999267578125,162.0,156.0399932861328,156.66000366210938,151.437744140625,204272
2018-03-28,155.60000610351562,155.60000610351562,150.5800018310547,151.3800048828125,146.33372497558594,121322
2018-04-02,154.67999267578125,181.63999938964844,154.0,173.9199981689453,168.12234497070312,1345310
2018-04-03,172.0,179.1199951171875,170.8000030517578,174.47999572753906,168.6636962890625,481085
2018-04-04,176.0,178.8800048828125,166.1999969482422,167.44000244140625,161.85838317871094,232972
2018-04-05,171.36000061035156,176.77999877929688,170.3800048828125,173.10000610351562,167.32969665527344,198742
2018-04-06,173.60000610351562,178.39999389648438,170.89999389648438,173.94000244140625,168.14169311523438,162585
2018-04-09,174.02000427246094,179.8800048828125,174.02000427246094,175.36000061035156,169.5143585205078,271235
2018-04-10,176.8000030517578,177.1999969482422,173.13999938964844,174.25999450683594,168.45098876953125,94960
2018-04-11,174.67999267578125,175.75999450683594,170.4199981689453,171.3800048828125,165.66702270507812,49485
2018-04-12,170.0,177.67999267578125,170.0,173.22000122070312,167.44569396972656,200052
2018-04-13,174.25999450683594,179.25999450683594,172.83999633789062,174.83999633789062,169.01168823242188,152285
2018-04-16,171.3800048828125,178.5399932861328,170.74000549316406,175.97999572753906,170.11367797851562,119132
2018-04-17,176.39999389648438,180.0,175.9199981689453,177.67999267578125,171.7570037841797,308777
2018-04-18,177.60000610351562,180.0,174.8000030517578,175.47999572753906,169.63037109375,137250
2018-04-19,176.3000030517578,178.0,172.89999389648438,175.55999755859375,169.70767211914062,100267
2018-04-20,175.6199951171875,176.0,173.1999969482422,174.4600067138672,168.6443634033203,82627
2018-04-23,174.52000427246094,177.5399932861328,174.0,174.6199951171875,168.7990264892578,75282
2018-04-24,175.5800018310547,176.82000732421875,173.22000122070312,173.72000122070312,167.9290313720703,47842
2018-04-25,173.67999267578125,175.5800018310547,168.02000427246094,169.63999938964844,163.9850311279297,112927
2018-04-26,170.02000427246094,171.60000610351562,169.1999969482422,169.6199951171875,163.9656982421875,35870
2018-04-27,172.0,173.1999969482422,170.6199951171875,171.60000610351562,165.87969970703125,54227
2018-04-30,171.67999267578125,175.16000366210938,170.05999755859375,171.27999877929688,165.57037353515625,53547
2018-05-02,174.0399932861328,176.0,171.39999389648438,172.47999572753906,166.73036193847656,94367
2018-05-03,172.77999877929688,172.77999877929688,168.5,169.75999450683594,164.1010284423828,52867
2018-05-04,169.9600067138672,172.8000030517578,166.02000427246094,168.5399932861328,162.92169189453125,46452
2018-05-07,169.3000030517578,170.3800048828125,166.0,167.22000122070312,161.6457061767578,27200
2018-05-08,167.6199951171875,172.39999389648438,166.52000427246094,170.0800018310547,164.41036987304688,61400
2018-05-09,171.9600067138672,175.60000610351562,170.39999389648438,173.0399932861328,167.2716827392578,84470
2018-05-10,173.9199981689453,175.60000610351562,170.0,170.5800018310547,164.89369201660156,57540
2018-05-11,169.22000122070312,171.97999572753906,168.8000030517578,169.9600067138672,164.29437255859375,40145
2018-05-14,168.8000030517578,176.0,168.8000030517578,171.72000122070312,165.99571228027344,86082
2018-05-15,171.1999969482422,178.8000030517578,168.39999389648438,174.44000244140625,168.62501525878906,489697
2018-05-16,174.77999877929688,174.77999877929688,168.4199981689453,170.36000061035156,164.68104553222656,73652
2018-05-17,170.0,171.89999389648438,167.60000610351562,168.27999877929688,162.6703643798828,47325
2018-05-18,168.17999267578125,170.0,160.39999389648438,162.8000030517578,157.37303161621094,65677
2018-05-21,162.8000030517578,164.39999389648438,154.4199981689453,155.77999877929688,150.58705139160156,140157
2018-05-22,155.24000549316406,157.66000366210938,153.60000610351562,154.4199981689453,149.27236938476562,119995
2018-05-23,154.1199951171875,158.39999389648438,152.39999389648438,153.17999267578125,148.07371520996094,142297
2018-05-24,153.27999877929688,154.60000610351562,150.16000366210938,151.1199951171875,146.08241271972656,44450
2018-05-25,149.9600067138672,155.60000610351562,149.9600067138672,154.89999389648438,149.7364044189453,49197
2018-05-28,155.66000366210938,168.0,155.60000610351562,164.77999877929688,159.28704833984375,179850
2018-05-29,166.24000549316406,168.0,163.6199951171875,165.02000427246094,159.51904296875,100617
2018-05-30,164.0,166.39999389648438,161.4199981689453,162.32000732421875,156.9090576171875,76845
2018-05-31,162.8800048828125,163.97999572753906,158.0800018310547,159.5,154.18304443359375,43477
2018-06-01,159.5399932861328,160.77999877929688,154.39999389648438,155.4600067138672,150.27772521972656,78395
2018-06-04,155.60000610351562,156.6199951171875,148.89999389648438,150.25999450683594,145.25106811523438,59825
2018-06-05,149.0,150.0,142.0,143.44000244140625,138.65841674804688,145865
2018-06-06,145.1999969482422,147.8000030517578,141.33999633789062,145.77999877929688,140.92042541503906,75977
2018-06-07,145.8000030517578,150.94000244140625,145.8000030517578,147.9199981689453,142.98907470703125,74230
2018-06-08,148.67999267578125,150.0,146.0,147.13999938964844,142.23507690429688,47927
2018-06-11,147.97999572753906,154.8000030517578,147.13999938964844,153.1199951171875,148.01573181152344,94742
2018-06-12,153.1999969482422,158.3800048828125,150.44000244140625,156.25999450683594,151.0510711669922,79922
2018-06-13,156.39999389648438,160.39999389648438,156.39999389648438,157.17999267578125,151.9403839111328,34460
2018-06-14,157.6199951171875,157.97999572753906,150.8000030517578,151.86000061035156,146.79771423339844,98417
2018-06-15,152.32000732421875,152.97999572753906,149.89999389648438,150.4199981689453,145.40574645996094,51760
2018-06-18,151.63999938964844,151.63999938964844,147.60000610351562,149.0,144.03305053710938,41395
2018-06-19,150.0,152.0,144.0,145.55999755859375,140.70774841308594,39995
2018-06-20,144.39999389648438,146.1999969482422,141.47999572753906,142.55999755859375,137.80776977539062,50460
2018-06-21,142.86000061035156,142.86000061035156,137.63999938964844,138.17999267578125,133.57374572753906,92097
2018-06-22,136.8000030517578,137.22000122070312,133.0399932861328,135.4199981689453,130.90577697753906,61987
2018-06-25,135.1999969482422,135.39999389648438,129.1999969482422,129.83999633789062,125.51177215576172,66667
2018-06-26,128.39999389648438,128.6999969482422,123.19999694824219,124.58000183105469,120.4271240234375,87920
2018-06-27,123.27999877929688,125.91999816894531,116.08000183105469,118.26000213623047,114.31778717041016,149452
2018-06-28,119.13999938964844,125.83999633789062,114.54000091552734,122.30000305175781,118.2231216430664,127002
2018-06-29,122.19999694824219,124.69999694824219,118.44000244140625,123.5999984741211,119.47978973388672,221837
2018-07-02,123.58000183105469,127.91999816894531,122.16000366210938,125.87999725341797,121.68377685546875,79712
2018-07-03,125.66000366210938,126.80000305175781,122.08000183105469,123.12000274658203,119.01579284667969,40430
2018-07-04,121.5999984741211,124.0,120.04000091552734,121.13999938964844,117.10177612304688,50470
2018-07-05,121.0999984741211,122.0,120.0,121.31999969482422,117.27578735351562,31070
2018-07-06,121.19999694824219,123.12000274658203,117.77999877929688,119.95999908447266,115.96112060546875,84905
2018-07-09,122.0,124.80000305175781,120.9800033569336,124.04000091552734,119.90511322021484,62162
2018-07-10,124.80000305175781,138.3800048828125,122.80000305175781,134.97999572753906,130.48043823242188,472215
2018-07-11,133.77999877929688,135.9199981689453,129.4199981689453,132.9600067138672,128.5277862548828,113575
2018-07-12,132.94000244140625,134.97999572753906,130.72000122070312,132.02000427246094,127.61910247802734,60087
2018-07-13,131.1999969482422,132.0399932861328,125.54000091552734,130.25999450683594,125.91776275634766,76177
2018-07-16,129.60000610351562,129.60000610351562,124.0,125.16000366210938,120.98777770996094,55832
2018-07-17,124.80000305175781,128.4199981689453,123.05999755859375,125.95999908447266,121.76111602783203,60762
2018-07-18,124.23999786376953,127.23999786376953,120.0,122.12000274658203,118.04911804199219,88040
2018-07-19,123.0999984741211,125.4800033569336,120.68000030517578,123.0199966430664,118.91911315917969,54345
2018-07-20,125.19999694824219,125.19999694824219,121.19999694824219,121.77999877929688,117.72045135498047,45912
2018-07-23,122.0,125.16000366210938,120.66000366210938,122.91999816894531,118.82244873046875,47765
2018-07-24,124.80000305175781,141.39999389648438,123.0999984741211,137.39999389648438,132.8197479248047,440905
2018-07-25,137.39999389648438,141.8800048828125,132.94000244140625,134.94000244140625,130.44175720214844,167370
2018-07-26,134.8000030517578,139.55999755859375,133.39999389648438,135.0,130.49977111816406,56392
2018-07-27,135.60000610351562,140.39999389648438,134.0800018310547,136.83999633789062,132.2783966064453,86100
2018-07-30,136.0,138.75999450683594,134.89999389648438,136.44000244140625,131.8917694091797,57880
2018-07-31,136.0,138.3800048828125,134.25999450683594,135.5800018310547,131.0604248046875,57790
2018-08-01,135.97999572753906,140.72000122070312,135.9600067138672,137.67999267578125,133.0904083251953,141732
2018-08-02,136.5,140.39999389648438,135.3800048828125,138.94000244140625,134.3084259033203,55927
2018-08-03,140.9600067138672,147.0800018310547,138.60000610351562,144.9600067138672,140.12774658203125,223992
2018-08-06,147.10000610351562,157.1199951171875,146.39999389648438,153.0800018310547,147.97705078125,1029807
2018-08-07,150.8000030517578,151.16000366210938,144.89999389648438,145.6199951171875,140.76571655273438,234487
2018-08-08,144.0,146.97999572753906,140.5,143.13999938964844,138.36839294433594,92630
2018-08-09,144.27999877929688,147.9199981689453,143.60000610351562,146.55999755859375,141.67440795898438,97817
2018-08-10,146.9600067138672,148.1999969482422,144.55999755859375,146.60000610351562,141.71307373046875,58195
2018-08-13,145.9199981689453,146.77999877929688,142.86000061035156,145.36000061035156,140.514404296875,42607
2018-08-14,145.97999572753906,146.86000061035156,144.24000549316406,145.17999267578125,140.34039306640625,42032
2018-08-16,145.8000030517578,150.0,144.0,147.0399932861328,142.13841247558594,92845
2018-08-17,147.5399932861328,151.16000366210938,147.22000122070312,149.72000122070312,144.72906494140625,89475
2018-08-20,150.94000244140625,151.8000030517578,146.82000732421875,147.67999267578125,142.75704956054688,57810
2018-08-21,147.8000030517578,154.3800048828125,144.89999389648438,146.25999450683594,141.38441467285156,171280
2018-08-23,146.25999450683594,147.1999969482422,144.89999389648438,145.24000549316406,141.17059326171875,30952
2018-08-24,145.0,145.60000610351562,141.1999969482422,142.3800048828125,138.39073181152344,35995
2018-08-27,141.60000610351562,145.75999450683594,141.1999969482422,142.83999633789062,138.8378143310547,39620
2018-08-28,142.82000732421875,144.60000610351562,140.39999389648438,141.16000366210938,137.2049102783203,33922
2018-08-29,141.1999969482422,142.25999450683594,138.24000549316406,140.22000122070312,136.2912139892578,51507
2018-08-30,140.05999755859375,141.60000610351562,138.39999389648438,139.3800048828125,135.4747772216797,33895
2018-08-31,141.97999572753906,141.97999572753906,138.39999389648438,139.1199951171875,135.22203063964844,33770
2018-09-03,143.60000610351562,143.60000610351562,138.0,140.5399932861328,136.6022491455078,46767
2018-09-04,143.17999267578125,143.17999267578125,137.1999969482422,138.66000366210938,134.77493286132812,60132
2018-09-05,137.5399932861328,140.36000061035156,136.0,138.1999969482422,134.32781982421875,43090
2018-09-06,138.13999938964844,147.27999877929688,138.13999938964844,142.33999633789062,138.35182189941406,164005
2018-09-07,143.60000610351562,146.36000061035156,142.39999389648438,144.02000427246094,139.98475646972656,86125
2018-09-10,144.8000030517578,144.8000030517578,141.1999969482422,141.52000427246094,137.5548095703125,34447
2018-09-11,140.60000610351562,143.9199981689453,139.22000122070312,140.10000610351562,136.17459106445312,30412
2018-09-12,139.1999969482422,142.8800048828125,136.82000732421875,141.32000732421875,137.36041259765625,44552
2018-09-14,142.1999969482422,147.5800018310547,139.82000732421875,142.44000244140625,138.44903564453125,170375
2018-09-17,141.4199981689453,141.97999572753906,138.24000549316406,139.25999450683594,135.35812377929688,43045
2018-09-18,138.05999755859375,141.8000030517578,136.0,137.13999938964844,133.29751586914062,44077
2018-09-19,137.22000122070312,139.72000122070312,136.05999755859375,137.24000549316406,133.39474487304688,46567
2018-09-21,138.0,139.27999877929688,124.81999969482422,129.22000122070312,125.59943389892578,96232
2018-09-24,129.22000122070312,133.9199981689453,124.9000015258789,126.76000213623047,123.20836639404297,48727
2018-09-25,126.77999877929688,128.0,120.4000015258789,122.9000015258789,119.4565200805664,80797
2018-09-26,125.18000030517578,125.18000030517578,120.0,121.9000015258789,118.48454284667969,40272
2018-09-27,120.4000015258789,123.05999755859375,116.54000091552734,119.9800033569336,116.61833190917969,42910
2018-09-28,122.0,122.0,112.80000305175781,114.77999877929688,111.56401824951172,48110
2018-10-01,114.0,119.18000030517578,108.0199966430664,114.4800033569336,111.27243041992188,108135
2018-10-03,115.19999694824219,115.9800033569336,110.0,110.73999786376953,107.63721466064453,44065
2018-10-04,108.4000015258789,113.19999694824219,108.18000030517578,109.23999786376953,106.17924499511719,49762
2018-10-05,112.0,112.0,103.0999984741211,104.73999786376953,101.80532836914062,48962
2018-10-08,104.0,112.80000305175781,102.41999816894531,111.23999786376953,108.12320709228516,147145
2018-10-09,111.62000274658203,113.77999877929688,106.95999908447266,109.27999877929688,106.2181167602539,86085
2018-10-10,109.27999877929688,112.23999786376953,108.80000305175781,110.68000030517578,107.57889556884766,36385
2018-10-11,102.80000305175781,112.0,102.80000305175781,110.5,107.40393829345703,39640
2018-10-12,110.5199966430664,115.9800033569336,110.5,113.05999755859375,109.8922119140625,33122
2018-10-15,115.19999694824219,119.0,110.27999877929688,117.18000030517578,113.89678192138672,38777
2018-10-16,117.9800033569336,119.5999984741211,115.33999633789062,117.81999969482422,114.51885223388672,31977
2018-10-17,118.80000305175781,139.0399932861328,117.5999984741211,118.55999755859375,115.23811340332031,103827
2018-10-19,118.5999984741211,121.23999786376953,112.81999969482422,116.0,112.74983978271484,37730
2018-10-22,120.31999969482422,120.31999969482422,109.12000274658203,111.12000274658203,108.00657653808594,59372
2018-10-23,110.0,114.23999786376953,105.16000366210938,105.68000030517578,102.718994140625,80397
2018-10-24,108.77999877929688,110.31999969482422,105.62000274658203,106.31999969482422,103.341064453125,34822
2018-10-25,105.19999694824219,107.80000305175781,104.0999984741211,105.12000274658203,102.1746826171875,25422
2018-10-26,104.69999694824219,106.4000015258789,103.19999694824219,103.91999816894531,101.00830841064453,38147
2018-10-29,106.69999694824219,109.91999816894531,104.62000274658203,107.94000244140625,104.91566467285156,27342
2018-10-30,106.81999969482422,113.4000015258789,106.81999969482422,109.54000091552734,106.47084045410156,38245
2018-10-31,111.80000305175781,112.80000305175781,107.19999694824219,110.30000305175781,107.20954895019531,43077
2018-11-01,110.4800033569336,114.95999908447266,109.19999694824219,113.0999984741211,109.93109130859375,74967
2018-11-02,113.5999984741211,126.0,113.36000061035156,117.9000015258789,114.59661102294922,150257
2018-11-05,118.4000015258789,127.5999984741211,114.4000015258789,125.9800033569336,122.4502182006836,254840
2018-11-06,126.4000015258789,127.91999816894531,120.9000015258789,122.08000183105469,118.65948486328125,107507
2018-11-07,122.0999984741211,123.45999908447266,121.27999877929688,122.68000030517578,119.24268341064453,20970
2018-11-09,122.0,126.80000305175781,121.30000305175781,126.23999786376953,122.70293426513672,100365
2018-11-12,127.37999725341797,131.1999969482422,120.80000305175781,125.55999755859375,122.04197692871094,112695
2018-11-13,126.18000030517578,129.5,123.9000015258789,125.44000244140625,121.92535400390625,227615
2018-11-14,125.5999984741211,126.33999633789062,117.9800033569336,119.31999969482422,115.97682189941406,84167
2018-11-15,119.23999786376953,123.55999755859375,117.5999984741211,118.5,115.17979431152344,44192
2018-11-16,119.12000274658203,121.37999725341797,117.63999938964844,118.36000061035156,115.0437240600586,21812
2018-11-19,119.4800033569336,120.91999816894531,118.26000213623047,119.54000091552734,116.19066619873047,20245
2018-11-20,118.81999969482422,120.4000015258789,115.58000183105469,117.69999694824219,114.40220642089844,27495
2018-11-21,118.5999984741211,119.36000061035156,115.41999816894531,116.81999969482422,113.54686737060547,25852
2018-11-22,118.80000305175781,120.9000015258789,115.5999984741211,118.04000091552734,114.73268127441406,81467
2018-11-26,118.0,120.13999938964844,117.63999938964844,118.5999984741211,115.27699279785156,21677
2018-11-27,119.91999816894531,119.91999816894531,116.08000183105469,117.31999969482422,114.03285217285156,10895
2018-11-28,119.5999984741211,124.76000213623047,119.36000061035156,122.13999938964844,118.71781158447266,148737
2018-11-29,123.23999786376953,123.69999694824219,117.4000015258789,119.27999877929688,115.93794250488281,50807
2018-11-30,118.81999969482422,121.0999984741211,118.22000122070312,119.44000244140625,116.09346771240234,14395
2018-12-03,121.5999984741211,122.36000061035156,119.5199966430664,120.18000030517578,116.81272888183594,30902
2018-12-04,120.19999694824219,121.81999969482422,119.19999694824219,120.95999908447266,117.57086944580078,21572
2018-12-05,120.80000305175781,120.80000305175781,116.73999786376953,119.23999786376953,115.89905548095703,14752
2018-12-06,118.68000030517578,118.68000030517578,112.80000305175781,114.22000122070312,111.01972198486328,43472
2018-12-07,114.22000122070312,114.80000305175781,111.19999694824219,112.87999725341797,109.71725463867188,33490
2018-12-10,111.22000122070312,113.72000122070312,110.4000015258789,111.22000122070312,108.10376739501953,23952
2018-12-11,110.41999816894531,114.80000305175781,109.62000274658203,114.08000183105469,110.88363647460938,23280
2018-12-12,114.0,119.95999908447266,114.0,117.9000015258789,114.59661102294922,22870
2018-12-13,119.55999755859375,120.58000183105469,115.4000015258789,116.19999694824219,112.94422912597656,27675
2018-12-14,116.4000015258789,117.5,114.0,114.87999725341797,111.66121673583984,17505
2018-12-17,116.19999694824219,118.87999725341797,114.0,114.54000091552734,111.33074951171875,35145
2018-12-18,116.58000183105469,118.80000305175781,113.58000183105469,116.94000244140625,113.66351318359375,45095
2018-12-19,118.19999694824219,120.91999816894531,116.81999969482422,120.0,116.63777160644531,37145
2018-12-20,120.0,123.66000366210938,117.94000244140625,120.5,117.12376403808594,43467
2018-12-21,120.0199966430664,121.19999694824219,117.19999694824219,118.12000274658203,114.81044006347656,33640
2018-12-24,119.77999877929688,119.77999877929688,114.4000015258789,115.05999755859375,111.836181640625,24765
2018-12-26,114.37999725341797,115.18000030517578,112.80000305175781,114.31999969482422,111.11691284179688,36770
2018-12-27,116.0,129.77999877929688,114.5999984741211,122.05999755859375,118.64004516601562,1167737
2018-12-28,122.0,127.5999984741211,120.0,121.91999816894531,118.50396728515625,311607
2018-12-31,122.83999633789062,124.63999938964844,120.83999633789062,123.27999877929688,119.82586669921875,97677
2019-01-01,122.31999969482422,123.16000366210938,120.62000274658203,121.04000091552734,117.64862823486328,49820
2019-01-02,121.4800033569336,123.5999984741211,119.80000305175781,122.12000274658203,118.69837188720703,76770
2019-01-03,120.0,127.0999984741211,120.0,122.0,118.58173370361328,132782
2019-01-04,120.86000061035156,123.4000015258789,120.86000061035156,122.4000015258789,118.97052001953125,27927
2019-01-07,123.0,125.54000091552734,119.4800033569336,120.33999633789062,116.96823120117188,69692
2019-01-08,121.55999755859375,121.55999755859375,117.5999984741211,118.22000122070312,114.90763854980469,37092
2019-01-09,118.4000015258789,119.37999725341797,116.0,116.5999984741211,113.3330307006836,33492
2019-01-10,117.4800033569336,117.4800033569336,115.19999694824219,115.41999816894531,112.18608093261719,22930
2019-01-11,116.13999938964844,116.16000366210938,114.08000183105469,114.72000122070312,111.50570678710938,44302
2019-01-14,115.4000015258789,117.33999633789062,114.0,114.33999633789062,111.1363525390625,24692
2019-01-15,114.4800033569336,118.0,114.04000091552734,116.5199966430664,113.2552719116211,26407
2019-01-16,118.72000122070312,118.72000122070312,114.73999786376953,116.68000030517578,113.4107894897461,31767
2019-01-17,116.94000244140625,118.4000015258789,116.22000122070312,116.95999908447266,113.68294525146484,20965
2019-01-18,115.86000061035156,117.9800033569336,114.5199966430664,114.81999969482422,111.6029052734375,11855
2019-01-21,118.36000061035156,118.36000061035156,112.80000305175781,114.22000122070312,111.01972198486328,26950
2019-01-22,113.63999938964844,114.18000030517578,111.26000213623047,111.95999908447266,108.82303619384766,34280
2019-01-23,111.62000274658203,112.77999877929688,110.0,110.5999984741211,107.50114440917969,37650
2019-01-24,112.77999877929688,112.77999877929688,110.05999755859375,110.5199966430664,107.42338562011719,8657
2019-01-25,109.27999877929688,111.0999984741211,106.5199966430664,108.44000244140625,105.40165710449219,22575
2019-01-28,110.72000122070312,110.72000122070312,104.80000305175781,107.31999969482422,104.31304168701172,45377
2019-01-29,107.66000366210938,109.13999938964844,104.0,105.0199966430664,102.07747650146484,51695
2019-01-30,105.22000122070312,108.33999633789062,104.87999725341797,107.27999877929688,104.274169921875,24217
2019-01-31,107.62000274658203,111.0,107.62000274658203,109.87999725341797,106.80131530761719,30450
2019-02-01,109.31999969482422,119.0999984741211,108.36000061035156,113.83999633789062,110.65036010742188,104570
2019-02-04,112.13999938964844,114.36000061035156,108.5,109.27999877929688,106.2181167602539,37205
2019-02-05,109.9800033569336,110.55999755859375,104.4000015258789,105.72000122070312,102.75787353515625,46777
2019-02-06,106.0,107.33999633789062,104.54000091552734,105.31999969482422,102.36908721923828,38260
2019-02-07,105.18000030517578,107.5199966430664,102.5999984741211,103.9000015258789,100.98886108398438,40717
2019-02-08,104.0,104.4000015258789,102.22000122070312,103.19999694824219,100.3084716796875,29540
2019-02-11,103.22000122070312,106.0,100.55999755859375,101.86000061035156,99.00602722167969,40862
2019-02-12,101.5999984741211,104.0,99.0,99.81999969482422,97.02318572998047,51440
2019-02-14,97.23999786376953,101.5199966430664,96.4800033569336,100.41999816894531,97.60636138916016,32375
2019-02-15,98.41999816894531,100.4000015258789,96.91999816894531,98.76000213623047,95.99288177490234,20745
2019-02-18,101.04000091552734,101.04000091552734,96.5199966430664,98.72000122070312,95.95401000976562,22002
2019-02-19,100.0199966430664,100.16000366210938,97.58000183105469,97.94000244140625,95.19586944580078,25977
2019-02-20,98.5999984741211,102.0,98.4000015258789,101.77999877929688,98.92826843261719,29842
2019-02-21,100.19999694824219,107.19999694824219,100.0,106.16000366210938,103.18553924560547,62360
2019-02-22,107.87999725341797,108.66000366210938,104.4000015258789,105.77999877929688,102.81620025634766,36275
2019-02-25,104.77999877929688,113.5199966430664,104.77999877929688,109.04000091552734,105.98484802246094,318952
2019-02-26,108.0,108.0,104.9000015258789,105.68000030517578,102.718994140625,42227
2019-02-27,106.0,109.16000366210938,100.27999877929688,101.5199966430664,98.67555236816406,66942
2019-02-28,104.55999755859375,106.4000015258789,102.80000305175781,105.77999877929688,102.81620025634766,112910
2019-03-01,109.18000030517578,112.0,108.26000213623047,110.26000213623047,107.1706771850586,307690
2019-03-05,110.76000213623047,115.19999694824219,109.30000305175781,114.41999816894531,111.214111328125,121447
2019-03-06,115.5199966430664,118.4000015258789,114.0,115.30000305175781,112.06946563720703,82337
2019-03-07,114.44000244140625,117.91999816894531,114.44000244140625,116.63999938964844,113.37191009521484,53377
2019-03-08,117.5999984741211,117.5999984741211,113.37999725341797,114.9000015258789,111.6806640625,31452
2019-03-11,113.95999908447266,117.44000244140625,113.23999786376953,113.72000122070312,110.53372955322266,56625
2019-03-12,114.5999984741211,121.45999908447266,114.5999984741211,118.13999938964844,114.82988739013672,276507
2019-03-13,119.19999694824219,119.19999694824219,115.27999877929688,116.13999938964844,112.88591766357422,44455
2019-03-14,116.04000091552734,117.95999908447266,112.91999816894531,113.16000366210938,109.98942565917969,44187
2019-03-15,113.41999816894531,115.0,110.4000015258789,111.31999969482422,108.20097351074219,130532
2019-03-18,111.9000015258789,112.0,107.63999938964844,109.5999984741211,106.5291519165039,39457
2019-03-19,109.4000015258789,109.5999984741211,107.62000274658203,107.94000244140625,104.91566467285156,36767
2019-03-20,108.0,108.41999816894531,104.80000305175781,105.73999786376953,102.77731323242188,59852
2019-03-22,105.0,109.04000091552734,105.0,105.95999908447266,102.99114990234375,66055
2019-03-25,104.04000091552734,105.72000122070312,102.80000305175781,103.9800033569336,101.0666275024414,41067
2019-03-26,103.0,105.18000030517578,103.0,104.5,101.57205200195312,52265
2019-03-27,105.19999694824219,106.22000122070312,102.80000305175781,103.76000213623047,100.85279083251953,63750
2019-03-28,103.80000305175781,105.72000122070312,103.30000305175781,104.4800033569336,101.55261993408203,52607
2019-04-01,108.80000305175781,109.83999633789062,107.19999694824219,107.95999908447266,104.93511199951172,38795
2019-04-02,109.18000030517578,109.80000305175781,108.04000091552734,108.31999969482422,105.28502655029297,43675
2019-04-03,109.0,109.30000305175781,105.63999938964844,106.5,103.5160140991211,49255
2019-04-04,107.37999725341797,109.81999969482422,105.63999938964844,109.30000305175781,106.2375717163086,221520
2019-04-05,110.0,112.68000030517578,108.4000015258789,110.13999938964844,107.05402374267578,105800
2019-04-08,110.77999877929688,112.05999755859375,108.4000015258789,108.91999816894531,105.86821746826172,21337
2019-04-09,107.95999908447266,109.95999908447266,106.44000244140625,108.69999694824219,105.65437316894531,20202
2019-04-10,107.5999984741211,113.0999984741211,105.44000244140625,106.72000122070312,103.7298583984375,53875
2019-04-11,107.5999984741211,108.62000274658203,106.9800033569336,107.45999908447266,104.4491195678711,27245
2019-04-12,107.9000015258789,109.91999816894531,106.80000305175781,108.9800033569336,105.9265365600586,39467
2019-04-15,110.23999786376953,110.23999786376953,106.69999694824219,107.33999633789062,104.33248138427734,24880
2019-04-16,108.9000015258789,109.95999908447266,108.12000274658203,108.95999908447266,105.90708923339844,27395
2019-04-18,109.19999694824219,109.91999816894531,106.80000305175781,107.4000015258789,104.39080047607422,29715
2019-04-22,107.68000030517578,108.16000366210938,104.83999633789062,105.68000030517578,102.718994140625,14602
2019-04-23,104.5199966430664,106.55999755859375,104.5199966430664,105.76000213623047,102.7967529296875,14200
2019-04-24,105.0999984741211,107.13999938964844,104.80000305175781,106.44000244140625,103.45770263671875,11225
2019-04-25,105.37999725341797,106.37999725341797,104.4000015258789,105.16000366210938,102.21356201171875,12975
2019-04-26,103.23999786376953,107.18000030517578,102.54000091552734,103.4000015258789,100.50287628173828,37352
2019-04-30,103.37999725341797,104.0199966430664,100.76000213623047,101.13999938964844,98.30619812011719,32950
2019-05-02,101.19999694824219,101.19999694824219,98.13999938964844,98.66000366210938,95.89568328857422,36617
2019-05-03,98.81999969482422,101.95999908447266,96.5199966430664,97.13999938964844,94.41827392578125,37915
2019-05-06,95.9800033569336,98.0,94.80000305175781,96.76000213623047,94.04891967773438,22842
2019-05-07,98.4000015258789,98.4000015258789,92.08000183105469,93.18000030517578,90.56922149658203,32500
2019-05-08,93.9800033569336,93.9800033569336,88.87999725341797,89.9000015258789,87.38113403320312,74105
2019-05-09,91.87999725341797,91.87999725341797,86.0199966430664,87.33999633789062,84.8928451538086,51340
2019-05-10,88.0,90.33999633789062,86.5,87.4800033569336,85.0289306640625,40145
2019-05-13,86.27999877929688,89.86000061035156,86.0,89.0999984741211,86.60355377197266,46087
2019-05-14,89.08000183105469,94.72000122070312,87.19999694824219,92.73999786376953,90.14155578613281,42480
2019-05-15,93.19999694824219,96.4800033569336,92.63999938964844,94.62000274658203,91.96888732910156,43337
2019-05-16,94.41999816894531,96.58000183105469,94.0,95.30000305175781,92.62982940673828,14792
2019-05-17,96.0999984741211,96.54000091552734,92.0,92.72000122070312,90.12210845947266,30885
2019-05-20,96.4000015258789,98.4000015258789,94.54000091552734,96.91999816894531,94.20442962646484,64970
2019-05-21,97.37999725341797,98.0999984741211,92.45999908447266,94.4800033569336,91.83280944824219,20170
2019-05-22,94.63999938964844,95.73999786376953,92.81999969482422,94.5999984741211,91.94944763183594,16267
2019-05-23,95.33999633789062,97.69999694824219,90.80000305175781,92.19999694824219,89.61668395996094,41132
2019-05-24,93.0,100.80000305175781,91.27999877929688,97.91999816894531,95.1764144897461,65602
2019-05-27,97.5999984741211,103.5,97.58000183105469,102.9000015258789,100.01688385009766,78817
2019-05-28,103.9000015258789,107.4800033569336,102.04000091552734,104.94000244140625,101.99971771240234,473322
2019-05-29,106.08000183105469,106.08000183105469,100.94000244140625,101.9000015258789,99.0448989868164,58870
2019-05-30,103.5999984741211,103.5999984741211,101.19999694824219,102.4800033569336,99.60865783691406,18110
2019-05-31,103.5999984741211,103.5999984741211,98.04000091552734,99.0,96.22615814208984,38592
2019-06-03,96.0,98.22000122070312,96.0,97.4000015258789,94.67098999023438,20780
2019-06-04,97.4000015258789,101.5999984741211,96.81999969482422,100.9800033569336,98.15068054199219,33262
2019-06-06,103.0999984741211,105.5,100.80000305175781,101.63999938964844,98.79219818115234,131467
2019-06-07,101.63999938964844,103.4000015258789,100.37999725341797,101.54000091552734,98.69499206542969,40540
2019-06-10,102.68000030517578,103.5999984741211,98.80000305175781,99.68000030517578,96.8871078491211,22752
2019-06-11,100.0999984741211,101.0999984741211,97.0999984741211,98.9000015258789,96.12895965576172,27577
2019-06-12,98.72000122070312,100.26000213623047,98.05999755859375,98.83999633789062,96.07064819335938,6510
2019-06-13,98.26000213623047,100.4000015258789,95.23999786376953,99.23999786376953,96.45943450927734,44162
2019-06-14,102.19999694824219,102.19999694824219,96.54000091552734,97.13999938964844,94.41827392578125,25465
2019-06-17,97.37999725341797,97.9800033569336,96.0999984741211,96.18000030517578,93.48516082763672,15532
2019-06-18,96.68000030517578,97.05999755859375,92.19999694824219,93.0199966430664,90.41370391845703,24887
2019-06-19,95.19999694824219,95.19999694824219,88.5,90.23999786376953,87.71159362792969,42615
2019-06-20,89.9800033569336,93.55999755859375,87.63999938964844,91.16000366210938,88.60582733154297,28692
2019-06-21,93.55999755859375,94.41999816894531,90.05999755859375,91.76000213623047,89.18901824951172,21700
2019-06-24,90.41999816894531,92.77999877929688,90.05999755859375,90.4000015258789,87.86712646484375,14687
2019-06-25,89.5999984741211,91.5199966430664,88.73999786376953,89.13999938964844,86.64241790771484,9365
2019-06-26,89.54000091552734,96.4000015258789,88.86000061035156,91.77999877929688,89.20845794677734,67650
2019-06-27,92.69999694824219,92.77999877929688,90.77999877929688,91.87999725341797,89.30564880371094,20327
2019-06-28,92.33999633789062,93.5,90.0,90.33999633789062,87.80879211425781,20515
2019-07-01,91.4000015258789,93.41999816894531,90.4000015258789,91.16000366210938,88.60582733154297,23227
2019-07-02,90.4000015258789,92.0,89.80000305175781,91.5199966430664,88.95573425292969,21847
2019-07-03,92.19999694824219,95.0199966430664,90.4000015258789,91.08000183105469,88.52806091308594,43470
2019-07-04,91.80000305175781,94.0199966430664,91.19999694824219,93.68000030517578,91.05521392822266,25205
2019-07-05,93.5999984741211,107.0999984741211,91.04000091552734,92.22000122070312,89.63612365722656,84147
2019-07-08,92.33999633789062,92.4000015258789,87.30000305175781,88.87999725341797,86.38970184326172,39260
2019-07-09,88.58000183105469,90.55999755859375,87.30000305175781,89.30000305175781,86.79794311523438,19295
2019-07-10,89.31999969482422,90.4000015258789,88.0,88.31999969482422,85.84539794921875,14417
2019-07-11,88.45999908447266,89.5999984741211,86.83999633789062,87.55999755859375,85.106689453125,24430
2019-07-12,87.62000274658203,87.95999908447266,86.0,86.36000061035156,83.94031524658203,26170
2019-07-15,87.5,87.5999984741211,83.95999908447266,84.5999984741211,82.22962188720703,32405
2019-07-16,85.22000122070312,86.76000213623047,83.5999984741211,84.33999633789062,81.9769058227539,37482
2019-07-17,84.33999633789062,84.33999633789062,82.12000274658203,82.62000274658203,80.30510711669922,22387
2019-07-18,82.4000015258789,83.4800033569336,77.19999694824219,77.76000213623047,75.58126831054688,55065
2019-07-19,79.19999694824219,79.19999694824219,71.81999969482422,73.0199966430664,70.97407531738281,133772
2019-07-22,72.9000015258789,74.76000213623047,70.80000305175781,71.36000061035156,69.36058807373047,109315
2019-07-23,70.0,72.80000305175781,70.0,71.80000305175781,69.78826141357422,58785
2019-07-24,71.5999984741211,71.9800033569336,70.0199966430664,70.5199966430664,68.54412078857422,17465
2019-07-25,70.0199966430664,72.63999938964844,69.9800033569336,71.27999877929688,69.2828369140625,42855
2019-07-26,70.0,73.16000366210938,68.80000305175781,69.37999725341797,67.43606567382812,97437
2019-07-29,69.62000274658203,71.5999984741211,66.19999694824219,67.36000061035156,65.47266387939453,78812
2019-07-30,68.4000015258789,68.4000015258789,63.720001220703125,64.63999938964844,62.828880310058594,31277
2019-07-31,64.80000305175781,65.91999816894531,62.41999816894531,65.54000091552734,63.70365524291992,33457
2019-08-01,66.0,66.0,62.400001525878906,63.47999954223633,61.70137405395508,42770
2019-08-02,62.599998474121094,64.4000015258789,61.15999984741211,63.13999938964844,61.37090301513672,31097
2019-08-05,62.02000045776367,62.02000045776367,58.0,59.84000015258789,58.16336441040039,60147
2019-08-06,60.720001220703125,61.20000076293945,58.040000915527344,60.540000915527344,58.843753814697266,22740
2019-08-07,60.560001373291016,62.81999969482422,58.459999084472656,59.34000015258789,57.67737579345703,53507
2019-08-08,61.20000076293945,62.0,58.459999084472656,61.20000076293945,59.485260009765625,9907
2019-08-09,60.81999969482422,62.31999969482422,59.13999938964844,60.08000183105469,58.39664077758789,79175
2019-08-13,57.2400016784668,63.08000183105469,57.2400016784668,59.0,57.34690475463867,44090
2019-08-14,58.400001525878906,60.84000015258789,58.400001525878906,60.439998626708984,58.74655532836914,18602
2019-08-16,61.959999084472656,61.959999084472656,58.79999923706055,59.099998474121094,57.44409942626953,16615
2019-08-19,60.79999923706055,62.31999969482422,59.29999923706055,60.81999969482422,59.115909576416016,64402
2019-08-20,61.380001068115234,61.97999954223633,59.2400016784668,60.220001220703125,58.53272247314453,109807
2019-08-21,58.7400016784668,63.099998474121094,58.7400016784668,59.52000045776367,57.852333068847656,88827
2019-08-22,59.52000045776367,60.0,54.7400016784668,55.880001068115234,54.3143196105957,30577
2019-08-23,54.20000076293945,57.58000183105469,54.20000076293945,56.2599983215332,54.68367004394531,42307
2019-08-26,59.439998626708984,61.880001068115234,58.099998474121094,60.459999084472656,58.765995025634766,93022
2019-08-27,61.08000183105469,62.79999923706055,60.220001220703125,60.52000045776367,58.82431411743164,41015
2019-08-28,61.84000015258789,61.84000015258789,58.880001068115234,59.2599983215332,57.599613189697266,22165
2019-08-29,58.79999923706055,60.0,58.08000183105469,58.84000015258789,57.19138717651367,12965
2019-08-30,58.400001525878906,60.400001525878906,58.400001525878906,59.91999816894531,58.24112319946289,18980
2019-09-03,62.68000030517578,62.68000030517578,59.279998779296875,60.0,58.318885803222656,27837
2019-09-04,60.08000183105469,61.099998474121094,58.34000015258789,58.720001220703125,57.074745178222656,8907
2019-09-05,58.400001525878906,59.97999954223633,58.400001525878906,59.52000045776367,58.752838134765625,14177
2019-09-06,58.41999816894531,61.900001525878906,58.41999816894531,61.02000045776367,60.23350143432617,61045
2019-09-09,61.599998474121094,61.79999923706055,60.15999984741211,61.2400016784668,60.45066833496094,49975
2019-09-11,61.880001068115234,65.19999694824219,60.81999969482422,63.36000061035156,62.54334259033203,212337
2019-09-12,64.58000183105469,65.5,62.31999969482422,62.880001068115234,62.06952667236328,65730
2019-09-13,62.880001068115234,65.4000015258789,62.880001068115234,63.91999816894531,63.09612274169922,57070
2019-09-16,63.91999816894531,64.45999908447266,61.599998474121094,62.29999923706055,61.49700164794922,41360
2019-09-17,63.20000076293945,63.459999084472656,60.900001525878906,61.13999938964844,60.35195541381836,37072
2019-09-18,62.0,62.0,60.060001373291016,60.5,59.72020721435547,24657
2019-09-19,60.400001525878906,60.79999923706055,58.41999816894531,59.560001373291016,58.79232406616211,34795
2019-09-20,59.02000045776367,66.4800033569336,58.47999954223633,64.27999877929688,63.45148468017578,176620
2019-09-23,65.91999816894531,68.5199966430664,64.0,64.80000305175781,63.964786529541016,131165
2019-09-24,66.0,77.76000213623047,66.0,77.76000213623047,76.75774383544922,929295
2019-09-25,81.5999984741211,87.5999984741211,79.27999877929688,81.13999938964844,80.09417724609375,2685467
2019-09-26,80.0,84.5999984741211,78.13999938964844,82.23999786376953,81.17999267578125,735230
2019-09-27,81.41999816894531,83.0,78.16000366210938,79.44000244140625,78.41608428955078,289580
2019-09-30,79.62000274658203,81.33999633789062,72.55999755859375,75.04000091552734,74.07279968261719,181777
2019-10-01,75.5999984741211,76.66000366210938,65.19999694824219,69.73999786376953,68.84111022949219,157282
2019-10-03,72.0,73.91999816894531,67.19999694824219,68.4000015258789,67.51837921142578,100205
2019-10-04,68.41999816894531,71.5,66.54000091552734,67.36000061035156,66.49179077148438,70567
2019-10-07,68.77999877929688,77.55999755859375,65.5,75.05999755859375,74.092529296875,529770
2019-10-09,75.55999755859375,90.05999755859375,72.83999633789062,89.62000274658203,88.4648666381836,2478102
2019-10-10,93.69999694824219,95.16000366210938,87.73999786376953,88.76000213623047,87.61595916748047,1548412
2019-10-11,87.5999984741211,98.36000061035156,86.4000015258789,93.72000122070312,92.51202392578125,1744045
2019-10-14,95.5999984741211,95.5999984741211,87.44000244140625,89.12000274658203,87.97132110595703,369247
2019-10-15,89.5999984741211,95.16000366210938,88.4000015258789,90.95999908447266,89.78760528564453,435675
2019-10-16,91.54000091552734,92.0,88.81999969482422,89.4000015258789,88.24771118164062,189640
2019-10-17,89.95999908447266,92.4000015258789,89.19999694824219,89.69999694824219,88.54383087158203,252235
2019-10-18,89.9800033569336,91.0,86.9000015258789,87.9800033569336,86.84601593017578,150602
2019-10-22,88.4000015258789,90.16000366210938,85.0,85.94000244140625,84.8322982788086,90932
2019-10-23,85.9800033569336,87.19999694824219,82.0199966430664,83.27999877929688,82.20658874511719,112557
2019-10-24,83.86000061035156,97.41999816894531,83.86000061035156,90.30000305175781,89.1361083984375,1149012
2019-10-25,90.58000183105469,91.66000366210938,86.77999877929688,87.86000061035156,86.72755432128906,161930
2019-10-27,88.77999877929688,90.16000366210938,86.13999938964844,89.12000274658203,87.97132110595703,46800
2019-10-29,89.76000213623047,93.27999877929688,88.0199966430664,90.5199966430664,89.353271484375,177640
2019-10-30,91.13999938964844,93.77999877929688,90.19999694824219,91.5,90.32064056396484,272542
2019-10-31,92.12000274658203,94.76000213623047,88.19999694824219,90.36000061035156,89.1953353881836,419425
2019-11-01,91.12000274658203,92.80000305175781,87.19999694824219,87.95999908447266,86.8262710571289,253432
2019-11-04,89.27999877929688,91.19999694824219,87.5999984741211,88.68000030517578,87.53697967529297,100127
2019-11-05,89.08000183105469,95.91999816894531,88.0,90.68000030517578,89.51121520996094,368597
2019-11-06,90.66000366210938,92.80000305175781,88.68000030517578,92.0,90.81419372558594,162770
2019-11-07,92.72000122070312,94.27999877929688,91.37999725341797,91.86000061035156,90.6760025024414,112575
2019-11-08,90.04000091552734,93.08000183105469,88.83999633789062,89.62000274658203,88.4648666381836,99352
2019-11-11,89.63999938964844,92.0,88.9000015258789,90.5999984741211,89.43224334716797,140867
2019-11-13,91.16000366210938,91.16000366210938,89.19999694824219,89.9000015258789,88.74127197265625,79102
2019-11-14,89.18000030517578,91.87999725341797,88.83999633789062,90.81999969482422,89.6494140625,147972
2019-11-15,91.86000061035156,94.80000305175781,90.44000244140625,90.9800033569336,89.80734252929688,166930
2019-11-18,90.04000091552734,91.58000183105469,88.95999908447266,89.58000183105469,88.4253921508789,69137
2019-11-19,90.44000244140625,91.87999725341797,90.4000015258789,90.68000030517578,89.51121520996094,59125
2019-11-20,90.68000030517578,92.72000122070312,90.0,90.30000305175781,89.1361083984375,48735
2019-11-21,90.9000015258789,91.33999633789062,89.13999938964844,89.62000274658203,88.4648666381836,59570
2019-11-22,89.62000274658203,92.26000213623047,89.62000274658203,90.36000061035156,89.1953353881836,70947
2019-11-25,91.0999984741211,92.4000015258789,89.4800033569336,89.9000015258789,88.74127197265625,99692
2019-11-26,89.77999877929688,98.5999984741211,89.77999877929688,93.45999908447266,92.25537109375,464090
2019-11-27,94.72000122070312,99.73999786376953,94.63999938964844,95.81999969482422,94.5849609375,513660
2019-11-28,96.12000274658203,97.0199966430664,94.13999938964844,94.73999786376953,93.51886749267578,134305
2019-11-29,95.55999755859375,97.95999908447266,94.5999984741211,96.12000274658203,94.88109588623047,152860
2019-12-02,94.04000091552734,97.5999984741211,94.04000091552734,95.22000122070312,93.9926986694336,86495
2019-12-03,94.0,96.69999694824219,94.0,94.80000305175781,93.57811737060547,68392
2019-12-04,94.76000213623047,100.5999984741211,94.0,97.5999984741211,96.34201049804688,187287
2019-12-05,96.5999984741211,98.37999725341797,94.80000305175781,96.13999938964844,94.90083312988281,68922
2019-12-06,96.80000305175781,97.63999938964844,94.22000122070312,95.77999877929688,94.54547119140625,60090
2019-12-09,96.68000030517578,101.19999694824219,96.30000305175781,98.54000091552734,97.2698974609375,241252
2019-12-10,98.86000061035156,100.91999816894531,93.36000061035156,95.05999755859375,93.83475494384766,228480
2019-12-11,94.0999984741211,97.5999984741211,94.0999984741211,96.36000061035156,95.11800384521484,60285
2019-12-12,96.4000015258789,98.13999938964844,96.08000183105469,96.91999816894531,95.6707763671875,66770
2019-12-13,98.80000305175781,104.0,98.80000305175781,100.9800033569336,99.67845916748047,373052
2019-12-16,101.19999694824219,101.87999725341797,99.5999984741211,100.22000122070312,98.92825317382812,102447
2019-12-17,99.62000274658203,105.31999969482422,99.62000274658203,104.0999984741211,102.75823974609375,225240
2019-12-18,103.5999984741211,104.95999908447266,101.66000366210938,102.5999984741211,101.27757263183594,142657
2019-12-19,102.0,109.91999816894531,101.5999984741211,107.37999725341797,105.99595642089844,496177
2019-12-20,108.12000274658203,111.55999755859375,107.19999694824219,108.68000030517578,107.27920532226562,223280
2019-12-23,108.76000213623047,118.4000015258789,108.0,112.33999633789062,110.89202880859375,1193870
2019-12-24,112.37999725341797,113.5999984741211,110.44000244140625,111.04000091552734,109.60877990722656,268030
2019-12-26,110.4000015258789,117.0,110.4000015258789,115.22000122070312,113.73490142822266,527757
2019-12-27,115.0,117.13999938964844,114.5,115.19999694824219,113.71517181396484,207252
2019-12-30,115.4800033569336,117.5999984741211,114.95999908447266,115.62000274658203,114.1297607421875,145622
2019-12-31,116.19999694824219,117.26000213623047,113.0,114.12000274658203,112.64908599853516,128140
2020-01-01,114.05999755859375,115.5999984741211,112.0,112.5999984741211,111.14867401123047,87777
2020-01-02,113.31999969482422,116.5999984741211,113.18000030517578,114.77999877929688,113.30058288574219,233100
2020-01-03,114.5999984741211,114.80000305175781,112.0199966430664,112.62000274658203,111.16841888427734,99522
2020-01-06,112.4000015258789,112.4000015258789,104.62000274658203,105.69999694824219,104.33760833740234,172620
2020-01-07,107.9000015258789,110.36000061035156,106.19999694824219,107.36000061035156,105.9762191772461,124227
2020-01-08,104.4000015258789,106.72000122070312,102.0,104.12000274658203,102.7779769897461,137627
2020-01-09,105.23999786376953,110.0,105.23999786376953,107.63999938964844,106.25261688232422,136737
2020-01-10,107.80000305175781,113.04000091552734,106.12000274658203,108.9800033569336,107.57533264160156,177782
2020-01-13,108.80000305175781,113.5999984741211,108.80000305175781,110.73999786376953,109.3126449584961,190262
2020-01-14,111.18000030517578,112.54000091552734,109.22000122070312,110.12000274658203,108.70064544677734,59730
2020-01-15,110.0,111.12000274658203,108.4000015258789,108.9800033569336,107.57533264160156,77430
2020-01-16,109.5,112.4000015258789,107.9000015258789,110.05999755859375,108.64141082763672,124285
2020-01-17,109.4000015258789,111.04000091552734,108.0,108.66000366210938,107.25946044921875,57432
2020-01-20,109.5,111.5199966430664,107.27999877929688,108.22000122070312,106.82513427734375,147690
2020-01-21,107.0,113.05999755859375,107.0,108.12000274658203,106.72642517089844,329295
2020-01-22,108.63999938964844,108.72000122070312,105.66000366210938,106.76000213623047,105.38394927978516,126125
2020-01-23,106.31999969482422,109.91999816894531,106.30000305175781,107.4000015258789,106.01570129394531,70255
2020-01-24,107.4000015258789,109.0,104.5199966430664,105.81999969482422,104.45606994628906,77095
2020-01-27,105.08000183105469,105.80000305175781,104.0,104.12000274658203,102.7779769897461,48040
2020-01-28,103.44000244140625,105.4000015258789,100.27999877929688,101.5,100.1917495727539,82720
2020-01-29,102.36000061035156,104.80000305175781,100.9800033569336,101.31999969482422,100.01407623291016,44740
2020-01-30,102.13999938964844,103.19999694824219,100.4000015258789,101.87999725341797,100.56684875488281,59880
2020-01-31,102.4000015258789,103.91999816894531,100.4800033569336,101.22000122070312,99.91535949707031,44127
2020-02-03,95.0199966430664,99.80000305175781,95.0199966430664,95.5999984741211,94.36779022216797,61217
2020-02-04,95.5999984741211,100.4000015258789,92.54000091552734,98.55999755859375,97.28964233398438,322722
2020-02-05,100.05999755859375,103.19999694824219,98.05999755859375,99.36000061035156,98.07933044433594,152100
2020-02-06,100.33999633789062,101.55999755859375,98.44000244140625,99.23999786376953,97.96087646484375,56350
2020-02-07,99.19999694824219,100.63999938964844,98.86000061035156,99.69999694824219,98.41495513916016,46107
2020-02-10,100.4000015258789,100.81999969482422,96.0,96.37999725341797,95.13773345947266,67877
2020-02-11,96.4000015258789,99.0999984741211,95.37999725341797,95.9800033569336,94.7428970336914,59492
2020-02-12,95.80000305175781,97.30000305175781,94.41999816894531,95.13999938964844,93.9137191772461,29720
2020-02-13,94.0199966430664,95.19999694824219,92.0199966430664,94.05999755859375,92.84764099121094,55682
2020-02-14,94.27999877929688,98.80000305175781,93.5999984741211,93.81999969482422,92.61073303222656,70290
2020-02-17,94.0,95.58000183105469,92.04000091552734,92.19999694824219,91.0116195678711,28735
2020-02-18,91.87999725341797,92.0,89.04000091552734,90.86000061035156,89.68888854980469,42917
2020-02-19,91.13999938964844,92.62000274658203,89.62000274658203,91.86000061035156,90.6760025024414,32477
2020-02-20,91.4800033569336,94.36000061035156,91.22000122070312,92.31999969482422,91.13006591796875,44567
2020-02-24,90.4000015258789,92.0,86.94000244140625,89.69999694824219,88.54383087158203,58610
2020-02-25,90.23999786376953,90.69999694824219,87.5999984741211,89.08000183105469,87.93183898925781,47120
2020-02-26,87.94000244140625,93.12000274658203,86.80000305175781,91.41999816894531,90.2416763305664,73945
2020-02-27,92.0,92.0,89.19999694824219,89.94000244140625,88.78075408935547,36557
2020-02-28,87.19999694824219,89.72000122070312,78.05999755859375,79.33999633789062,78.31736755371094,159230
2020-03-02,79.80000305175781,83.91999816894531,74.66000366210938,78.5199966430664,77.5079345703125,75130
2020-03-03,80.0,81.95999908447266,78.4000015258789,79.12000274658203,78.10020446777344,32267
2020-03-04,79.63999938964844,80.05999755859375,74.80000305175781,76.08000183105469,75.0993881225586,25265
2020-03-05,76.0,79.9800033569336,76.0,78.62000274658203,77.60665893554688,41772
2020-03-06,76.4000015258789,77.55999755859375,74.12000274658203,75.54000091552734,74.56635284423828,35445
2020-03-09,70.0,74.95999908447266,69.58000183105469,73.22000122070312,72.27625274658203,116967
2020-03-11,74.77999877929688,76.4000015258789,71.62000274658203,75.22000122070312,74.25047302246094,47810
2020-03-12,72.80000305175781,72.80000305175781,64.36000061035156,67.30000305175781,66.43256378173828,80272
2020-03-13,64.08000183105469,68.37999725341797,53.84000015258789,66.69999694824219,65.84029388427734,101347
2020-03-16,64.08000183105469,65.95999908447266,58.400001525878906,60.47999954223633,59.70046615600586,58380
2020-03-17,61.02000045776367,62.15999984741211,54.900001525878906,55.900001525878906,55.17949676513672,146567
2020-03-18,57.880001068115234,57.880001068115234,48.400001525878906,49.2400016784668,48.60533905029297,158180
2020-03-19,47.939998626708984,50.7400016784668,44.31999969482422,45.47999954223633,44.893802642822266,138975
2020-03-20,44.400001525878906,50.02000045776367,44.400001525878906,47.540000915527344,46.927249908447266,275410
2020-03-23,44.84000015258789,47.97999954223633,42.79999923706055,45.91999816894531,45.328121185302734,175552
2020-03-24,44.63999938964844,46.0,41.34000015258789,41.36000061035156,40.826908111572266,158420
2020-03-25,40.400001525878906,41.20000076293945,38.0,39.97999954223633,39.46468734741211,387137
2020-03-26,42.7400016784668,43.959999084472656,40.560001373291016,43.81999969482422,43.25519561767578,128222
2020-03-27,42.41999816894531,48.20000076293945,42.41999816894531,47.81999969482422,47.20363998413086,115692
2020-03-30,46.0,51.380001068115234,44.439998626708984,50.7599983215332,50.105743408203125,125917
2020-03-31,52.2599983215332,55.81999969482422,49.97999954223633,55.720001220703125,55.0018196105957,62997
2020-04-01,58.0,58.0,54.79999923706055,55.08000183105469,54.37007141113281,29427
2020-04-03,57.15999984741211,57.15999984741211,52.34000015258789,52.959999084472656,52.27738571166992,21865
2020-04-07,55.20000076293945,55.20000076293945,53.20000076293945,54.31999969482422,53.6198616027832,15905
2020-04-08,54.439998626708984,56.79999923706055,53.400001525878906,55.7599983215332,55.04129409790039,29250
2020-04-09,56.959999084472656,58.0,52.97999954223633,57.400001525878906,56.660160064697266,60552
2020-04-13,58.20000076293945,58.20000076293945,54.540000915527344,55.560001373291016,54.84387969970703,28702
2020-04-15,56.400001525878906,58.31999969482422,54.20000076293945,56.52000045776367,55.79150390625,36690
2020-04-16,58.20000076293945,58.619998931884766,54.79999923706055,57.779998779296875,57.03526306152344,22957
2020-04-17,59.52000045776367,60.65999984741211,59.52000045776367,60.65999984741211,59.878143310546875,28145
2020-04-20,61.86000061035156,63.68000030517578,61.779998779296875,63.68000030517578,62.85921859741211,42422
2020-04-21,62.79999923706055,66.86000061035156,60.560001373291016,66.83999633789062,65.97848510742188,107050
2020-04-22,66.9800033569336,70.18000030517578,65.91999816894531,69.86000061035156,68.95956420898438,145572
2020-04-23,67.0,69.86000061035156,66.37999725341797,67.05999755859375,66.19564819335938,60347
2020-04-24,64.5999984741211,67.5199966430664,64.0,64.36000061035156,63.530452728271484,26047
2020-04-27,63.599998474121094,65.77999877929688,62.0,63.060001373291016,62.24720764160156,14202
2020-04-28,64.0,65.5199966430664,61.2400016784668,62.20000076293945,61.398292541503906,19922
2020-04-29,64.77999877929688,65.30000305175781,60.84000015258789,65.26000213623047,64.41886138916016,19252
2020-04-30,67.19999694824219,68.5199966430664,65.69999694824219,68.22000122070312,67.3406982421875,41792
2020-05-04,64.81999969482422,64.81999969482422,64.81999969482422,64.81999969482422,63.98451614379883,4450
2020-05-05,64.77999877929688,64.77999877929688,61.58000183105469,61.58000183105469,60.786285400390625,29980
2020-05-06,61.20000076293945,61.560001373291016,58.52000045776367,59.939998626708984,59.16741943359375,46790
2020-05-07,61.52000045776367,61.52000045776367,58.36000061035156,58.86000061035156,58.10134506225586,14990
2020-05-08,60.060001373291016,61.79999923706055,59.279998779296875,61.29999923706055,60.50989532470703,37762
2020-05-11,64.19999694824219,64.19999694824219,61.599998474121094,63.779998779296875,62.95792770385742,25960
2020-05-12,61.439998626708984,65.9800033569336,61.439998626708984,63.959999084472656,63.1356086730957,18407
2020-05-13,66.0,67.13999938964844,62.099998474121094,67.13999938964844,66.27462768554688,24700
2020-05-14,67.19999694824219,69.19999694824219,64.0,66.41999816894531,65.56389617919922,27112
2020-05-15,65.63999938964844,66.0,64.12000274658203,64.9800033569336,64.14246368408203,5462
2020-05-18,67.9000015258789,67.9000015258789,62.0,62.060001373291016,61.260101318359375,14812
2020-05-19,62.08000183105469,64.58000183105469,61.91999816894531,62.119998931884766,61.31932067871094,11230
2020-05-20,60.81999969482422,65.18000030517578,60.81999969482422,63.400001525878906,62.582820892333984,13997
2020-05-21,64.76000213623047,66.36000061035156,62.79999923706055,63.31999969482422,62.50386047363281,25427
2020-05-22,62.79999923706055,64.31999969482422,60.959999084472656,61.81999969482422,61.02318572998047,6122
2020-05-26,62.459999084472656,63.34000015258789,60.0,60.36000061035156,59.582008361816406,23622
2020-05-27,62.599998474121094,62.599998474121094,58.959999084472656,59.68000030517578,58.91077423095703,14035
2020-05-28,60.7400016784668,61.599998474121094,59.540000915527344,61.439998626708984,60.64809036254883,47645
2020-05-29,61.220001220703125,63.2400016784668,60.900001525878906,62.220001220703125,61.41803741455078,27380
2020-06-01,62.20000076293945,65.27999877929688,62.0,62.380001068115234,61.57597351074219,81697
2020-06-02,63.58000183105469,65.19999694824219,61.68000030517578,64.72000122070312,63.88581085205078,75812
2020-06-03,66.37999725341797,66.37999725341797,64.9000015258789,65.63999938964844,64.79395294189453,38577
2020-06-04,66.77999877929688,66.80000305175781,63.20000076293945,63.720001220703125,62.89869689941406,15225
2020-06-05,65.13999938964844,76.0,65.13999938964844,73.0999984741211,72.15779876708984,265332
2020-06-08,75.4000015258789,82.4000015258789,75.31999969482422,77.45999908447266,76.46160125732422,220437
2020-06-09,78.91999816894531,78.91999816894531,72.0,73.5199966430664,72.57238006591797,50750
2020-06-10,73.5199966430664,76.58000183105469,72.0,72.55999755859375,71.624755859375,22707
2020-06-11,72.55999755859375,75.5999984741211,68.4800033569336,69.76000213623047,68.86084747314453,48392
2020-06-12,65.26000213623047,71.19999694824219,65.19999694824219,70.45999908447266,69.55182647705078,57702
2020-06-15,71.87999725341797,71.87999725341797,67.23999786376953,69.22000122070312,68.32781219482422,26475
2020-06-16,69.23999786376953,73.4000015258789,67.4800033569336,69.37999725341797,68.48574829101562,81805
2020-06-17,70.0,71.81999969482422,68.0,70.27999877929688,69.37413787841797,46790
2020-06-18,70.9000015258789,77.5999984741211,70.44000244140625,74.33999633789062,73.38180541992188,135292
2020-06-19,77.5999984741211,80.62000274658203,74.86000061035156,76.0199966430664,75.04016876220703,232797
2020-06-22,75.9000015258789,78.81999969482422,75.9000015258789,76.5199966430664,75.53372192382812,44567
2020-06-23,76.5199966430664,91.81999969482422,75.04000091552734,91.81999969482422,90.63652038574219,1499680
2020-06-24,96.95999908447266,98.31999969482422,86.31999969482422,87.22000122070312,86.0958023071289,867082
2020-06-25,86.30000305175781,94.62000274658203,84.5199966430664,92.30000305175781,91.1103286743164,331960
2020-06-26,93.16000366210938,95.5999984741211,88.44000244140625,89.31999969482422,88.16873168945312,141702
2020-06-29,89.72000122070312,90.4000015258789,86.0,87.44000244140625,86.31297302246094,71545
2020-06-30,95.83999633789062,95.83999633789062,86.80000305175781,87.73999786376953,86.60910034179688,658145
2020-07-01,85.68000030517578,88.94000244140625,84.77999877929688,86.80000305175781,85.68121337890625,105987
2020-07-02,88.0999984741211,88.4000015258789,85.23999786376953,85.63999938964844,84.53616333007812,97430
2020-07-03,86.37999725341797,88.0199966430664,86.0,86.9000015258789,85.7799301147461,75265
2020-07-06,88.68000030517578,88.73999786376953,81.68000030517578,86.4800033569336,85.36534881591797,100110
2020-07-07,87.18000030517578,87.37999725341797,85.19999694824219,85.4800033569336,84.37823486328125,47895
2020-07-08,85.26000213623047,88.80000305175781,84.9800033569336,85.36000061035156,84.25978088378906,174625
2020-07-09,85.86000061035156,87.80000305175781,84.86000061035156,85.22000122070312,84.12158203125,60195
2020-07-10,84.80000305175781,86.9800033569336,84.04000091552734,85.77999877929688,84.67436218261719,68415
2020-07-13,85.26000213623047,86.58000183105469,83.76000213623047,84.18000030517578,83.0949935913086,56735
2020-07-14,84.18000030517578,84.18000030517578,80.4000015258789,81.23999786376953,80.19287872314453,139250
2020-07-15,81.9800033569336,82.80000305175781,80.0,80.36000061035156,79.32423400878906,33672
2020-07-16,80.4000015258789,81.80000305175781,77.77999877929688,80.05999755859375,79.02809143066406,47410
2020-07-17,80.76000213623047,82.19999694824219,79.19999694824219,81.27999877929688,80.23236846923828,37995
2020-07-20,81.95999908447266,82.27999877929688,79.18000030517578,80.0,78.96886444091797,64355
2020-07-21,81.37999725341797,81.9000015258789,79.94000244140625,80.37999725341797,79.34396362304688,47932
2020-07-22,80.62000274658203,81.55999755859375,78.87999725341797,79.05999755859375,78.04097747802734,41372
2020-07-23,78.44000244140625,80.0,78.18000030517578,78.45999908447266,77.44871520996094,48850
2020-07-24,77.0,78.5199966430664,76.80000305175781,77.76000213623047,76.75774383544922,30317
2020-07-27,77.86000061035156,77.87999725341797,73.31999969482422,74.66000366210938,73.69769287109375,53010
2020-07-28,75.55999755859375,82.0,75.0,77.69999694824219,76.69850158691406,138412
2020-07-29,77.5,80.0,76.80000305175781,77.72000122070312,76.71826171875,42595
2020-07-30,78.45999908447266,79.5,76.36000061035156,76.83999633789062,75.84959411621094,26057
2020-07-31,77.0199966430664,77.44000244140625,74.22000122070312,75.4000015258789,74.42814636230469,37272
2020-08-03,75.69999694824219,80.80000305175781,75.69999694824219,79.23999786376953,78.2186508178711,85102
2020-08-04,80.37999725341797,83.87999725341797,78.44000244140625,82.54000091552734,81.47612762451172,91400
2020-08-05,84.0,98.80000305175781,82.26000213623047,96.04000091552734,94.8021240234375,1549745
2020-08-06,94.0,95.4800033569336,89.27999877929688,89.80000305175781,88.6425552368164,328650
2020-08-07,90.19999694824219,95.0,90.19999694824219,91.26000213623047,90.08373260498047,231317
2020-08-10,89.5999984741211,93.95999908447266,87.19999694824219,88.31999969482422,87.18162536621094,191510
2020-08-11,91.0,92.5999984741211,88.68000030517578,89.73999786376953,88.58332061767578,103352
2020-08-12,90.4000015258789,91.95999908447266,88.0,88.9800033569336,87.83311462402344,61502
2020-08-13,89.72000122070312,92.5999984741211,88.77999877929688,89.4800033569336,88.32667541503906,121337
2020-08-14,89.9800033569336,90.37999725341797,85.94000244140625,87.12000274658203,85.99710083007812,72330
2020-08-17,88.5,92.0,86.83999633789062,90.73999786376953,89.5704345703125,174575
2020-08-18,93.31999969482422,94.4000015258789,90.08000183105469,92.55999755859375,91.36697387695312,261032
2020-08-19,92.80000305175781,94.4000015258789,90.44000244140625,91.12000274658203,89.94554138183594,107455
2020-08-20,90.44000244140625,92.36000061035156,88.80000305175781,90.5999984741211,89.43224334716797,116490
2020-08-21,92.0,94.5999984741211,90.80000305175781,91.26000213623047,90.08373260498047,194267
2020-08-24,91.19999694824219,94.0,90.26000213623047,93.19999694824219,91.99872589111328,116095
2020-08-25,94.0,105.91999816894531,93.26000213623047,97.76000213623047,96.49995422363281,714467
2020-08-26,100.0,105.4800033569336,98.63999938964844,100.0,98.71107482910156,411875
2020-08-27,100.76000213623047,101.9000015258789,95.19999694824219,96.26000213623047,95.019287109375,141670
2020-08-28,96.76000213623047,109.83999633789062,94.22000122070312,99.22000122070312,97.94112396240234,1109262
2020-08-31,99.76000213623047,102.30000305175781,90.31999969482422,92.69999694824219,91.50517272949219,401217
2020-09-01,92.72000122070312,97.77999877929688,90.9800033569336,93.26000213623047,92.05795288085938,93782
2020-09-02,95.5999984741211,96.94000244140625,92.91999816894531,94.4800033569336,93.2622299194336,105687
2020-09-03,94.80000305175781,96.31999969482422,93.04000091552734,93.9000015258789,92.68971252441406,57425
2020-09-04,92.76000213623047,97.77999877929688,90.05999755859375,92.31999969482422,91.13006591796875,268750
2020-09-07,93.05999755859375,94.77999877929688,90.80000305175781,91.22000122070312,90.04425048828125,78897
2020-09-08,91.27999877929688,93.22000122070312,89.77999877929688,90.36000061035156,89.1953353881836,70660
2020-09-09,88.80000305175781,90.81999969482422,86.26000213623047,88.91999816894531,87.77388763427734,88162
2020-09-10,89.37999725341797,93.87999725341797,88.91999816894531,91.91999816894531,90.73522186279297,77107
2020-09-11,92.4000015258789,95.4000015258789,91.5999984741211,92.87999725341797,91.68285369873047,122770
2020-09-14,93.66000366210938,102.0,92.9000015258789,95.80000305175781,94.56522369384766,540150
2020-09-15,96.5,97.19999694824219,94.80000305175781,96.18000030517578,94.94031524658203,94082
2020-09-16,96.41999816894531,98.05999755859375,93.5999984741211,95.45999908447266,94.2295913696289,69865
2020-09-17,94.4000015258789,95.81999969482422,93.80000305175781,94.26000213623047,93.0450668334961,49092
2020-09-18,94.31999969482422,95.5999984741211,90.80000305175781,91.62000274658203,90.4390869140625,50400
2020-09-21,91.80000305175781,93.5999984741211,87.19999694824219,87.63999938964844,86.51039123535156,75895
2020-09-22,88.0,88.86000061035156,83.30000305175781,85.19999694824219,84.10183715820312,73575
2020-09-23,85.63999938964844,89.37999725341797,85.0999984741211,86.44000244140625,85.32585906982422,65400
2020-09-24,84.19999694824219,84.72000122070312,82.0199966430664,82.73999786376953,81.67354583740234,69620
2020-09-25,82.73999786376953,87.9800033569336,82.73999786376953,86.72000122070312,85.60224914550781,88157
2020-09-28,89.19999694824219,103.19999694824219,88.45999908447266,97.33999633789062,96.08535766601562,307922
2020-09-29,97.33999633789062,100.4000015258789,95.80000305175781,96.77999877929688,95.53258514404297,160925
2020-09-30,98.4800033569336,99.5,92.72000122070312,93.83999633789062,92.6304702758789,100050
2020-10-01,94.5,96.0,93.0,93.76000213623047,92.551513671875,62360
2020-10-05,95.19999694824219,99.36000061035156,87.19999694824219,92.9800033569336,91.78157043457031,167782
2020-10-06,93.45999908447266,95.18000030517578,92.94000244140625,94.19999694824219,92.98583984375,47287
2020-10-07,94.19999694824219,96.5199966430664,92.0999984741211,93.5,92.29486083984375,46347
2020-10-08,92.12000274658203,94.76000213623047,92.12000274658203,92.30000305175781,91.1103286743164,26367
2020-10-09,92.76000213623047,93.95999908447266,92.0,92.18000030517578,90.99186706542969,35372
2020-10-12,93.19999694824219,98.4000015258789,93.18000030517578,97.0999984741211,95.84846496582031,204142
2020-10-13,95.5999984741211,100.4000015258789,94.86000061035156,99.62000274658203,98.33599090576172,427702
2020-10-14,99.94000244140625,100.36000061035156,97.13999938964844,97.69999694824219,96.44072723388672,115112
2020-10-15,98.19999694824219,99.23999786376953,92.0999984741211,93.5,92.29486083984375,117762
2020-10-16,94.80000305175781,97.18000030517578,92.08000183105469,94.41999816894531,93.2030029296875,91777
2020-10-19,97.4800033569336,97.4800033569336,94.4000015258789,95.0199966430664,93.7952651977539,39457
2020-10-20,95.4800033569336,96.80000305175781,94.4000015258789,95.19999694824219,93.97294616699219,55432
2020-10-21,96.37999725341797,98.44000244140625,93.63999938964844,94.4000015258789,93.18325805664062,60007
2020-10-22,93.76000213623047,95.0999984741211,91.72000122070312,92.95999908447266,91.7618179321289,65747
2020-10-23,93.05999755859375,97.94000244140625,93.05999755859375,95.80000305175781,94.56522369384766,182680
2020-10-26,96.27999877929688,96.27999877929688,92.26000213623047,92.87999725341797,91.68285369873047,59395
2020-10-27,93.36000061035156,97.58000183105469,93.23999786376953,96.72000122070312,95.4733657836914,137482
2020-10-28,97.19999694824219,97.91999816894531,94.5999984741211,94.87999725341797,93.65706634521484,53052
2020-10-29,93.5999984741211,98.76000213623047,93.26000213623047,96.95999908447266,95.71025848388672,133677
2020-10-30,97.44000244140625,98.73999786376953,95.72000122070312,96.22000122070312,94.97980499267578,60412
2020-11-02,98.08000183105469,99.19999694824219,94.13999938964844,96.27999877929688,95.03903198242188,104522
2020-11-03,96.0,97.5999984741211,94.04000091552734,94.41999816894531,93.2030029296875,64412
2020-11-04,94.9000015258789,96.4000015258789,94.44000244140625,95.16000366210938,93.9334716796875,33115
2020-11-05,95.63999938964844,96.0,94.19999694824219,94.87999725341797,93.65706634521484,36130
2020-11-06,95.0,97.80000305175781,95.0,96.18000030517578,94.94031524658203,95982
2020-11-09,95.4000015258789,97.73999786376953,95.19999694824219,95.9000015258789,94.66393280029297,40262
2020-11-10,96.04000091552734,97.58000183105469,92.44000244140625,93.91999816894531,92.70944213867188,124260
2020-11-11,95.45999908447266,97.0,94.0999984741211,95.5199966430664,94.288818359375,60520
2020-11-12,96.0,98.80000305175781,94.08000183105469,94.76000213623047,93.53862762451172,358642
2020-11-13,95.72000122070312,96.44000244140625,94.4000015258789,95.33999633789062,94.11113739013672,63325
2020-11-14,95.33999633789062,96.76000213623047,94.5199966430664,95.72000122070312,94.48625183105469,14805
2020-11-17,96.19999694824219,98.37999725341797,95.23999786376953,96.4000015258789,95.15747833251953,130832
2020-11-18,96.55999755859375,106.0999984741211,96.41999816894531,103.87999725341797,102.54107666015625,613287
2020-11-19,103.4800033569336,105.4000015258789,101.0199966430664,102.05999755859375,100.74452209472656,212962
2020-11-20,103.9000015258789,104.73999786376953,100.87999725341797,101.37999725341797,100.07328796386719,83615
2020-11-23,103.19999694824219,105.4000015258789,100.76000213623047,103.16000366210938,101.83035278320312,77620
2020-11-24,101.80000305175781,107.95999908447266,101.80000305175781,106.36000061035156,104.9891128540039,230810
2020-11-25,107.18000030517578,108.0,102.0,103.4000015258789,102.0672607421875,113575
2020-11-26,103.4000015258789,107.4000015258789,102.0,106.80000305175781,105.4234390258789,170427
2020-11-27,107.19999694824219,108.76000213623047,105.04000091552734,108.30000305175781,106.90410614013672,109280
2020-12-01,109.80000305175781,115.5999984741211,109.12000274658203,114.19999694824219,112.7280502319336,313125
2020-12-02,116.4000015258789,116.4000015258789,109.4800033569336,111.0,109.56929779052734,149045
2020-12-03,110.80000305175781,114.37999725341797,109.26000213623047,111.54000091552734,110.80108642578125,113332
2020-12-04,112.0999984741211,118.0,110.0,116.68000030517578,115.90702819824219,264505
2020-12-07,115.19999694824219,118.66000366210938,112.94000244140625,113.77999877929688,113.02623748779297,210020
2020-12-08,114.4000015258789,115.08000183105469,109.94000244140625,110.33999633789062,109.6090316772461,140925
2020-12-09,110.87999725341797,115.19999694824219,110.72000122070312,112.18000030517578,111.43684387207031,88135
2020-12-10,112.4000015258789,112.4000015258789,109.81999969482422,110.30000305175781,109.56930541992188,37002
2020-12-11,110.83999633789062,111.5199966430664,109.19999694824219,109.54000091552734,108.8143310546875,47532
2020-12-14,110.0999984741211,112.0,109.5199966430664,110.69999694824219,109.96664428710938,50260
2020-12-15,110.62000274658203,110.62000274658203,107.63999938964844,108.0999984741211,107.38386535644531,68930
2020-12-16,108.66000366210938,113.0,108.66000366210938,109.19999694824219,108.4765853881836,85517
2020-12-17,109.76000213623047,111.55999755859375,104.87999725341797,106.26000213623047,105.55606079101562,99777
2020-12-18,106.0,107.41999816894531,103.68000030517578,104.9000015258789,104.20507049560547,71945
2020-12-21,105.44000244140625,105.44000244140625,96.04000091552734,98.33999633789062,97.68852996826172,90647
2020-12-22,96.41999816894531,104.27999877929688,89.62000274658203,100.91999816894531,100.25143432617188,181487
2020-12-23,101.44000244140625,105.76000213623047,100.80000305175781,104.55999755859375,103.86732482910156,47195
2020-12-24,105.08000183105469,107.95999908447266,103.80000305175781,105.4000015258789,104.7017593383789,53717
2020-12-28,106.05999755859375,111.16000366210938,106.05999755859375,109.83999633789062,109.11234283447266,99480
2020-12-29,114.0,115.19999694824219,110.18000030517578,111.94000244140625,111.19843292236328,117785
2020-12-30,112.5,112.5,110.4000015258789,111.73999786376953,110.999755859375,48135
2020-12-31,112.18000030517578,113.23999786376953,110.41999816894531,111.22000122070312,110.48320007324219,54347
2021-01-01,111.77999877929688,112.30000305175781,108.76000213623047,111.58000183105469,110.8408203125,46972
2021-01-04,112.13999938964844,113.19999694824219,109.33999633789062,111.19999694824219,110.46333312988281,58927
2021-01-05,110.0,117.0199966430664,109.4000015258789,114.94000244140625,114.1785659790039,343042
2021-01-06,115.54000091552734,129.16000366210938,114.95999908447266,125.22000122070312,124.39045715332031,978817
2021-01-07,125.19999694824219,129.60000610351562,124.0,124.77999877929688,123.95337677001953,317947
2021-01-08,126.19999694824219,127.36000061035156,121.19999694824219,122.0199966430664,121.2116470336914,155527
2021-01-11,122.19999694824219,135.36000061035156,121.66000366210938,127.19999694824219,126.35734558105469,847765
2021-01-12,127.55999755859375,131.60000610351562,125.95999908447266,127.68000030517578,126.83416748046875,121930
2021-01-13,128.72000122070312,130.05999755859375,123.5999984741211,126.16000366210938,125.32423400878906,101045
2021-01-14,126.94000244140625,129.8800048828125,124.54000091552734,125.4800033569336,124.64874267578125,60447
2021-01-15,127.19999694824219,132.05999755859375,122.22000122070312,128.3000030517578,127.45006561279297,97265
2021-01-18,138.0,139.60000610351562,133.60000610351562,134.75999450683594,133.8672332763672,950975
2021-01-19,130.6999969482422,146.8000030517578,130.6999969482422,144.44000244140625,143.48313903808594,726770
2021-01-20,147.55999755859375,154.1999969482422,144.83999633789062,153.0800018310547,152.06590270996094,778805
2021-01-21,155.1999969482422,159.1999969482422,147.1999969482422,149.10000610351562,148.1122589111328,490055
2021-01-22,151.0800018310547,152.9600067138672,143.3800048828125,145.75999450683594,144.79437255859375,273575
2021-01-25,146.5,151.1999969482422,144.86000061035156,150.0,149.0063018798828,162250
2021-01-27,151.1999969482422,152.32000732421875,144.72000122070312,150.25999450683594,149.26458740234375,134750
2021-01-28,146.05999755859375,156.0,146.05999755859375,150.0800018310547,149.0857696533203,171352
2021-01-29,150.1999969482422,153.44000244140625,148.82000732421875,150.5,149.5029754638672,111755
2021-02-01,151.52000427246094,153.97999572753906,147.1999969482422,152.52000427246094,151.5095977783203,130202
2021-02-02,156.1999969482422,167.97999572753906,155.5800018310547,162.0399932861328,160.96653747558594,672152
2021-02-03,163.60000610351562,168.6999969482422,161.3000030517578,162.82000732421875,161.7413787841797,268837
2021-02-04,163.36000061035156,166.8000030517578,162.10000610351562,165.52000427246094,164.42349243164062,138902
2021-02-05,166.8000030517578,167.16000366210938,161.1999969482422,163.82000732421875,162.73475646972656,151330
2021-02-08,166.39999389648438,167.9600067138672,165.5,166.25999450683594,165.15858459472656,116325
2021-02-09,167.36000061035156,167.9199981689453,162.1999969482422,163.9199981689453,162.83409118652344,317430
2021-02-10,166.24000549316406,166.24000549316406,158.0,158.83999633789062,157.78773498535156,162140
2021-02-11,158.83999633789062,163.8000030517578,158.60000610351562,161.25999450683594,160.1916961669922,66262
2021-02-12,160.5,162.86000061035156,154.6999969482422,159.36000061035156,158.30430603027344,105317
2021-02-15,161.47999572753906,161.67999267578125,156.4199981689453,157.17999267578125,156.13873291015625,57577
2021-02-16,157.17999267578125,169.83999633789062,155.97999572753906,166.25999450683594,165.15858459472656,148142
2021-02-17,167.60000610351562,169.1199951171875,162.0,164.0399932861328,162.95327758789062,115737
2021-02-18,164.77999877929688,166.44000244140625,162.0,162.60000610351562,161.52284240722656,54817
2021-02-19,162.60000610351562,163.4199981689453,160.0,161.25999450683594,160.1916961669922,48740
2021-02-22,162.05999755859375,163.0399932861328,156.27999877929688,157.4199981689453,156.37713623046875,61955
2021-02-23,156.1199951171875,174.5800018310547,156.1199951171875,167.3000030517578,166.1916961669922,670847
2021-02-24,169.60000610351562,180.0,169.4600067138672,175.24000549316406,174.0791015625,402335
2021-02-25,176.39999389648438,178.60000610351562,174.16000366210938,174.67999267578125,173.52279663085938,149947
2021-02-26,170.0,173.66000366210938,166.8000030517578,168.72000122070312,167.60227966308594,131430
2021-03-01,170.0,175.3000030517578,170.0,173.02000427246094,171.87380981445312,111100
2021-03-02,173.9199981689453,173.9199981689453,169.32000732421875,170.5800018310547,169.44998168945312,72597
2021-03-03,170.5800018310547,177.67999267578125,170.39999389648438,174.6999969482422,173.54266357421875,150392
2021-03-04,171.1999969482422,183.60000610351562,171.1999969482422,178.4199981689453,177.23802185058594,197227
2021-03-05,177.6199951171875,187.60000610351562,176.0,178.02000427246094,176.8406982421875,370625
2021-03-08,178.0800018310547,182.0,170.8800048828125,172.4600067138672,171.31753540039062,141172
2021-03-09,172.8000030517578,174.22000122070312,166.8000030517578,168.5399932861328,167.42347717285156,101002
2021-03-10,169.8000030517578,181.13999938964844,161.94000244140625,178.94000244140625,177.75457763671875,214497
2021-03-12,180.8000030517578,187.1999969482422,180.0,181.1199951171875,179.92013549804688,255747
2021-03-15,182.8000030517578,187.1999969482422,178.75999450683594,182.63999938964844,181.4300537109375,83532
2021-03-16,182.63999938964844,189.9199981689453,182.22000122070312,183.89999389648438,182.6817169189453,119480
2021-03-17,185.02000427246094,185.02000427246094,170.8000030517578,172.94000244140625,171.79432678222656,107075
2021-03-18,174.39999389648438,180.1999969482422,169.39999389648438,171.0800018310547,169.9466552734375,88962
2021-03-19,166.0,173.60000610351562,163.97999572753906,172.5,171.35723876953125,79845
2021-03-22,173.8800048828125,173.8800048828125,167.27999877929688,169.0399932861328,167.920166015625,54810
2021-03-23,171.9199981689453,177.55999755859375,170.72000122070312,174.5800018310547,173.4234619140625,70705
2021-03-24,175.39999389648438,186.8000030517578,170.0399932861328,170.60000610351562,169.46983337402344,49777
2021-03-25,168.1199951171875,172.10000610351562,164.44000244140625,166.25999450683594,165.15858459472656,68325
2021-03-26,169.9199981689453,171.17999267578125,161.8800048828125,164.6199951171875,163.52944946289062,76142
2021-03-30,168.8000030517578,170.36000061035156,164.94000244140625,166.74000549316406,165.6354217529297,35885
2021-03-31,169.0,171.1199951171875,167.1999969482422,168.6199951171875,167.50294494628906,28700
2021-04-01,170.8000030517578,173.16000366210938,167.13999938964844,170.3800048828125,169.2512969970703,43245
2021-04-05,171.47999572753906,171.47999572753906,164.4199981689453,165.5,164.4036102294922,41520
2021-04-06,165.0,169.60000610351562,163.24000549316406,163.97999572753906,162.8936767578125,54367
2021-04-07,165.39999389648438,166.77999877929688,162.44000244140625,163.44000244140625,162.3572540283203,85252
2021-04-08,164.74000549316406,168.8000030517578,160.0399932861328,162.5800018310547,161.5029754638672,86975
2021-04-09,164.0,165.5399932861328,162.0800018310547,162.67999267578125,161.60227966308594,58032
2021-04-12,158.39999389648438,159.97999572753906,150.0,151.86000061035156,150.85397338867188,91235
2021-04-13,147.86000061035156,154.72000122070312,147.86000061035156,152.66000366210938,151.648681640625,47715
2021-04-15,149.10000610351562,152.25999450683594,146.82000732421875,147.94000244140625,146.95994567871094,69187
2021-04-16,151.1999969482422,151.9199981689453,148.1999969482422,149.9199981689453,148.92681884765625,43880
2021-04-19,145.77999877929688,145.77999877929688,134.6999969482422,138.63999938964844,137.7215576171875,164382
2021-04-20,139.24000549316406,142.72000122070312,136.0800018310547,136.82000732421875,135.9136199951172,45735
2021-04-22,136.8000030517578,141.5800018310547,136.1199951171875,139.4600067138672,138.5361328125,40810
2021-04-23,141.5,141.5,136.47999572753906,137.0,136.09242248535156,33500
2021-04-26,137.60000610351562,141.1199951171875,137.60000610351562,138.0800018310547,137.16526794433594,34190
2021-04-27,138.1999969482422,153.5800018310547,138.1999969482422,150.86000061035156,149.86061096191406,143015
2021-04-28,151.9600067138672,155.47999572753906,149.13999938964844,151.25999450683594,150.2579345703125,65947
2021-04-29,153.25999450683594,153.25999450683594,150.1999969482422,150.6199951171875,149.6221923828125,33942
2021-04-30,151.1999969482422,165.60000610351562,151.1999969482422,157.6199951171875,156.5758056640625,174457
2021-05-03,157.1999969482422,172.0,154.52000427246094,166.86000061035156,165.75460815429688,143945
2021-05-04,166.8000030517578,169.5800018310547,162.0,163.27999877929688,162.19833374023438,97110
2021-05-05,164.77999877929688,166.0,162.72000122070312,164.22000122070312,163.13211059570312,22547
2021-05-06,164.22000122070312,165.86000061035156,159.8000030517578,162.3800048828125,161.3042755126953,74195
2021-05-07,163.9199981689453,167.10000610351562,160.74000549316406,161.77999877929688,160.708251953125,38915
2021-05-10,161.60000610351562,174.63999938964844,157.66000366210938,169.66000366210938,168.5360565185547,399710
2021-05-11,169.94000244140625,174.39999389648438,166.32000732421875,169.66000366210938,168.5360565185547,80290
2021-05-12,172.0,173.94000244140625,168.82000732421875,171.36000061035156,170.22479248046875,67997
2021-05-14,174.5,177.32000732421875,167.0399932861328,171.16000366210938,170.026123046875,262440
2021-05-17,172.0,183.9199981689453,172.0,181.66000366210938,180.45657348632812,249017
2021-05-18,184.0,191.9199981689453,176.39999389648438,178.77999877929688,177.59564208984375,932667
2021-05-19,178.39999389648438,178.77999877929688,171.8800048828125,173.5800018310547,172.43008422851562,165462
2021-05-20,175.32000732421875,175.5399932861328,170.32000732421875,171.0800018310547,169.9466552734375,80690
2021-05-21,173.8000030517578,173.8000030517578,169.24000549316406,170.13999938964844,169.01287841796875,58012
2021-05-24,171.9199981689453,176.0,169.72000122070312,174.13999938964844,172.9863739013672,132372
2021-05-25,178.0,179.47999572753906,175.22000122070312,175.77999877929688,174.61550903320312,70422
2021-05-26,175.75999450683594,175.94000244140625,170.8000030517578,171.32000732421875,170.18507385253906,89105
2021-05-27,172.0,173.4600067138672,170.60000610351562,171.36000061035156,170.22479248046875,43345
2021-05-28,171.8000030517578,173.67999267578125,167.13999938964844,167.86000061035156,166.74798583984375,81670
2021-05-31,165.60000610351562,169.1999969482422,164.8000030517578,165.4600067138672,164.3638916015625,84607
2021-06-01,166.3000030517578,169.1199951171875,164.60000610351562,167.13999938964844,166.03274536132812,69752
2021-06-02,166.39999389648438,171.32000732421875,165.1999969482422,170.22000122070312,169.09234619140625,70192
2021-06-03,170.97999572753906,172.0,168.0,168.3800048828125,167.26454162597656,44965
2021-06-04,168.0,173.5,167.17999267578125,172.02000427246094,170.8804168701172,92397
2021-06-07,174.0,174.0,169.6199951171875,170.5800018310547,169.44998168945312,67672
2021-06-08,170.8000030517578,195.1999969482422,170.77999877929688,183.0399932861328,181.82740783691406,1794360
2021-06-09,184.72000122070312,186.8000030517578,176.5399932861328,178.13999938964844,176.9598846435547,239745
2021-06-10,179.4600067138672,184.3000030517578,178.4199981689453,181.10000610351562,179.90028381347656,121742
2021-06-11,183.60000610351562,183.60000610351562,178.39999389648438,179.4600067138672,178.27114868164062,74210
2021-06-14,181.60000610351562,181.60000610351562,172.0,174.44000244140625,173.28439331054688,142215
2021-06-15,174.97999572753906,178.3000030517578,174.4199981689453,176.5800018310547,175.41021728515625,98670
2021-06-16,177.77999877929688,181.1999969482422,173.6999969482422,174.8000030517578,173.64199829101562,72607
2021-06-17,174.36000061035156,176.77999877929688,170.32000732421875,171.39999389648438,170.26454162597656,76862
2021-06-18,174.0,175.32000732421875,165.89999389648438,168.55999755859375,167.44334411621094,81720
2021-06-21,168.55999755859375,173.8800048828125,166.24000549316406,170.5800018310547,169.44998168945312,70790
2021-06-22,172.8000030517578,184.77999877929688,171.6199951171875,179.3800048828125,178.19168090820312,612895
2021-06-23,180.72000122070312,186.55999755859375,175.1999969482422,178.17999267578125,176.99960327148438,387812
2021-06-24,179.1199951171875,187.0800018310547,178.0,180.86000061035156,179.661865234375,426097
2021-06-25,181.47999572753906,186.0,177.9600067138672,179.33999633789062,178.1519317626953,257280
2021-06-28,180.5399932861328,183.1999969482422,176.0399932861328,178.1999969482422,177.01947021484375,95055
2021-06-29,179.60000610351562,180.8000030517578,173.8800048828125,174.86000061035156,173.7016143798828,91767
2021-06-30,175.5,176.4199981689453,169.94000244140625,171.75999450683594,170.6221466064453,114807
2021-07-01,171.75999450683594,177.77999877929688,170.67999267578125,173.74000549316406,172.5890350341797,137857
2021-07-02,174.72000122070312,179.75999450683594,174.05999755859375,175.0399932861328,173.8804168701172,131592
2021-07-05,177.5800018310547,179.05999755859375,175.22000122070312,176.6199951171875,175.44993591308594,67205
2021-07-06,176.63999938964844,183.1199951171875,174.82000732421875,176.8000030517578,175.62876892089844,98492
2021-07-07,176.82000732421875,180.0,174.32000732421875,174.83999633789062,173.68173217773438,45625
2021-07-08,174.1199951171875,177.10000610351562,172.47999572753906,173.3000030517578,172.1519317626953,45842
2021-07-09,172.8000030517578,177.4600067138672,172.8000030517578,174.22000122070312,173.06585693359375,43627
2021-07-12,174.8000030517578,179.25999450683594,174.8000030517578,175.89999389648438,174.73471069335938,62197
2021-07-13,176.77999877929688,185.5800018310547,175.05999755859375,183.22000122070312,182.00624084472656,339327
2021-07-14,187.4600067138672,207.1999969482422,185.55999755859375,199.9600067138672,198.6353302001953,6072235
2021-07-15,202.39999389648438,204.9600067138672,194.05999755859375,196.47999572753906,195.17837524414062,1068622
2021-07-16,197.47999572753906,204.94000244140625,196.9199981689453,200.94000244140625,199.6088409423828,600485
2021-07-19,198.77999877929688,214.3000030517578,197.1999969482422,209.5800018310547,208.19158935546875,1620687
2021-07-20,211.47999572753906,211.55999755859375,197.66000366210938,200.6199951171875,199.2909393310547,494290
2021-07-22,204.0,206.5399932861328,200.0800018310547,200.72000122070312,199.3903045654297,170045
2021-07-23,201.94000244140625,202.72000122070312,194.39999389648438,195.74000549316406,194.44329833984375,153580
2021-07-26,197.1999969482422,203.1999969482422,189.39999389648438,190.6999969482422,189.43667602539062,404365
2021-07-27,192.8000030517578,196.8000030517578,190.17999267578125,193.25999450683594,191.97970581054688,223740
2021-07-28,192.13999938964844,199.4600067138672,188.8000030517578,195.83999633789062,194.54263305664062,209945
2021-07-29,197.8000030517578,197.8000030517578,192.8000030517578,193.6999969482422,192.4167938232422,121852
2021-07-30,192.8000030517578,199.8000030517578,192.8000030517578,194.16000366210938,192.87374877929688,165935
2021-08-02,195.13999938964844,198.0,193.75999450683594,195.60000610351562,194.30422973632812,111750
2021-08-03,196.75999450683594,202.8000030517578,195.60000610351562,200.22000122070312,198.89361572265625,250975
2021-08-04,201.24000549316406,203.74000549316406,193.10000610351562,194.8000030517578,193.50953674316406,161557
2021-08-05,196.39999389648438,207.1999969482422,189.86000061035156,203.6199951171875,202.27108764648438,874555
2021-08-06,203.60000610351562,207.55999755859375,198.05999755859375,199.5399932861328,198.21810913085938,252202
2021-08-09,200.8000030517578,203.0,198.1999969482422,200.5800018310547,199.25123596191406,154392
2021-08-10,201.60000610351562,203.60000610351562,188.0,192.4600067138672,191.18502807617188,234212
2021-08-11,192.4600067138672,199.60000610351562,180.0,193.52000427246094,192.23800659179688,609822
2021-08-12,195.60000610351562,198.0,192.0,192.8800048828125,191.60223388671875,132950
2021-08-13,193.60000610351562,194.74000549316406,186.67999267578125,189.3800048828125,188.1254425048828,139922
2021-08-16,191.1999969482422,191.27999877929688,186.10000610351562,189.32000732421875,188.06582641601562,94490
2021-08-17,186.0,188.44000244140625,185.39999389648438,186.6199951171875,185.38369750976562,121867
2021-08-18,187.8000030517578,188.3000030517578,175.24000549316406,177.0800018310547,175.9069061279297,218547
2021-08-20,176.0,191.9199981689453,172.94000244140625,186.52000427246094,185.2843780517578,681867
2021-08-23,187.9199981689453,187.9199981689453,176.8000030517578,178.6199951171875,177.43670654296875,117777
2021-08-24,178.0,184.39999389648438,178.0,180.22000122070312,179.02609252929688,95227
2021-08-25,182.36000061035156,186.0,178.24000549316406,179.75999450683594,178.56915283203125,191407
2021-08-26,181.60000610351562,186.1199951171875,179.4600067138672,180.10000610351562,178.9069061279297,191462
2021-08-27,181.74000549316406,181.74000549316406,179.32000732421875,179.66000366210938,178.46981811523438,43895
2021-08-30,181.60000610351562,183.94000244140625,180.0399932861328,180.66000366210938,179.46319580078125,90720
2021-08-31,181.9600067138672,183.33999633789062,180.0,181.24000549316406,180.0393524169922,81360
2021-09-01,181.97999572753906,183.77999877929688,180.4600067138672,181.5399932861328,180.3373565673828,55400
2021-09-02,182.0,186.36000061035156,182.0,184.10000610351562,182.8804168701172,101465
2021-09-03,184.9600067138672,186.75999450683594,182.02000427246094,182.72000122070312,181.50953674316406,57192
2021-09-06,182.97999572753906,189.0800018310547,182.97999572753906,185.55999755859375,184.33071899414062,260807
2021-09-07,187.05999755859375,187.05999755859375,183.4600067138672,184.22000122070312,182.99960327148438,68450
2021-09-08,184.97999572753906,186.8800048828125,183.6199951171875,184.4600067138672,183.23802185058594,65000
2021-09-09,186.0,187.77999877929688,184.86000061035156,186.47999572753906,185.24462890625,107250
2021-09-13,184.0399932861328,186.4600067138672,181.83999633789062,182.5399932861328,181.3307342529297,80845
2021-09-14,184.3800048828125,198.0,182.5399932861328,195.3800048828125,194.08567810058594,535722
2021-09-15,196.0,203.1999969482422,190.6199951171875,196.6999969482422,195.39691162109375,632962
2021-09-16,195.5,196.6199951171875,189.1999969482422,189.9600067138672,188.7015838623047,170427
2021-09-17,191.17999267578125,192.55999755859375,176.8000030517578,182.3000030517578,181.0923309326172,303280
2021-09-20,180.8000030517578,187.1999969482422,178.0,179.6199951171875,178.43006896972656,106685
2021-09-21,185.60000610351562,185.77999877929688,180.0,183.89999389648438,182.6817169189453,126717
2021-09-22,184.97999572753906,186.39999389648438,182.17999267578125,184.1199951171875,183.4989471435547,83130
2021-09-23,185.0,215.75999450683594,185.0,206.63999938964844,205.9429931640625,3833377
2021-09-24,209.60000610351562,209.60000610351562,202.0,204.17999267578125,203.4912872314453,555855
2021-09-27,205.36000061035156,219.60000610351562,192.67999267578125,210.63999938964844,209.92950439453125,1557142
2021-09-28,214.0,217.1999969482422,207.0399932861328,211.36000061035156,210.64706420898438,655765
2021-09-29,210.36000061035156,213.75999450683594,207.86000061035156,210.89999389648438,210.18862915039062,195562
2021-09-30,209.39999389648438,217.3000030517578,206.02000427246094,208.1999969482422,207.4977264404297,413042
2021-10-01,206.39999389648438,217.60000610351562,205.5800018310547,211.27999877929688,210.5673370361328,439927
2021-10-04,212.94000244140625,222.67999267578125,210.27999877929688,217.1199951171875,216.3876495361328,786170
2021-10-05,217.60000610351562,222.9199981689453,212.4600067138672,214.4600067138672,213.73663330078125,299827
2021-10-06,215.39999389648438,218.8000030517578,208.8000030517578,210.17999267578125,209.47103881835938,233890
2021-10-07,213.47999572753906,216.8000030517578,210.8000030517578,211.55999755859375,210.84640502929688,170015
2021-10-08,213.60000610351562,215.13999938964844,210.8000030517578,211.82000732421875,211.10552978515625,89512
2021-10-11,212.8800048828125,219.10000610351562,210.22000122070312,211.33999633789062,210.62713623046875,288105
2021-10-12,211.9600067138672,215.5399932861328,210.67999267578125,211.8000030517578,211.08558654785156,96862
2021-10-13,213.60000610351562,249.60000610351562,213.1999969482422,244.1999969482422,243.3762969970703,2270785
2021-10-14,245.3800048828125,266.3999938964844,242.8000030517578,252.77999877929688,251.92735290527344,1176037
2021-10-18,258.0,259.6000061035156,247.0,247.9600067138672,247.12362670898438,251067
2021-10-19,250.39999389648438,257.70001220703125,238.0,239.60000610351562,238.7918243408203,310072
2021-10-20,241.9600067138672,241.9600067138672,228.4199981689453,231.22000122070312,230.44009399414062,270495
2021-10-21,233.77999877929688,247.13999938964844,230.13999938964844,244.55999755859375,243.73509216308594,259335
2021-10-22,245.52000427246094,246.8000030517578,234.0,239.10000610351562,238.29351806640625,283437
2021-10-25,240.39999389648438,241.47999572753906,227.25999450683594,229.17999267578125,228.40695190429688,157002
2021-10-26,229.24000549316406,243.1999969482422,229.22000122070312,241.05999755859375,240.24688720703125,157917
2021-10-27,241.8800048828125,243.47999572753906,236.8000030517578,237.77999877929688,236.9779510498047,93740
2021-10-28,238.0,247.8800048828125,226.05999755859375,231.16000366210938,230.3802947998047,187060
2021-10-29,229.77999877929688,242.02000427246094,227.0,239.5800018310547,238.77188110351562,192437
2021-11-01,240.39999389648438,248.39999389648438,240.1199951171875,244.5,243.67529296875,118655
2021-11-02,246.0,249.83999633789062,243.97999572753906,245.4199981689453,244.59219360351562,114152
2021-11-03,246.8000030517578,249.83999633789062,236.8000030517578,238.44000244140625,237.6357421875,134325
2021-11-04,240.60000610351562,248.8000030517578,240.5800018310547,246.47999572753906,245.6486053466797,81477
2021-11-08,248.0,266.3999938964844,246.39999389648438,262.8800048828125,261.9932861328125,524210
2021-11-09,269.3599853515625,290.3999938964844,268.2200012207031,287.94000244140625,286.9687805175781,2042787
2021-11-10,290.0,297.739990234375,286.0400085449219,291.17999267578125,290.1978454589844,614247
2021-11-11,291.9599914550781,293.8800048828125,275.239990234375,280.9599914550781,280.0122985839844,260305
2021-11-12,291.9800109863281,291.9800109863281,279.6000061035156,281.239990234375,280.2913513183594,333045
2021-11-15,283.20001220703125,312.0,283.20001220703125,308.70001220703125,307.65875244140625,1283455
2021-11-16,309.6000061035156,365.760009765625,300.4599914550781,356.0,354.7991943359375,4866610
2021-11-17,346.79998779296875,389.0799865722656,344.79998779296875,379.44000244140625,378.1601257324219,3960605
2021-11-18,382.82000732421875,391.7200012207031,352.4599914550781,356.2799987792969,355.0782470703125,1325102
2021-11-22,380.0,389.5199890136719,361.6000061035156,367.2200012207031,365.9813537597656,1533015
2021-11-23,366.3999938964844,382.0,360.3999938964844,375.8599853515625,374.59222412109375,637105
2021-11-24,380.3999938964844,387.79998779296875,372.7799987792969,376.2799987792969,375.0107727050781,466210
2021-11-25,379.6000061035156,381.739990234375,366.3999938964844,375.0,373.735107421875,250377
2021-11-26,344.5400085449219,379.3399963378906,344.5400085449219,362.8599853515625,361.63604736328125,429257
2021-11-29,358.0,361.9200134277344,336.3999938964844,345.6199951171875,344.4541931152344,290665
2021-11-30,349.6000061035156,391.9800109863281,346.3399963378906,374.239990234375,372.9776611328125,974555
2021-12-01,379.1600036621094,389.5,372.0,378.6400146484375,377.3628234863281,300450
2021-12-02,380.67999267578125,387.9599914550781,370.0,375.5400085449219,374.2733154296875,245820
2021-12-03,376.0,427.9800109863281,369.0,415.67999267578125,414.27789306640625,1636675
2021-12-06,422.79998779296875,475.8800048828125,422.3999938964844,461.7200012207031,460.16259765625,2240597
2021-12-07,475.8800048828125,480.3999938964844,426.1600036621094,442.9200134277344,441.426025390625,977400
2021-12-08,451.3800048828125,469.6000061035156,433.79998779296875,452.1400146484375,450.61492919921875,817635
2021-12-09,450.0,459.9599914550781,438.0,448.32000732421875,446.80780029296875,413370
2021-12-10,447.67999267578125,455.8399963378906,440.0,443.4599914550781,441.96417236328125,211080
2021-12-13,448.3599853515625,457.20001220703125,443.4800109863281,448.5799865722656,447.0669250488281,253425
2021-12-14,447.4599914550781,453.44000244140625,440.239990234375,444.3599853515625,442.86114501953125,169190
2021-12-15,445.55999755859375,459.9800109863281,432.8800048828125,446.0400085449219,444.5354919433594,388000
2021-12-16,449.5799865722656,457.760009765625,441.1600036621094,446.29998779296875,444.7945861816406,191525
2021-12-17,448.760009765625,449.1600036621094,416.0199890136719,421.8800048828125,420.4570007324219,236587
2021-12-20,421.9599914550781,421.9800109863281,379.70001220703125,389.0799865722656,387.7676086425781,387405
2021-12-21,395.20001220703125,427.9800109863281,394.7799987792969,427.9800109863281,426.5364074707031,257805
2021-12-22,442.79998779296875,458.67999267578125,438.0,442.1000061035156,440.6087646484375,283847
2021-12-23,445.8999938964844,447.6000061035156,430.20001220703125,432.82000732421875,431.360107421875,164277
2021-12-24,433.20001220703125,436.79998779296875,422.1199951171875,426.3399963378906,424.9019470214844,106157
2021-12-27,431.1199951171875,431.1199951171875,412.0,418.0,416.5900573730469,93735
2021-12-28,423.20001220703125,455.0799865722656,418.6199951171875,423.29998779296875,421.8721923828125,119305
2021-12-29,428.67999267578125,434.67999267578125,422.0199890136719,429.4599914550781,428.01141357421875,144945
2021-12-30,432.5199890136719,433.4200134277344,421.20001220703125,424.4599914550781,423.02825927734375,74545
2021-12-31,427.760009765625,456.0,425.3999938964844,449.94000244140625,448.42236328125,369515
2022-01-03,453.55999755859375,494.9200134277344,441.8599853515625,494.5,492.83203125,908790
2022-01-04,502.0799865722656,527.97998046875,496.3999938964844,501.0,499.31011962890625,708177
2022-01-05,504.0,504.0,482.79998779296875,492.3399963378906,490.6793212890625,178747
2022-01-06,490.32000732421875,541.5599975585938,484.79998779296875,541.0,539.1751708984375,836947
2022-01-07,544.4600219726562,568.0399780273438,544.4600219726562,568.0399780273438,566.1239624023438,703860
2022-01-10,595.9600219726562,596.4400024414062,579.4000244140625,596.4400024414062,594.42822265625,432900
2022-01-11,626.260009765625,626.260009765625,600.0,626.260009765625,624.1476440429688,291597
2022-01-12,657.5599975585938,657.5599975585938,594.9600219726562,596.0599975585938,594.0494384765625,992095
2022-01-13,596.0599975585938,625.5999755859375,568.0,596.52001953125,594.5079345703125,417102
2022-01-14,611.5999755859375,611.5999755859375,600.7999877929688,605.3200073242188,603.2782592773438,158047
2022-01-17,616.4000244140625,623.5599975585938,592.4000244140625,604.0,601.9627075195312,447705
2022-01-18,605.219970703125,615.5999755859375,591.97998046875,595.4400024414062,593.4315185546875,181130
2022-01-19,595.4400024414062,603.9199829101562,588.02001953125,597.7000122070312,595.6839599609375,122145
2022-01-20,606.0,627.5800170898438,600.0,627.5800170898438,625.4631958007812,266315
2022-01-21,636.0399780273438,658.9400024414062,619.5399780273438,652.5,650.2991333007812,609282
2022-01-24,662.4000244140625,674.7999877929688,619.8800048828125,619.8800048828125,617.7891235351562,433540
2022-01-25,590.4199829101562,625.9199829101562,588.9000244140625,595.5800170898438,593.5711059570312,352980
2022-01-27,606.0,622.0399780273438,592.5,600.1400146484375,598.11572265625,242422
2022-01-28,615.1799926757812,617.0,592.5399780273438,594.9000244140625,592.8934326171875,134790
2022-01-31,614.0,617.5999755859375,598.0,608.5999755859375,606.5471801757812,127242
2022-02-01,610.0,630.4000244140625,602.0,611.239990234375,609.1782836914062,206265
2022-02-02,616.4000244140625,622.0,612.8800048828125,614.5599975585938,612.487060546875,78815
2022-02-03,618.780029296875,622.0,608.0,611.6599731445312,609.5968627929688,102450
2022-02-04,620.0,621.97998046875,592.7999877929688,597.0599975585938,595.0460815429688,121577
2022-02-07,605.2000122070312,612.7999877929688,590.7999877929688,593.9000244140625,591.896728515625,124957
2022-02-08,599.2000122070312,602.4199829101562,564.219970703125,572.47998046875,570.5490112304688,178370
2022-02-09,572.7999877929688,589.5999755859375,543.8599853515625,562.2999877929688,560.4033203125,259340
2022-02-10,568.0,568.0,534.2000122070312,551.7999877929688,549.938720703125,156120
2022-02-11,549.5599975585938,579.3800048828125,528.0,570.4199829101562,568.4959106445312,335105
2022-02-14,546.0,559.0,541.9000244140625,541.9000244140625,540.0722045898438,208562
2022-02-15,532.0,540.0,514.8200073242188,524.2999877929688,522.531494140625,302810
2022-02-16,535.9199829101562,540.0,516.0,525.7000122070312,523.9268188476562,196625
2022-02-17,542.0,542.0,510.0,512.8800048828125,511.1500549316406,102725
2022-02-18,512.7999877929688,518.0,493.739990234375,497.20001220703125,495.52294921875,150397
2022-02-21,504.0,522.0499877929688,500.04998779296875,516.0,514.259521484375,204443
2022-02-22,500.0,500.8999938964844,490.20001220703125,490.20001220703125,488.54656982421875,90878
2022-02-23,480.1000061035156,508.0,480.1000061035156,485.25,483.61322021484375,91644
2022-02-24,461.0,469.95001220703125,461.0,461.0,459.4450378417969,52854
2022-02-25,451.0,478.79998779296875,437.95001220703125,442.6000061035156,441.10711669921875,263692
2022-02-28,450.0,450.0,420.5,431.70001220703125,430.2438659667969,153822
2022-03-02,420.1000061035156,435.0,417.0,424.5,423.0681457519531,129885
2022-03-03,427.45001220703125,444.79998779296875,423.3500061035156,424.0,422.56982421875,90609
2022-03-04,425.95001220703125,427.0,402.79998779296875,415.29998779296875,413.899169921875,112928
2022-03-07,397.0,405.5,394.54998779296875,394.54998779296875,393.2191467285156,84320
2022-03-08,383.45001220703125,414.25,383.45001220703125,413.75,412.35443115234375,108335
2022-03-09,425.0,434.3999938964844,421.1499938964844,434.3999938964844,432.93475341796875,42000
2022-03-10,456.1000061035156,456.1000061035156,456.1000061035156,456.1000061035156,454.5615539550781,18432
2022-03-11,465.0,478.8999938964844,438.1000061035156,478.8999938964844,477.2846374511719,218844
2022-03-14,497.3999938964844,498.70001220703125,457.6000061035156,463.6499938964844,462.0860900878906,213056
2022-03-15,465.0,480.5,449.0,456.3500061035156,454.81072998046875,117533
2022-03-16,464.8999938964844,472.29998779296875,451.3500061035156,456.70001220703125,455.1595458984375,89542
2022-03-17,474.0,479.5,457.25,461.6499938964844,460.09283447265625,142772
2022-03-21,467.95001220703125,470.1000061035156,452.45001220703125,456.5,454.960205078125,68915
2022-03-22,455.95001220703125,462.8999938964844,447.5,452.79998779296875,451.2726745605469,83700
2022-03-23,455.0,456.0,434.3999938964844,437.79998779296875,436.3232727050781,97271
2022-03-24,430.0,438.8999938964844,428.3500061035156,433.8999938964844,432.4364318847656,44048
2022-03-25,437.0,455.54998779296875,435.0,455.54998779296875,454.0133972167969,140873
2022-03-28,459.0,462.0,434.1499938964844,447.8500061035156,446.3393859863281,129753
2022-03-29,443.1000061035156,469.75,436.79998779296875,441.3500061035156,439.861328125,152936
2022-03-30,445.0,455.0,443.6000061035156,446.5,444.99395751953125,62381
2022-03-31,440.54998779296875,451.79998779296875,434.95001220703125,437.29998779296875,435.8249816894531,93090
2022-04-01,446.0,459.1499938964844,439.0,456.54998779296875,455.010009765625,111508
2022-04-04,461.0,479.3500061035156,461.0,479.3500061035156,477.733154296875,85569
2022-04-05,496.79998779296875,503.29998779296875,475.0,501.79998779296875,500.107421875,292884
2022-04-06,508.0,526.8499755859375,503.75,526.8499755859375,525.0729370117188,198258
2022-04-07,539.9500122070312,545.0,503.6499938964844,513.4000244140625,511.6683044433594,228606
2022-04-08,524.0,526.0,512.0,514.9500122070312,513.2130737304688,72015
2022-04-11,514.9500122070312,523.4000244140625,507.70001220703125,512.3499755859375,510.6217956542969,57201
2022-04-12,514.0,530.0999755859375,510.0,525.0,523.2291259765625,141226
2022-04-13,535.5,551.25,530.3499755859375,551.25,549.3905639648438,191879
2022-04-18,560.0,578.7999877929688,552.0,578.7999877929688,576.8477172851562,120608
2022-04-19,594.0,595.0,554.7999877929688,586.5499877929688,584.571533203125,311217
2022-04-20,606.0,606.0,565.0,572.0,570.0706176757812,147859
2022-04-21,584.5,592.0,575.0,583.2999877929688,581.33251953125,82005
2022-04-22,580.0,594.0,575.4500122070312,582.25,580.2860717773438,85211
2022-04-25,581.4500122070312,581.4500122070312,565.0,573.5999755859375,571.6652221679688,73859
2022-04-26,585.0,589.9000244140625,552.5999755859375,557.0999755859375,555.2208251953125,127882
2022-04-27,550.0,551.0,529.25,537.75,535.9361572265625,64350
2022-04-28,539.0,548.5499877929688,517.5499877929688,524.3499755859375,522.5813598632812,77563
2022-04-29,535.0,539.4500122070312,504.0,506.8999938964844,505.1902160644531,105971
2022-05-02,510.0,528.0,497.0,501.54998779296875,499.8582458496094,89823
2022-05-04,526.5999755859375,526.5999755859375,526.5999755859375,526.5999755859375,524.82373046875,23056
2022-05-05,552.9000244140625,552.9000244140625,526.0,536.2999877929688,534.4910278320312,572180
2022-05-06,535.0,535.0,511.5,521.5999755859375,519.840576171875,123615
2022-05-09,503.29998779296875,512.7999877929688,495.54998779296875,495.54998779296875,493.87847900390625,113829
2022-05-10,480.04998779296875,506.3999938964844,470.79998779296875,472.3500061035156,470.7567443847656,93791
2022-05-11,472.0,479.0,448.75,450.75,449.2295837402344,113677
2022-05-12,444.8999938964844,450.0,428.5,433.29998779296875,431.8384704589844,104785
2022-05-13,449.0,454.95001220703125,442.45001220703125,454.95001220703125,453.4154357910156,68082
2022-05-16,469.0,477.6499938964844,460.0,473.1000061035156,471.5042419433594,80259
2022-05-17,477.0,496.75,473.20001220703125,479.25,477.63348388671875,111688
2022-05-18,487.0,495.0,460.0,462.3999938964844,460.8403015136719,86481
2022-05-19,447.0,470.0,445.0,453.54998779296875,452.0201416015625,66523
2022-05-20,472.79998779296875,474.3500061035156,462.0,464.6499938964844,463.08270263671875,41083
2022-05-23,465.0,478.04998779296875,465.0,466.1000061035156,464.52783203125,50416
2022-05-24,472.0,475.0,447.3500061035156,450.3999938964844,448.8807678222656,53910
2022-05-25,453.1000061035156,458.0,429.0,432.3500061035156,430.89166259765625,41860
2022-05-26,437.8999938964844,453.95001220703125,410.75,453.95001220703125,452.4188232421875,88922
2022-05-27,466.8999938964844,476.0,454.79998779296875,457.3999938964844,455.857177734375,44645
2022-05-30,465.8999938964844,465.8999938964844,434.54998779296875,435.1499938964844,433.68218994140625,152355
2022-05-31,435.1499938964844,446.0,426.0,429.6499938964844,428.2007751464844,92144
2022-06-01,434.8999938964844,438.0,425.04998779296875,431.29998779296875,429.8451843261719,62065
2022-06-02,440.0,452.8500061035156,434.79998779296875,452.8500061035156,451.3225402832031,75317
2022-06-03,475.45001220703125,475.45001220703125,458.0,462.25,460.6907958984375,171007
2022-06-06,463.0,473.8500061035156,445.54998779296875,458.8999938964844,457.35211181640625,137000
2022-06-07,458.79998779296875,465.0,445.1000061035156,449.5,447.98382568359375,69520
2022-06-08,452.8999938964844,452.8999938964844,432.0,434.3500061035156,432.88494873046875,72750
2022-06-09,438.5,445.0,431.1499938964844,435.5,434.0310363769531,45814
2022-06-10,431.0,434.20001220703125,424.25,425.54998779296875,424.1145935058594,50836
2022-06-13,422.6499938964844,423.3999938964844,411.0,417.3999938964844,415.9920959472656,51931
2022-06-14,424.0,428.79998779296875,397.20001220703125,402.04998779296875,400.69384765625,97051
2022-06-15,407.79998779296875,422.1499938964844,406.29998779296875,414.1000061035156,412.7032470703125,79972
2022-06-16,426.0,432.45001220703125,396.0,401.8999938964844,400.54437255859375,82249
2022-06-17,400.0,407.6499938964844,385.5,389.54998779296875,388.23602294921875,66396
2022-06-20,389.0,393.79998779296875,370.1000061035156,370.1000061035156,368.85162353515625,66460
2022-06-21,371.3500061035156,388.6000061035156,371.3500061035156,388.6000061035156,387.28924560546875,64564
2022-06-22,393.0,405.0,385.0,397.5,396.1592102050781,85426
2022-06-23,404.0,407.0,389.04998779296875,403.6000061035156,402.2386474609375,47934
2022-06-24,408.8999938964844,423.75,405.20001220703125,423.75,422.3206787109375,87593
2022-06-27,431.8999938964844,440.0,418.0,421.70001220703125,420.2776184082031,90177
2022-06-28,423.6499938964844,437.0,421.70001220703125,433.1499938964844,431.68896484375,62771
2022-06-29,430.0,435.0,425.6000061035156,431.20001220703125,429.74554443359375,31042
2022-06-30,433.79998779296875,452.45001220703125,422.25,425.45001220703125,424.01495361328125,95563
2022-07-01,425.0,437.8999938964844,421.25,435.54998779296875,434.08087158203125,53659
2022-07-04,440.0,457.29998779296875,438.0,457.29998779296875,455.75750732421875,94705
2022-07-05,462.0,467.0,445.0,448.29998779296875,446.7878723144531,73909
2022-07-06,452.8999938964844,455.0,428.25,432.79998779296875,431.34014892578125,85365
2022-07-07,434.5,447.5,415.1000061035156,420.1000061035156,418.6830139160156,170365
2022-07-08,425.6000061035156,441.1000061035156,425.54998779296875,441.1000061035156,439.6121520996094,133894
2022-07-11,438.0,452.0,435.0,447.79998779296875,446.2895202636719,97356
2022-07-12,445.0,456.0,442.0,450.25,448.7312927246094,62338
2022-07-13,450.0,457.8999938964844,444.0,444.1499938964844,442.65185546875,45142
2022-07-14,444.1499938964844,449.8500061035156,430.0,434.54998779296875,433.084228515625,42138
2022-07-15,438.5,440.25,432.75,437.95001220703125,436.4728088378906,28927
2022-07-18,447.8999938964844,456.29998779296875,441.3999938964844,450.20001220703125,448.68145751953125,90126
2022-07-19,452.0,454.75,441.95001220703125,444.3500061035156,442.8511962890625,46986
2022-07-20,452.0,466.54998779296875,441.0,456.0,454.4618835449219,379028
2022-07-21,458.0,460.0,446.1000061035156,450.5,448.98046875,75011
2022-07-22,454.3999938964844,458.1499938964844,442.0,445.3999938964844,443.89764404296875,73799
2022-07-25,449.5,449.5,435.70001220703125,437.70001220703125,436.2236328125,81991
2022-07-26,435.70001220703125,440.75,426.79998779296875,432.79998779296875,431.34014892578125,63766
2022-07-27,435.8999938964844,435.8999938964844,427.20001220703125,429.75,428.3004455566406,31233
2022-07-28,434.0,437.1000061035156,428.04998779296875,431.6000061035156,430.14422607421875,39269
2022-07-29,436.6000061035156,438.5,427.5,430.6000061035156,429.1475524902344,59707
2022-08-01,437.0,437.45001220703125,428.0,430.70001220703125,429.24725341796875,97891
2022-08-02,432.3999938964844,444.0,430.54998779296875,432.25,430.7919921875,96196
2022-08-03,432.70001220703125,439.0,425.0,426.04998779296875,424.6128845214844,54579
2022-08-04,431.5,431.5,406.6000061035156,414.29998779296875,412.9025573730469,120822
2022-08-05,421.8999938964844,422.6499938964844,402.6499938964844,411.20001220703125,409.8130187988281,111440
2022-08-08,419.0,431.75,413.54998779296875,429.6499938964844,428.2007751464844,113315
2022-08-10,419.25,441.0,412.1000061035156,422.0,420.5765686035156,163848
2022-08-11,422.3500061035156,428.0,412.8500061035156,415.45001220703125,414.0487060546875,73856
2022-08-12,419.6000061035156,419.6000061035156,407.45001220703125,410.04998779296875,408.6668701171875,80358
2022-08-16,418.25,420.0,404.0,406.45001220703125,405.07904052734375,91630
2022-08-17,407.1000061035156,420.0,407.1000061035156,412.54998779296875,411.158447265625,77583
2022-08-18,412.54998779296875,425.0,408.04998779296875,417.8500061035156,416.4405822753906,101742
2022-08-19,420.0,423.95001220703125,409.0,411.8999938964844,410.5106506347656,61785
2022-08-22,412.0,415.0,401.1499938964844,405.29998779296875,403.9328918457031,63079
2022-08-23,405.0,410.75,388.54998779296875,396.25,394.9134216308594,120372
2022-08-24,401.79998779296875,410.0,401.0,406.1000061035156,404.730224609375,65074
2022-08-25,409.5,409.8999938964844,403.0,404.95001220703125,403.5841064453125,39167
2022-08-26,406.0,410.0,403.0,405.75,404.3813781738281,39283
2022-08-29,391.0,402.1499938964844,388.04998779296875,397.5,396.1592102050781,58528
2022-08-30,409.0,409.0,403.0,404.29998779296875,402.936279296875,50808
2022-09-01,415.0,415.0,406.0,411.0,409.6136779785156,63095
2022-09-02,416.0,419.25,407.3999938964844,408.04998779296875,406.6736145019531,101294
2022-09-05,408.1499938964844,414.1499938964844,407.0,411.6000061035156,410.211669921875,68653
2022-09-06,410.8500061035156,414.75,406.54998779296875,408.04998779296875,406.6736145019531,46659
2022-09-07,410.0,412.6499938964844,402.0,405.29998779296875,403.9328918457031,52493
2022-09-08,408.5,411.29998779296875,407.0,408.79998779296875,407.42108154296875,44604
2022-09-09,410.0,416.5,405.0,414.0,412.6035461425781,65682
2022-09-12,404.0,412.3999938964844,394.04998779296875,403.20001220703125,401.8399963378906,184623
2022-09-13,409.8999938964844,410.0,400.0,400.95001220703125,399.59759521484375,91003
2022-09-14,396.0,402.95001220703125,395.79998779296875,399.6499938964844,398.3019714355469,71183
2022-09-15,400.04998779296875,408.45001220703125,395.04998779296875,400.8999938964844,399.5477600097656,71006
2022-09-16,403.8500061035156,403.8500061035156,393.0,397.0,396.6502990722656,58994
2022-09-19,397.5,404.8999938964844,385.1499938964844,386.79998779296875,386.45928955078125,56679
2022-09-20,393.8999938964844,399.0,388.6499938964844,391.54998779296875,391.2051086425781,66134
2022-09-21,394.0,396.5,389.0,392.6000061035156,392.2541809082031,67005
2022-09-22,390.0,395.3999938964844,386.75,390.6000061035156,390.2559509277344,40028
2022-09-23,397.0,397.0,386.0,387.29998779296875,386.9588317871094,42341
2022-09-26,393.0,393.0,368.5,372.25,371.922119140625,71696
2022-09-27,374.70001220703125,381.8999938964844,369.79998779296875,370.70001220703125,370.37347412109375,44537
2022-09-28,372.0,375.0,361.0,364.3500061035156,364.0290832519531,38608
2022-09-29,377.0,382.54998779296875,370.0,380.3500061035156,380.0149841308594,57219
2022-09-30,382.0,390.0,378.5,381.6499938964844,381.3138122558594,55169
2022-10-03,388.0,400.70001220703125,383.0,400.70001220703125,400.3470458984375,142478
2022-10-04,408.8500061035156,420.70001220703125,396.79998779296875,411.3999938964844,411.0376281738281,278744
2022-10-06,413.79998779296875,417.3999938964844,405.5,407.1499938964844,406.7913513183594,70099
2022-10-07,407.29998779296875,427.5,401.29998779296875,418.8500061035156,418.4810791015625,432860
2022-10-10,415.0,436.29998779296875,409.04998779296875,411.70001220703125,411.3373718261719,342487
2022-10-11,414.0,422.0,400.0,403.04998779296875,402.6949768066406,91671
2022-10-12,408.0,458.5,406.29998779296875,450.6499938964844,450.2530517578125,3925315
2022-10-13,451.29998779296875,453.0,425.1000061035156,429.04998779296875,428.67205810546875,434807
2022-10-14,438.8999938964844,441.04998779296875,410.3500061035156,415.20001220703125,414.83428955078125,242983
2022-10-17,416.0,427.95001220703125,410.95001220703125,422.5,422.1278381347656,173515
2022-10-18,422.5,428.79998779296875,413.3999938964844,414.79998779296875,414.43463134765625,91158
2022-10-19,415.79998779296875,419.0,410.0,411.6000061035156,411.2374572753906,70361
2022-10-20,411.1000061035156,415.0,408.04998779296875,412.0,411.6370849609375,46848
2022-10-21,412.5,428.0,412.25,415.29998779296875,414.9341735839844,165747
2022-10-24,419.70001220703125,422.54998779296875,417.0,418.54998779296875,418.1813049316406,32803
2022-10-25,421.0,422.79998779296875,412.0,412.54998779296875,412.18658447265625,62621
2022-10-27,415.54998779296875,415.54998779296875,407.0,408.79998779296875,408.4399108886719,71119
2022-10-28,408.8999938964844,413.0,403.54998779296875,404.75,404.39349365234375,41412
2022-10-31,408.79998779296875,411.75,405.1000061035156,406.8999938964844,406.5415954589844,52148
2022-11-01,408.0,414.95001220703125,406.95001220703125,410.0,409.63885498046875,46823
2022-11-02,413.0,415.0,408.29998779296875,410.29998779296875,409.9385681152344,42873
2022-11-03,409.95001220703125,415.20001220703125,408.5,412.0,411.6370849609375,30763
2022-11-04,415.95001220703125,424.1499938964844,414.20001220703125,416.75,416.3829040527344,55727
2022-11-07,425.8999938964844,425.8999938964844,413.79998779296875,416.75,416.3829040527344,94082
2022-11-09,416.75,418.5,412.8999938964844,414.20001220703125,413.8351745605469,62790
2022-11-10,408.6499938964844,414.3500061035156,405.20001220703125,408.6000061035156,408.2400817871094,53230
2022-11-11,413.95001220703125,413.95001220703125,407.0,408.95001220703125,408.58978271484375,33120
2022-11-14,412.0,427.20001220703125,409.1000061035156,423.75,423.3767395019531,234569
2022-11-15,424.8500061035156,439.0,423.95001220703125,432.8999938964844,432.5186767578125,507932
2022-11-16,435.3999938964844,435.3999938964844,418.25,423.3500061035156,422.97711181640625,107866
2022-11-17,424.0,433.95001220703125,413.95001220703125,428.3500061035156,427.9726867675781,199294
2022-11-18,439.0,445.0,427.54998779296875,433.79998779296875,433.4178771972656,200130
2022-11-21,433.79998779296875,440.1000061035156,432.45001220703125,434.8500061035156,434.46697998046875,92761
2022-11-22,436.0,436.04998779296875,408.79998779296875,419.04998779296875,418.6808776855469,75055
2022-11-23,422.1000061035156,426.0,408.0,411.6000061035156,411.2374572753906,81050
2022-11-24,413.45001220703125,436.3999938964844,412.8999938964844,426.95001220703125,426.5739440917969,130929
2022-11-25,429.1000061035156,431.8999938964844,423.04998779296875,425.25,424.87542724609375,41690
2022-11-28,426.0,432.04998779296875,423.0,425.8999938964844,425.52484130859375,63141
2022-11-29,422.0,425.8999938964844,418.04998779296875,420.79998779296875,420.4293212890625,51044
2022-11-30,421.8999938964844,437.1000061035156,421.0,427.95001220703125,427.57305908203125,109617
2022-12-01,431.1499938964844,437.0,425.0,431.04998779296875,430.6702880859375,89451
2022-12-02,432.79998779296875,432.79998779296875,422.95001220703125,426.25,425.8745422363281,87413
2022-12-05,439.70001220703125,439.70001220703125,426.20001220703125,427.54998779296875,427.17340087890625,48035
2022-12-06,427.54998779296875,428.95001220703125,423.04998779296875,424.0,423.62652587890625,29248
2022-12-07,426.1000061035156,426.8999938964844,416.04998779296875,418.0,417.6318054199219,38134
2022-12-08,419.8999938964844,423.6000061035156,416.1499938964844,421.45001220703125,421.07879638671875,52802
2022-12-09,425.45001220703125,425.6000061035156,409.6000061035156,413.0,412.6361999511719,72713
2022-12-12,415.04998779296875,415.04998779296875,405.0,413.6000061035156,413.2356872558594,59226
2022-12-13,413.8999938964844,416.45001220703125,407.0,410.5,410.138427734375,46896
2022-12-14,411.0,412.6499938964844,407.5,408.29998779296875,407.9403381347656,47254
2022-12-15,411.6499938964844,417.95001220703125,408.0,413.3500061035156,412.98590087890625,97403
2022-12-16,412.1499938964844,417.95001220703125,408.29998779296875,412.54998779296875,412.18658447265625,75882
2022-12-19,415.0,472.5,412.95001220703125,449.75,449.3538513183594,877964
2022-12-20,449.70001220703125,481.3999938964844,445.0,477.29998779296875,476.87957763671875,1630672
2022-12-21,477.0,489.5,426.20001220703125,442.0,441.61065673828125,579325
2022-12-22,450.0,504.0,431.1000061035156,493.45001220703125,493.0153503417969,2594691
2022-12-23,480.0,489.5,455.3999938964844,461.8500061035156,461.44317626953125,986917
2022-12-26,460.0,483.95001220703125,449.3999938964844,472.79998779296875,472.3835144042969,482280
2022-12-27,478.3999938964844,525.0,467.8999938964844,517.5,517.044189453125,2641122
2022-12-28,517.0999755859375,534.9000244140625,507.54998779296875,520.7999877929688,520.3412475585938,1272231
2022-12-29,512.0,520.7999877929688,508.3999938964844,515.0499877929688,514.5963134765625,287805
2022-12-30,521.5999755859375,527.75,508.1499938964844,516.0,515.5454711914062,455233
2023-01-02,516.75,539.9500122070312,512.1500244140625,521.0999755859375,520.6409912109375,727514
2023-01-03,530.0,531.4000244140625,515.0,517.1500244140625,516.6945190429688,236979
2023-01-04,517.7000122070312,536.0,493.8500061035156,522.6500244140625,522.1896362304688,1376828
2023-01-05,526.7999877929688,557.7999877929688,518.9500122070312,547.7999877929688,547.3174438476562,1946804
2023-01-06,549.0,549.0,530.6500244140625,534.5,534.0291748046875,418333
2023-01-09,535.0,546.7999877929688,530.9000244140625,533.9000244140625,533.4297485351562,322727
2023-01-10,533.7999877929688,546.4500122070312,527.0999755859375,528.8499755859375,528.3841552734375,292715
2023-01-11,530.0,537.0,526.7999877929688,532.1500244140625,531.6812744140625,223755
2023-01-12,534.2999877929688,542.0,518.5999755859375,523.4500122070312,522.9889526367188,229521
2023-01-13,524.5499877929688,540.0,520.5499877929688,531.4500122070312,530.9818725585938,198435
2023-01-16,535.0,558.5,525.7000122070312,548.9500122070312,548.4664916992188,530586
2023-01-17,546.3499755859375,556.9000244140625,537.5499877929688,547.9500122070312,547.4673461914062,318230
2023-01-18,548.5499877929688,568.0,547.5999755859375,554.1500244140625,553.6619262695312,320124
2023-01-19,550.5499877929688,563.0,550.0,559.2000122070312,558.7074584960938,215786
2023-01-20,559.25,560.5999755859375,535.5499877929688,542.5,542.0221557617188,157109
2023-01-23,542.9500122070312,548.4000244140625,532.2000122070312,536.5999755859375,536.1273193359375,129299
2023-01-24,536.5,539.0,513.9000244140625,518.8499755859375,518.3929443359375,120688
2023-01-25,518.9000244140625,553.0,513.2999877929688,534.5,534.0291748046875,550713
2023-01-27,536.9500122070312,546.25,514.0,525.9000244140625,525.436767578125,219166
2023-01-30,526.6500244140625,537.7999877929688,510.0,522.5,522.0397338867188,164041
2023-01-31,524.2999877929688,542.0,524.0499877929688,534.3499755859375,533.8792724609375,128744
2023-02-01,539.7000122070312,547.5499877929688,503.45001220703125,513.5999755859375,513.1475830078125,186085
2023-02-02,515.0,526.4000244140625,510.04998779296875,513.3499755859375,512.8978271484375,76783
2023-02-03,517.4500122070312,522.0499877929688,497.45001220703125,513.7000122070312,513.2474975585938,113929
2023-02-06,514.0,516.0,500.1000061035156,501.6499938964844,501.2081298828125,98205
2023-02-07,501.6499938964844,505.04998779296875,488.0,492.1000061035156,491.6665344238281,113070
2023-02-08,494.6000061035156,508.3999938964844,484.1000061035156,497.6000061035156,497.1617126464844,171010
2023-02-09,499.8999938964844,503.70001220703125,482.95001220703125,485.8500061035156,485.42205810546875,109806
2023-02-10,486.54998779296875,549.9000244140625,485.75,537.75,537.2763061523438,1364028
2023-02-13,526.0,544.9500122070312,510.0,516.1500244140625,515.6953735351562,605616
2023-02-14,520.0,536.0,510.6499938964844,520.75,520.2913208007812,410063
2023-02-15,522.0,535.7000122070312,518.2999877929688,527.25,526.7855834960938,309708
2023-02-16,531.0,532.0,521.0499877929688,526.25,525.7864379882812,125946
2023-02-17,522.6500244140625,558.0,520.1500244140625,552.9500122070312,552.4629516601562,962915
2023-02-20,558.5499877929688,585.0,558.5499877929688,581.0,580.4882202148438,1263378
2023-02-21,580.0,591.0,572.7999877929688,575.5,574.9931030273438,553214
2023-02-22,576.9000244140625,578.9000244140625,555.9500122070312,563.4000244140625,562.9037475585938,272234
2023-02-23,566.9500122070312,570.2000122070312,548.2000122070312,553.7000122070312,553.2122802734375,230210
2023-02-24,555.0999755859375,572.7000122070312,549.2999877929688,567.5999755859375,567.1000366210938,383849
2023-02-27,567.2999877929688,569.0499877929688,551.0,552.75,552.2631225585938,165031
2023-02-28,553.2000122070312,582.2000122070312,552.75,574.3499755859375,573.8440551757812,885953
2023-03-01,570.0,575.0499877929688,560.0,568.1500244140625,567.6495971679688,164297
2023-03-02,568.5999755859375,602.9500122070312,567.9000244140625,579.4500122070312,578.9396362304688,1169971
2023-03-03,583.5,589.8499755859375,568.7999877929688,578.0,577.4909057617188,355143
2023-03-06,579.5499877929688,594.2000122070312,575.0,576.9500122070312,576.4418334960938,229494
2023-03-08,575.9500122070312,606.0,571.25,593.8499755859375,593.326904296875,557062
2023-03-09,597.0999755859375,644.2000122070312,585.9500122070312,625.5,624.9490356445312,1695885
2023-03-10,637.0,672.9000244140625,627.0,643.2999877929688,642.7333374023438,4321911
2023-03-13,648.7000122070312,651.5,606.0,611.2999877929688,610.7615356445312,928520
2023-03-14,612.0,617.4000244140625,588.0,604.2999877929688,603.7677001953125,529397
2023-03-15,610.7999877929688,627.4500122070312,591.0,595.4500122070312,594.925537109375,652313
2023-03-16,589.7999877929688,595.9500122070312,570.0,575.2999877929688,574.793212890625,710988
2023-03-17,580.4000244140625,631.8499755859375,573.0,627.0999755859375,626.547607421875,2116871
2023-03-20,626.0,633.0,603.6500244140625,610.2999877929688,609.7623901367188,586489
2023-03-21,615.0,625.6500244140625,606.75,620.0999755859375,619.5537719726562,497473
2023-03-22,623.0499877929688,654.2000122070312,621.9500122070312,643.0999755859375,642.5335083007812,1312364
2023-03-23,639.7999877929688,650.0,633.5999755859375,638.9000244140625,638.3372802734375,326248
2023-03-24,639.0,650.0,614.5999755859375,618.9000244140625,618.3548583984375,584691
2023-03-27,624.0,633.0,607.8499755859375,626.9500122070312,626.3977661132812,419948
2023-03-28,627.0,642.2999877929688,615.0,628.0,627.4468383789062,340337
2023-03-29,629.0,645.0,621.3499755859375,634.0499877929688,633.4915161132812,379607
2023-03-31,641.9500122070312,658.0,636.1500244140625,644.0,643.4327392578125,458535
2023-04-03,647.5,712.0,645.7999877929688,704.0999755859375,703.4797973632812,3208710
2023-04-05,707.5499877929688,724.0,690.0999755859375,702.0,701.3816528320312,1714652
2023-04-06,702.0,738.0,695.5999755859375,731.6500244140625,731.0055541992188,1093849
2023-04-10,736.5,762.0,726.0,753.5999755859375,752.9361572265625,1067854
2023-04-11,755.0,769.0,736.4500122070312,742.25,741.59619140625,922706
2023-04-12,740.0,751.6500244140625,733.4500122070312,745.0,744.34375,378154
2023-04-13,746.0,761.5,740.0,756.9500122070312,756.2832641601562,373118
2023-04-17,759.9500122070312,763.8499755859375,737.1500244140625,741.5999755859375,740.9467163085938,261415
2023-04-18,744.0999755859375,792.7999877929688,741.9500122070312,785.3499755859375,784.658203125,1534524
2023-04-19,792.0,818.9000244140625,777.25,813.75,813.033203125,1713894
2023-04-20,813.2000122070312,820.25,792.0499877929688,807.9500122070312,807.2383422851562,817433
2023-04-21,808.0,815.8499755859375,800.75,811.2999877929688,810.5853881835938,448581
2023-04-24,810.0,849.0,810.0,833.5999755859375,832.86572265625,941253
2023-04-25,834.0,842.2999877929688,830.0,835.7000122070312,834.9638671875,361818
2023-04-26,839.0,848.9500122070312,818.9500122070312,825.5,824.7728881835938,435675
2023-04-27,825.5,827.5999755859375,801.0,804.0,803.2918090820312,379557
2023-04-28,806.2999877929688,825.0,795.0999755859375,802.6500244140625,801.9429931640625,379984
2023-05-02,803.5,808.4500122070312,774.0,780.7000122070312,780.0123291015625,553795
2023-05-03,783.9500122070312,804.9500122070312,779.2000122070312,784.1500244140625,783.4592895507812,350256
2023-05-04,784.0,799.0,783.9500122070312,788.5999755859375,787.9053344726562,217602
2023-05-05,790.0,835.8499755859375,789.0,832.7999877929688,832.06640625,916409
2023-05-08,836.8499755859375,837.0499877929688,820.0,824.0499877929688,823.3241577148438,242335
2023-05-09,827.9500122070312,840.0,824.1500244140625,829.2999877929688,828.5695190429688,320757
2023-05-10,834.0,853.7000122070312,741.9500122070312,773.0499877929688,772.3690795898438,2707954
2023-05-11,774.9000244140625,787.0,755.5999755859375,772.7000122070312,772.0194091796875,582616
2023-05-12,773.2000122070312,789.5499877929688,764.9500122070312,769.6500244140625,768.9721069335938,270188
2023-05-15,771.0,787.7999877929688,766.0,782.75,782.060546875,208394
2023-05-16,784.9000244140625,785.0,766.9000244140625,769.5,768.8222045898438,141430
2023-05-17,771.5,775.0,755.0,756.9500122070312,756.2832641601562,155880
2023-05-18,760.0,778.0,758.1500244140625,764.8499755859375,764.17626953125,152501
2023-05-19,766.0,770.7999877929688,744.5,760.8499755859375,760.1798095703125,233902
2023-05-22,760.8499755859375,772.0,751.75,766.9000244140625,766.2244873046875,133461
2023-05-23,765.2000122070312,769.0499877929688,750.0,752.25,751.58740234375,138900
2023-05-24,752.2999877929688,787.0,752.2999877929688,762.9500122070312,762.2779541015625,325784
2023-05-25,768.6500244140625,803.0,767.9500122070312,792.6500244140625,791.9518432617188,704416
2023-05-26,795.7999877929688,802.4500122070312,786.2999877929688,793.0,792.301513671875,169434
2023-05-29,799.5499877929688,804.5,794.2999877929688,800.0,799.2953491210938,182559
2023-05-30,801.2999877929688,801.2999877929688,787.9500122070312,791.1500244140625,790.453125,110914
2023-05-31,789.0,811.0,788.0,807.7999877929688,807.0884399414062,355380
2023-06-01,812.6500244140625,822.0,798.0,804.9000244140625,804.1910400390625,241422
2023-06-02,806.9000244140625,814.2999877929688,800.0,802.25,801.5433349609375,105404
2023-06-05,805.9000244140625,818.0999755859375,801.0,804.25,803.5415649414062,231688
2023-06-06,808.25,812.9000244140625,798.0499877929688,802.25,801.5433349609375,158071
2023-06-07,804.9000244140625,882.9000244140625,803.0,875.4500122070312,874.6788940429688,1528989
2023-06-08,880.0,953.0,870.0,941.0,940.171142578125,4726230
2023-06-09,938.0499877929688,958.0,912.8499755859375,922.3499755859375,921.5375366210938,1645207
2023-06-12,922.4500122070312,940.0,915.2999877929688,921.9000244140625,921.0879516601562,379061
2023-06-13,927.0,992.0,923.25,983.2000122070312,982.333984375,2079737
2023-06-14,988.0,989.2000122070312,950.0,954.5499877929688,953.7091674804688,809460
2023-06-15,953.4000244140625,1012.0,949.8499755859375,987.3499755859375,986.4802856445312,1432369
2023-06-16,992.2999877929688,1006.0,976.6500244140625,982.5999755859375,981.7344360351562,398758
2023-06-19,989.0,1018.7999877929688,986.3499755859375,1003.7000122070312,1002.81591796875,643424
2023-06-20,1008.4500122070312,1048.0,1004.0999755859375,1039.1500244140625,1038.2347412109375,893227
2023-06-21,1042.199951171875,1043.0,1009.0499877929688,1020.4500122070312,1019.5511474609375,394516
2023-06-22,1022.5,1064.0,1021.25,1040.0999755859375,1039.183837890625,687660
2023-06-23,1040.0,1040.050048828125,1001.0,1008.0999755859375,1007.2119750976562,339895
2023-06-26,1008.9000244140625,1072.8499755859375,1000.7999877929688,1065.800048828125,1064.8612060546875,806366
2023-06-27,1069.199951171875,1087.5,1057.3499755859375,1081.800048828125,1080.84716796875,571782
2023-06-28,1085.75,1262.0,1081.800048828125,1218.300048828125,1217.2269287109375,4046650
2023-06-30,1243.0999755859375,1368.8499755859375,1215.8499755859375,1337.25,1336.0721435546875,6727276
2023-07-03,1345.050048828125,1418.949951171875,1312.050048828125,1392.300048828125,1391.0736083984375,2130174
2023-07-04,1390.0,1484.0,1375.550048828125,1464.1500244140625,1462.8603515625,1890645
2023-07-05,1460.0,1518.0,1441.199951171875,1488.199951171875,1486.8890380859375,1446057
2023-07-06,1470.0,1498.75,1275.0,1299.949951171875,1298.804931640625,2561942
2023-07-07,1299.949951171875,1367.550048828125,1271.050048828125,1348.75,1347.56201171875,1352237
2023-07-10,1355.0,1397.800048828125,1345.949951171875,1368.9000244140625,1367.6942138671875,635771
2023-07-11,1368.949951171875,1374.9000244140625,1305.300048828125,1354.5,1353.306884765625,400242
2023-07-12,1358.25,1393.800048828125,1350.0,1361.800048828125,1360.6004638671875,357000
2023-07-13,1366.8499755859375,1375.800048828125,1290.0,1316.0,1314.8408203125,364893
2023-07-14,1539.5999755859375,1539.5999755859375,1439.050048828125,1466.5999755859375,1465.30810546875,3182452
2023-07-17,1483.800048828125,1499.0,1462.0999755859375,1478.199951171875,1476.89794921875,584698
2023-07-18,1478.1500244140625,1479.800048828125,1367.300048828125,1406.800048828125,1405.5609130859375,594686
2023-07-19,1409.0,1425.5999755859375,1386.5999755859375,1397.5999755859375,1396.368896484375,202445
2023-07-20,1399.9000244140625,1423.949951171875,1395.0,1402.0,1400.7650146484375,166984
2023-07-21,1409.5,1425.3499755859375,1399.550048828125,1405.949951171875,1404.7115478515625,201218
2023-07-24,1405.949951171875,1413.050048828125,1349.0,1354.9000244140625,1353.70654296875,222395
2023-07-25,1360.5,1449.0,1354.9000244140625,1414.5,1413.2540283203125,483906
2023-07-26,1422.0,1473.8499755859375,1406.0,1438.25,1436.983154296875,372408
2023-07-27,1450.0,1452.800048828125,1415.0,1429.050048828125,1427.791259765625,126127
2023-07-28,1435.0,1449.949951171875,1395.1500244140625,1411.949951171875,1410.706298828125,139609
2023-07-31,1420.0,1450.0,1371.050048828125,1401.6500244140625,1400.4154052734375,300148
2023-08-01,1410.050048828125,1439.800048828125,1396.0,1401.050048828125,1399.81591796875,288177
2023-08-02,1380.0,1404.949951171875,1305.199951171875,1360.4000244140625,1359.2017822265625,216249
2023-08-03,1362.0,1374.25,1336.300048828125,1341.199951171875,1340.0185546875,89637
2023-08-04,1351.0,1362.5999755859375,1309.5999755859375,1315.6500244140625,1314.4912109375,146860
2023-08-07,1322.3499755859375,1370.0,1307.0,1348.9000244140625,1347.7119140625,173968
2023-08-08,1354.6500244140625,1357.3499755859375,1320.0,1329.3499755859375,1328.1790771484375,62719
2023-08-09,1330.050048828125,1344.5,1309.0,1316.0999755859375,1314.940673828125,62221
2023-08-10,1316.4000244140625,1329.949951171875,1273.199951171875,1282.300048828125,1281.1705322265625,130393
2023-08-11,1284.949951171875,1288.9000244140625,1220.0,1228.9000244140625,1227.8175048828125,212569
2023-08-14,1206.0,1344.8499755859375,1185.0,1311.0999755859375,1309.945068359375,587075
2023-08-16,1308.949951171875,1474.0,1300.0,1443.8499755859375,1442.578125,1545767
2023-08-17,1454.0,1486.949951171875,1411.449951171875,1439.800048828125,1438.5318603515625,806974
2023-08-18,1434.949951171875,1434.949951171875,1374.1500244140625,1388.3499755859375,1387.1270751953125,363498
2023-08-21,1401.0,1553.0,1400.3499755859375,1537.300048828125,1535.9459228515625,1925537
2023-08-22,1545.75,1570.9000244140625,1506.0,1517.25,1515.91357421875,676921
2023-08-23,1515.0,1537.9000244140625,1483.699951171875,1513.800048828125,1512.4666748046875,309462
2023-08-24,1510.0,1525.0,1485.449951171875,1500.25,1498.928466796875,182338
2023-08-25,1495.0,1588.9000244140625,1471.25,1526.9000244140625,1525.5550537109375,633449
2023-08-28,1537.8499755859375,1590.0,1525.199951171875,1555.550048828125,1554.1798095703125,389316
2023-08-29,1567.300048828125,1607.6500244140625,1495.25,1513.449951171875,1512.1168212890625,401589
2023-08-30,1528.199951171875,1555.0,1520.0,1530.5,1529.15185546875,142697
2023-08-31,1528.699951171875,1528.699951171875,1454.0,1516.050048828125,1514.714599609375,137020
2023-09-01,1509.9000244140625,1527.300048828125,1488.0,1501.4000244140625,1500.0775146484375,81795
2023-09-04,1550.0,1550.0,1480.0,1494.0999755859375,1492.783935546875,104420
2023-09-05,1498.0,1520.0,1480.0,1497.300048828125,1495.981201171875,66651
2023-09-06,1515.0,1515.0,1480.0,1494.199951171875,1492.8837890625,76822
2023-09-07,1510.0,1510.0,1465.0,1475.8499755859375,1474.550048828125,99217
2023-09-08,1506.9000244140625,1510.0,1454.0,1503.550048828125,1503.550048828125,73181
2023-09-11,1512.0,1529.9000244140625,1495.0,1500.8499755859375,1500.8499755859375,110330
2023-09-12,1520.0,1526.0,1425.800048828125,1451.3499755859375,1451.3499755859375,82534
2023-09-13,1482.0,1490.0,1435.0,1478.550048828125,1478.550048828125,76519
2023-09-14,1500.0,1528.199951171875,1490.0,1506.949951171875,1506.949951171875,109992
2023-09-15,1517.0,1525.0,1470.6500244140625,1496.1500244140625,1496.1500244140625,919315
2023-09-18,1500.0,1500.0,1480.0,1487.3499755859375,1487.3499755859375,34338
2023-09-20,1495.0,1495.0,1462.0,1466.949951171875,1466.949951171875,26516
2023-09-21,1470.0,1479.0,1410.0,1443.949951171875,1443.949951171875,42207
2023-09-22,1430.0,1457.949951171875,1415.0,1428.199951171875,1428.199951171875,21205
2023-09-25,1429.5,1448.949951171875,1376.949951171875,1395.550048828125,1395.550048828125,51242
2023-09-26,1399.0,1415.0,1350.0999755859375,1374.300048828125,1374.300048828125,69802
2023-09-27,1376.0,1376.0,1358.25,1371.949951171875,1371.949951171875,30324
2023-09-28,1379.949951171875,1390.0,1325.0,1371.4000244140625,1371.4000244140625,64723
2023-09-29,1386.0,1389.0,1351.0999755859375,1371.8499755859375,1371.8499755859375,20896
2023-10-03,1371.8499755859375,1390.0,1310.050048828125,1321.949951171875,1321.949951171875,96330
2023-10-04,1333.949951171875,1334.550048828125,1265.0,1284.199951171875,1284.199951171875,95332
2023-10-05,1284.199951171875,1317.0,1269.0,1296.199951171875,1296.199951171875,120128
2023-10-06,1318.949951171875,1318.949951171875,1275.0,1299.199951171875,1299.199951171875,74862
2023-10-09,1264.050048828125,1280.0,1255.0,1260.4000244140625,1260.4000244140625,46326
2023-10-10,1261.0,1280.0,1197.4000244140625,1237.550048828125,1237.550048828125,114708
2023-10-11,1244.800048828125,1269.0,1225.0,1263.0,1263.0,30803
2023-10-12,1268.0,1268.0,1243.6500244140625,1250.5999755859375,1250.5999755859375,29939
2023-10-13,1248.0,1265.0,1240.0,1259.199951171875,1259.199951171875,18817
2023-10-16,1259.199951171875,1259.199951171875,1230.0,1244.699951171875,1244.699951171875,25754
2023-10-17,1258.699951171875,1258.699951171875,1238.0,1251.1500244140625,1251.1500244140625,12345
2023-10-18,1258.8499755859375,1258.8499755859375,1231.0999755859375,1244.1500244140625,1244.1500244140625,21054
2023-10-19,1253.699951171875,1253.699951171875,1225.0,1233.25,1233.25,19417
2023-10-20,1240.0,1252.0,1180.199951171875,1219.1500244140625,1219.1500244140625,30837
2023-10-23,1214.0,1219.1500244140625,1158.199951171875,1158.199951171875,1158.199951171875,59486
2023-10-25,1170.9000244140625,1194.9000244140625,1133.0,1171.9000244140625,1171.9000244140625,46199
2023-10-26,1165.0,1170.0,1113.3499755859375,1159.0,1159.0,43917
2023-10-27,1160.0,1216.949951171875,1160.0,1216.949951171875,1216.949951171875,25517
2023-10-30,1249.0,1258.0,1227.0,1234.300048828125,1234.300048828125,42188
2023-10-31,1228.0,1260.0,1190.0,1200.550048828125,1200.550048828125,24659
2023-11-01,1200.0,1220.0,1176.0,1203.699951171875,1203.699951171875,19974
2023-11-02,1224.0,1224.0,1178.0,1179.8499755859375,1179.8499755859375,47605
2023-11-03,1179.8499755859375,1223.0,1175.550048828125,1189.550048828125,1189.550048828125,21182
2023-11-06,1220.0,1220.0,1189.550048828125,1206.0,1206.0,16005
2023-11-07,1220.0,1237.699951171875,1206.0,1218.300048828125,1218.300048828125,30159
2023-11-08,1232.0999755859375,1233.0,1213.0,1221.800048828125,1221.800048828125,16763
2023-11-09,1221.800048828125,1232.0999755859375,1203.0999755859375,1207.050048828125,1207.050048828125,18901
2023-11-10,1216.800048828125,1216.800048828125,1178.0,1193.0999755859375,1193.0999755859375,26290
2023-11-13,1216.8499755859375,1216.8499755859375,1180.5,1208.4000244140625,1208.4000244140625,16779
2023-11-15,1216.8499755859375,1216.8499755859375,1191.0999755859375,1206.300048828125,1206.300048828125,23627
2023-11-16,1206.300048828125,1220.0,1200.0,1211.050048828125,1211.050048828125,26948
2023-11-17,1219.0,1219.0,1193.0,1201.050048828125,1201.050048828125,15461
2023-11-20,1197.0,1261.0999755859375,1189.0,1261.0999755859375,1261.0999755859375,87324
2023-11-21,1277.0,1322.0,1277.0,1309.6500244140625,1309.6500244140625,95173
2023-11-22,1324.0,1331.0,1244.199951171875,1286.199951171875,1286.199951171875,48893
2023-11-23,1287.0,1300.0,1251.0,1264.1500244140625,1264.1500244140625,20655
2023-11-24,1262.0,1289.0,1250.0,1266.4000244140625,1266.4000244140625,17336
2023-11-28,1274.0,1282.0,1240.0999755859375,1264.25,1264.25,21592
2023-11-29,1269.0,1276.0,1240.0,1256.199951171875,1256.199951171875,19258
2023-11-30,1264.0,1270.0,1232.0,1242.9000244140625,1242.9000244140625,30488
2023-12-01,1240.199951171875,1258.0,1240.0,1247.3499755859375,1247.3499755859375,21046
2023-12-04,1248.050048828125,1283.0,1242.0999755859375,1257.3499755859375,1257.3499755859375,75576
2023-12-05,1251.050048828125,1293.0,1251.050048828125,1264.3499755859375,1264.3499755859375,69167
2023-12-06,1268.300048828125,1285.0,1248.5,1255.75,1255.75,49578
2023-12-07,1260.0,1295.0,1252.0,1286.449951171875,1286.449951171875,55807
2023-12-08,1296.0,1314.8499755859375,1275.0999755859375,1280.3499755859375,1280.3499755859375,68284
2023-12-11,1315.0,1344.3499755859375,1293.0,1344.3499755859375,1344.3499755859375,123940
2023-12-12,1379.0,1411.550048828125,1350.0,1411.550048828125,1411.550048828125,202717
2023-12-13,1426.0,1446.0,1360.0,1399.699951171875,1399.699951171875,188620
2023-12-14,1413.050048828125,1430.0,1388.0,1395.5,1395.5,61237
2023-12-15,1410.0,1425.0,1390.800048828125,1409.3499755859375,1409.3499755859375,69569
2023-12-18,1409.3499755859375,1420.0,1395.0,1398.199951171875,1398.199951171875,48217
2023-12-19,1409.300048828125,1410.0,1389.949951171875,1402.550048828125,1402.550048828125,51176
2023-12-20,1420.0,1472.6500244140625,1349.449951171875,1383.6500244140625,1383.6500244140625,305361
2023-12-21,1384.0,1430.300048828125,1352.5,1407.1500244140625,1407.1500244140625,70710
2023-12-22,1425.0,1475.0,1420.0,1439.0999755859375,1439.0999755859375,130002
2023-12-26,1473.949951171875,1473.949951171875,1411.8499755859375,1440.0999755859375,1440.0999755859375,97144
2023-12-27,1440.0,1460.0,1413.0,1419.8499755859375,1419.8499755859375,46426
2023-12-28,1420.0,1434.5999755859375,1390.0,1394.5,1394.5,44843
2023-12-29,1420.0,1464.199951171875,1415.0,1464.199951171875,1464.199951171875,203088
2024-01-01,1498.0,1667.0,1490.1500244140625,1619.3499755859375,1619.3499755859375,971472
2024-01-02,1645.0,1735.0,1629.050048828125,1721.5,1721.5,741322
2024-01-03,1743.25,1744.800048828125,1652.5,1672.800048828125,1672.800048828125,246834
2024-01-04,1680.0,1719.9000244140625,1660.0,1681.449951171875,1681.449951171875,192407
2024-01-05,1690.0,1744.0,1664.9000244140625,1698.9000244140625,1698.9000244140625,315586
2024-01-08,1719.0,1924.449951171875,1719.0,1884.550048828125,1884.550048828125,1081504
2024-01-09,1900.949951171875,1965.1500244140625,1884.75,1900.699951171875,1900.699951171875,360077
2024-01-10,1899.0,1965.0,1850.0,1930.5999755859375,1930.5999755859375,434148
2024-01-11,1948.0,2006.800048828125,1910.050048828125,1935.949951171875,1935.949951171875,358824
2024-01-12,1927.8499755859375,1937.4000244140625,1870.0,1879.300048828125,1879.300048828125,160621
2024-01-15,1897.0,1897.0,1779.3499755859375,1823.949951171875,1823.949951171875,129982
2024-01-16,1833.0,1892.949951171875,1820.0,1857.949951171875,1857.949951171875,163902
2024-01-17,1850.0,1967.949951171875,1826.0,1915.699951171875,1915.699951171875,198844
2024-01-18,1917.800048828125,1929.6500244140625,1764.699951171875,1889.6500244140625,1889.6500244140625,160203
2024-01-19,1905.0,1941.800048828125,1879.5999755859375,1896.1500244140625,1896.1500244140625,99399
2024-01-23,1873.0,1882.949951171875,1790.0,1801.6500244140625,1801.6500244140625,99578
2024-01-24,1788.050048828125,1888.0,1771.4000244140625,1850.699951171875,1850.699951171875,100742
2024-01-25,1866.699951171875,1883.0,1805.0,1849.3499755859375,1849.3499755859375,44314
2024-01-29,1876.949951171875,1946.0,1855.25,1900.0999755859375,1900.0999755859375,151152
2024-01-30,1916.0,1924.0,1886.75,1900.4000244140625,1900.4000244140625,50460
2024-01-31,1949.0,1977.199951171875,1880.0,1916.699951171875,1916.699951171875,278059
2024-02-01,1927.5999755859375,2010.0,1920.050048828125,1968.0,1968.0,341763
2024-02-02,2007.0,2048.0,1935.0,1948.6500244140625,1948.6500244140625,222849
2024-02-05,1987.5999755859375,2032.0,1952.949951171875,1972.949951171875,1972.949951171875,146004
2024-02-06,2000.0,2050.0,1973.0,2028.25,2028.25,175627
2024-02-07,2048.199951171875,2050.5,1991.4000244140625,2002.4000244140625,2002.4000244140625,69820
2024-02-08,2015.0,2015.449951171875,1973.4000244140625,1979.300048828125,1979.300048828125,53529
2024-02-09,1979.300048828125,2048.0,1938.050048828125,2013.449951171875,2013.449951171875,204376
2024-02-12,2045.0,2208.0,2025.0,2066.75,2066.75,493017
2024-02-13,2099.85009765625,2099.85009765625,1863.449951171875,2014.449951171875,2014.449951171875,221545
2024-02-14,2000.0,2039.949951171875,1983.050048828125,2004.800048828125,2004.800048828125,65845
2024-02-15,2024.5999755859375,2047.199951171875,1993.300048828125,2007.050048828125,2007.050048828125,60461
2024-02-16,2024.0,2060.0,2011.0,2023.6500244140625,2023.6500244140625,61096
2024-02-19,2054.0,2428.35009765625,2054.0,2381.75,2381.75,1097472
2024-02-20,2304.0,2354.39990234375,2263.89990234375,2289.5,2289.5,267436
2024-02-21,2300.0,2414.25,2272.0,2310.25,2310.25,368326
2024-02-22,2317.0,2319.199951171875,2210.0,2226.89990234375,2226.89990234375,394250
2024-02-23,2236.5,2318.800048828125,2190.0,2204.949951171875,2204.949951171875,299525
2024-02-26,2200.949951171875,2235.949951171875,2179.800048828125,2188.300048828125,2188.300048828125,110346
2024-02-27,2195.0,2318.800048828125,2187.050048828125,2250.699951171875,2250.699951171875,291731
2024-02-28,2250.699951171875,2250.699951171875,2155.0,2175.89990234375,2175.89990234375,121675
2024-02-29,2175.85009765625,2230.0,2112.800048828125,2166.89990234375,2166.89990234375,339877
2024-03-01,2184.60009765625,2200.85009765625,2129.0,2143.10009765625,2143.10009765625,124089
2024-03-04,2154.89990234375,2157.89990234375,2076.0,2089.0,2089.0,135632
2024-03-05,2087.949951171875,2113.949951171875,1991.0,2002.4000244140625,2002.4000244140625,180694
2024-03-06,2004.800048828125,2006.0999755859375,1890.0,1902.25,1902.25,164059
2024-03-07,1902.300048828125,1988.25,1890.0,1897.800048828125,1897.800048828125,183174
2024-03-11,1916.75,1921.050048828125,1779.0,1803.5999755859375,1803.5999755859375,157391
2024-03-12,1820.0,1895.0,1750.0,1792.5,1792.5,244997
2024-03-13,1798.3499755859375,1837.449951171875,1685.0,1709.9000244140625,1709.9000244140625,215207
2024-03-14,1679.949951171875,1944.0,1665.0,1866.75,1866.75,350234
2024-03-15,1876.0999755859375,1934.949951171875,1850.0,1892.0,1892.0,200381
2024-03-18,1892.0,1902.949951171875,1860.25,1875.699951171875,1875.699951171875,71814
2024-03-19,1880.0,2065.449951171875,1867.550048828125,1896.800048828125,1896.800048828125,647293
2024-03-20,1928.0,1961.25,1850.0,1856.0999755859375,1856.0999755859375,251295
2024-03-21,1890.0,1969.800048828125,1862.0,1869.25,1869.25,273565
2024-03-22,1873.8499755859375,1904.9000244140625,1865.050048828125,1869.8499755859375,1869.8499755859375,148116
2024-03-26,1850.050048828125,1850.050048828125,1786.0,1794.199951171875,1794.199951171875,335857
2024-03-27,1808.0,1858.1500244140625,1760.0,1770.5999755859375,1770.5999755859375,558875
2024-03-28,1803.949951171875,1862.949951171875,1795.6500244140625,1804.1500244140625,1804.1500244140625,318457
2024-04-01,1824.0,1866.949951171875,1824.0,1839.800048828125,1839.800048828125,146750
2024-04-02,1847.0,1852.0,1797.0999755859375,1801.949951171875,1801.949951171875,236384
2024-04-03,1805.0,1810.0,1786.199951171875,1789.6500244140625,1789.6500244140625,227866
2024-04-04,1814.6500244140625,1832.949951171875,1765.0,1790.300048828125,1790.300048828125,291628
2024-04-05,1780.050048828125,1799.300048828125,1765.0,1772.6500244140625,1772.6500244140625,229920
2024-04-08,1792.800048828125,1798.0,1745.550048828125,1750.0999755859375,1750.0999755859375,175093
2024-04-09,1759.5999755859375,1795.0,1759.5999755859375,1770.199951171875,1770.199951171875,123830
2024-04-10,1778.949951171875,1780.449951171875,1708.449951171875,1753.8499755859375,1753.8499755859375,184358
2024-04-12,1762.5,1789.25,1751.050048828125,1757.9000244140625,1757.9000244140625,102790
2024-04-15,1708.550048828125,1739.0,1675.0,1711.4000244140625,1711.4000244140625,125810
2024-04-16,1711.0,1773.6500244140625,1682.050048828125,1744.300048828125,1744.300048828125,92570
2024-04-18,1773.199951171875,1796.0,1751.25,1758.8499755859375,1758.8499755859375,130913
2024-04-19,1715.050048828125,1760.9000244140625,1706.050048828125,1747.699951171875,1747.699951171875,71353
2024-04-22,1761.0,1794.800048828125,1759.949951171875,1766.4000244140625,1766.4000244140625,108634
2024-04-23,1778.949951171875,1790.050048828125,1765.0,1771.300048828125,1771.300048828125,61942
2024-04-24,1780.5,1840.0,1778.0,1821.25,1821.25,193975
2024-04-25,1824.0,1840.9000244140625,1814.050048828125,1821.4000244140625,1821.4000244140625,89122
2024-04-26,1821.4000244140625,1821.5999755859375,1775.0,1780.8499755859375,1780.8499755859375,103082
2024-04-29,1850.0,1920.0,1819.4000244140625,1907.5,1907.5,589627
2024-04-30,1926.4000244140625,1945.0,1895.0,1904.5,1904.5,288794
2024-05-02,1924.699951171875,1990.0,1901.3499755859375,1959.800048828125,1959.800048828125,461470
2024-05-03,2050.0,2050.0,1923.449951171875,1967.6500244140625,1967.6500244140625,648318
2024-05-06,1975.0,1984.0,1890.8499755859375,1920.1500244140625,1920.1500244140625,164795
2024-05-07,1935.0,1935.0,1839.0,1846.699951171875,1846.699951171875,133434
2024-05-08,1850.0999755859375,1911.0,1810.0,1874.5999755859375,1874.5999755859375,124779
2024-05-09,1895.0,1895.0,1790.0,1802.5999755859375,1802.5999755859375,116233
2024-05-10,1815.0,1893.8499755859375,1761.0999755859375,1876.3499755859375,1876.3499755859375,156199
2024-05-13,1895.0,1895.0,1801.050048828125,1814.0999755859375,1814.0999755859375,116813
2024-05-14,1816.699951171875,1833.9000244140625,1798.25,1814.9000244140625,1814.9000244140625,98640
2024-05-15,1824.8499755859375,1855.0,1820.0,1832.25,1832.25,89216
2024-05-16,1852.0999755859375,1864.949951171875,1828.0,1839.699951171875,1839.699951171875,83989
2024-05-17,1848.5999755859375,1854.949951171875,1824.0,1833.449951171875,1833.449951171875,67057
2024-05-21,1833.5,1837.3499755859375,1804.0,1807.5999755859375,1807.5999755859375,110134
2024-05-22,1810.0,1936.5999755859375,1802.699951171875,1921.300048828125,1921.300048828125,900477
2024-05-23,1940.0,1969.9000244140625,1883.0999755859375,1901.9000244140625,1901.9000244140625,296727
2024-05-24,1920.9000244140625,2045.4000244140625,1916.050048828125,1966.4000244140625,1966.4000244140625,1149682
2024-05-27,1980.0,2142.60009765625,1967.4000244140625,2117.199951171875,2117.199951171875,2507476
2024-05-28,2140.0,2148.89990234375,2057.0,2117.14990234375,2117.14990234375,988458
2024-05-29,2124.14990234375,2124.800048828125,2056.25,2081.199951171875,2081.199951171875,355229
2024-05-30,2080.0,2110.60009765625,2031.699951171875,2039.75,2039.75,248402
2024-05-31,2039.75,2109.0,1985.0,2091.550048828125,2091.550048828125,464466
2024-06-03,2190.0,2190.0,2080.0,2094.050048828125,2094.050048828125,283014
2024-06-04,2093.0,2093.0,1800.050048828125,1939.5999755859375,1939.5999755859375,440880
2024-06-05,1950.0,1995.0,1870.0,1979.449951171875,1979.449951171875,211881
2024-06-06,2019.949951171875,2183.0,2010.0,2147.60009765625,2147.60009765625,595525
2024-06-07,2151.0,2255.0,2007.9000244140625,2024.75,2024.75,1591824
2024-06-10,2030.0,2098.0,1973.0,2043.6500244140625,2043.6500244140625,643702
2024-06-11,2100.10009765625,2119.89990234375,2050.0,2063.300048828125,2063.300048828125,293672
