Date,Open,High,Low,Close,Adj Close,Volume
2021-07-29,2111.85009765625,2534.199951171875,2111.85009765625,2312.199951171875,2307.53662109375,7860870
2021-07-30,2323.0,2380.0,2250.0,2267.85009765625,2263.2763671875,1432655
2021-08-02,2279.0,2287.699951171875,2248.0,2263.25,2258.685546875,493438
2021-08-03,2264.949951171875,2280.14990234375,2250.0,2268.199951171875,2263.625244140625,329279
2021-08-04,2268.199951171875,2274.0,2208.75,2213.10009765625,2208.63671875,349040
2021-08-05,2212.25,2215.0,2120.10009765625,2131.64990234375,2127.350830078125,303604
2021-08-06,2131.64990234375,2189.0,2110.0,2134.39990234375,2130.09521484375,236079
2021-08-09,2144.25,2156.699951171875,2060.85009765625,2079.199951171875,2075.006591796875,211519
2021-08-10,2070.0,2078.0,2017.8499755859375,2043.8499755859375,2039.7279052734375,193101
2021-08-11,2044.0,2058.0,2001.0,2011.1500244140625,2007.0938720703125,132078
2021-08-12,2034.0,2164.85009765625,2017.050048828125,2124.35009765625,2120.065673828125,382918
2021-08-13,2134.0,2196.300048828125,2131.050048828125,2158.449951171875,2154.096923828125,182102
2021-08-16,2130.0,2168.0,2061.0,2128.64990234375,2124.35693359375,99656
2021-08-17,2162.64990234375,2185.0,2128.0,2170.550048828125,2166.17236328125,153911
2021-08-18,2174.0,2230.0,2148.39990234375,2202.5,2198.057861328125,170423
2021-08-20,2180.0,2258.0,2157.35009765625,2200.0,2195.56298828125,188841
2021-08-23,2244.39990234375,2244.39990234375,2129.300048828125,2183.35009765625,2178.94677734375,87957
2021-08-24,2183.699951171875,2185.0,2120.0,2144.25,2139.925537109375,60029
2021-08-25,2090.0,2222.0,2053.25,2191.550048828125,2187.130126953125,290102
2021-08-26,2181.0,2181.0,2111.0,2138.550048828125,2134.23681640625,209220
2021-08-27,2120.0,2148.550048828125,2080.0,2085.25,2081.04443359375,221377
2021-08-30,2088.0,2128.0,2071.0,2077.25,2073.060546875,109506
2021-08-31,2088.0,2100.0,2051.0,2060.800048828125,2056.6435546875,71756
2021-09-01,2074.0,2078.89990234375,2044.0,2050.449951171875,2046.314453125,62935
2021-09-02,2054.0,2080.64990234375,2026.0,2038.9000244140625,2034.7879638671875,78604
2021-09-03,2048.0,2079.699951171875,2041.0,2048.89990234375,2044.767578125,140229
2021-09-06,2062.0,2083.0,2035.0,2039.25,2035.13720703125,103904
2021-09-07,2047.0,2099.050048828125,2031.0999755859375,2065.949951171875,2061.783447265625,124097
2021-09-08,2073.0,2073.0,2042.5,2056.39990234375,2052.25244140625,32946
2021-09-09,2041.0,2066.199951171875,2041.0,2047.0999755859375,2042.9713134765625,28814
2021-09-13,2045.9000244140625,2068.449951171875,2043.0999755859375,2053.5,2049.3583984375,32321
2021-09-14,2059.0,2065.0,2041.550048828125,2059.0,2054.84716796875,44506
2021-09-15,2064.0,2195.0,2060.0,2181.050048828125,2176.651123046875,220711
2021-09-16,2216.39990234375,2256.89990234375,2170.550048828125,2182.949951171875,2178.54736328125,170249
2021-09-17,2188.0,2188.0,2085.0,2105.14990234375,2100.904052734375,70261
2021-09-20,2080.0,2150.0,2079.64990234375,2092.64990234375,2088.429443359375,49877
2021-09-21,2083.0,2146.5,2062.550048828125,2135.60009765625,2131.29296875,54112
2021-09-22,2181.60009765625,2316.60009765625,2152.14990234375,2265.35009765625,2260.78125,444739
2021-09-23,2280.0,2355.0,2231.949951171875,2248.550048828125,2244.01513671875,215411
2021-09-24,2256.800048828125,2273.949951171875,2197.14990234375,2207.949951171875,2203.4970703125,55394
2021-09-27,2218.0,2235.0,2160.10009765625,2185.25,2180.842529296875,70392
2021-09-28,2188.0,2225.800048828125,2165.0,2210.300048828125,2205.84228515625,51609
2021-09-29,2209.699951171875,2295.0,2193.35009765625,2244.449951171875,2239.92333984375,95251
2021-09-30,2246.699951171875,2281.300048828125,2181.10009765625,2191.699951171875,2187.279541015625,82988
2021-10-01,2178.800048828125,2197.0,2142.10009765625,2154.64990234375,2150.304443359375,52643
2021-10-04,2168.800048828125,2235.0,2166.0,2200.300048828125,2195.8623046875,72425
2021-10-05,2199.0,2310.0,2156.85009765625,2250.60009765625,2246.06103515625,208603
2021-10-06,2255.0,2322.0,2225.0,2277.25,2272.6572265625,157160
2021-10-07,2293.699951171875,2345.0,2276.0,2292.699951171875,2288.076171875,125513
2021-10-08,2308.0,2398.0,2285.0,2360.64990234375,2355.888916015625,235645
2021-10-11,2370.0,2447.89990234375,2370.0,2400.199951171875,2395.359130859375,210962
2021-10-12,2389.0,2421.39990234375,2332.0,2347.699951171875,2342.965087890625,81469
2021-10-13,2359.60009765625,2363.699951171875,2292.0,2322.699951171875,2318.015380859375,86321
2021-10-14,2338.60009765625,2359.0,2305.89990234375,2326.10009765625,2321.40869140625,61622
2021-10-18,2328.0,2360.0,2260.0,2270.14990234375,2265.5712890625,50797
2021-10-19,2270.14990234375,2288.300048828125,2165.0,2184.85009765625,2180.443603515625,60814
2021-10-20,2189.89990234375,2200.449951171875,2079.0,2104.699951171875,2100.455322265625,73985
2021-10-21,2110.0,2172.0,2101.85009765625,2144.699951171875,2140.374267578125,39244
2021-10-22,2154.699951171875,2200.0,2125.0,2135.10009765625,2130.7939453125,39784
2021-10-25,2450.0,2480.0,2280.0,2312.25,2307.586669921875,540769
2021-10-26,2319.0,2662.60009765625,2273.5,2559.89990234375,2554.737060546875,529655
2021-10-27,2725.0,2807.0,2607.0,2649.449951171875,2644.106689453125,1015192
2021-10-28,2630.0,2647.0,2580.0,2596.25,2591.013916015625,193161
2021-10-29,2560.0,2664.25,2461.0,2505.0,2499.947998046875,148875
2021-11-01,2534.0,2700.0,2500.050048828125,2665.800048828125,2660.423583984375,100413
2021-11-02,2684.5,2906.0,2665.800048828125,2877.949951171875,2872.145751953125,312765
2021-11-03,2930.0,2977.800048828125,2752.10009765625,2779.0,2773.395263671875,157688
2021-11-04,2814.0,2860.0,2786.14990234375,2843.300048828125,2837.565673828125,35962
2021-11-08,2865.0,2865.0,2700.0,2755.5,2749.942626953125,49197
2021-11-09,2755.5,2827.0,2682.14990234375,2730.39990234375,2724.89306640625,70669
2021-11-10,2715.0,2770.949951171875,2650.0,2663.35009765625,2657.978515625,60943
2021-11-11,2663.35009765625,2688.0,2563.35009765625,2573.89990234375,2568.708740234375,66723
2021-11-12,2585.0,2756.0,2525.0,2725.199951171875,2719.70361328125,176939
2021-11-15,2765.0,2773.0,2655.60009765625,2678.60009765625,2673.197998046875,60232
2021-11-16,2677.699951171875,2707.949951171875,2622.25,2634.5,2629.1865234375,49200
2021-11-17,2629.89990234375,2680.0,2561.39990234375,2580.050048828125,2574.846435546875,60735
2021-11-18,2590.0,2608.300048828125,2463.25,2568.85009765625,2563.669189453125,91095
2021-11-22,2572.0,2641.85009765625,2525.0,2587.449951171875,2582.2314453125,105631
2021-11-23,2585.0,2675.0,2555.60009765625,2619.64990234375,2614.36669921875,68660
2021-11-24,2628.0,2725.0,2605.25,2626.199951171875,2620.9033203125,75085
2021-11-25,2624.0,2639.10009765625,2571.10009765625,2581.89990234375,2576.692626953125,44799
2021-11-26,2565.0,2584.0,2475.550048828125,2514.699951171875,2509.628173828125,93611
2021-11-29,2490.25,2499.949951171875,2315.550048828125,2338.550048828125,2333.83349609375,147930
2021-11-30,2378.0,2599.89990234375,2330.0,2355.64990234375,2350.89892578125,131230
2021-12-01,2398.0,2520.0,2374.699951171875,2478.5,2473.501220703125,128467
2021-12-02,2460.0,2560.0,2458.10009765625,2529.699951171875,2524.597900390625,64896
2021-12-03,2529.699951171875,2684.050048828125,2529.699951171875,2599.050048828125,2593.808349609375,231193
2021-12-06,2620.0,2630.75,2511.0,2527.800048828125,2522.7021484375,79040
2021-12-07,2589.949951171875,2603.0,2475.949951171875,2509.39990234375,2504.3388671875,56380
2021-12-08,2531.25,2550.0,2506.050048828125,2516.85009765625,2511.77392578125,32147
2021-12-09,2533.0,2545.949951171875,2452.85009765625,2490.050048828125,2485.028076171875,55129
2021-12-10,2488.0,2534.699951171875,2481.699951171875,2494.800048828125,2489.7685546875,40170
2021-12-13,2520.0,2523.5,2426.800048828125,2455.75,2450.797119140625,38154
2021-12-14,2444.699951171875,2479.949951171875,2422.050048828125,2441.550048828125,2436.625732421875,32348
2021-12-15,2426.0,2541.0,2426.0,2483.800048828125,2478.790771484375,62350
2021-12-16,2514.0,2514.0,2450.0,2454.699951171875,2449.749267578125,31297
2021-12-17,2455.0,2469.949951171875,2402.050048828125,2422.5,2417.6142578125,30722
2021-12-20,2400.0,2495.14990234375,2316.64990234375,2459.0,2454.04052734375,87036
2021-12-21,2515.0,2524.0,2470.0,2509.85009765625,2504.7880859375,54079
2021-12-22,2533.60009765625,2578.0,2517.5,2547.699951171875,2542.561767578125,83135
2021-12-23,2556.0,2567.800048828125,2488.0,2505.35009765625,2500.29736328125,64838
2021-12-24,2507.0,2536.89990234375,2461.0,2500.10009765625,2495.057861328125,29139
2021-12-27,2510.0,2555.0,2480.0,2541.64990234375,2536.523681640625,35600
2021-12-28,2558.89990234375,2558.89990234375,2525.050048828125,2544.550048828125,2539.418212890625,22133
2021-12-29,2560.0,2660.0,2539.14990234375,2590.60009765625,2585.375244140625,119994
2021-12-30,2600.0,2709.949951171875,2594.5,2666.60009765625,2661.22216796875,93064
2021-12-31,2700.0,2719.949951171875,2621.10009765625,2655.75,2650.393798828125,48777
2022-01-03,2656.0,2699.85009765625,2630.0,2639.449951171875,2634.126708984375,35056
2022-01-04,2673.699951171875,2690.0,2600.0,2614.35009765625,2609.077392578125,40623
2022-01-05,2628.60009765625,2638.75,2560.0,2575.199951171875,2570.006103515625,32074
2022-01-06,2581.0,2650.5,2549.0,2629.949951171875,2624.645751953125,44595
2022-01-07,2655.0,2669.0,2599.949951171875,2611.699951171875,2606.4326171875,32255
2022-01-10,2633.0,2653.89990234375,2582.0,2626.25,2620.953369140625,31932
2022-01-11,2629.949951171875,2669.0,2609.75,2629.449951171875,2624.14697265625,29955
2022-01-12,2655.0,2798.89990234375,2624.39990234375,2779.5,2773.894287109375,140522
2022-01-13,2800.0,2821.199951171875,2717.300048828125,2742.949951171875,2737.41796875,84977
2022-01-14,2779.0,2865.0,2740.0,2815.199951171875,2809.522216796875,80584
2022-01-17,2835.75,2958.64990234375,2803.449951171875,2868.89990234375,2863.11376953125,134195
2022-01-18,2600.0,2676.0,2598.0,2610.64990234375,2605.384765625,408371
2022-01-19,2625.0,2650.0,2551.0,2606.35009765625,2601.093505859375,94248
2022-01-20,2650.5,2664.0,2603.550048828125,2646.800048828125,2641.4619140625,50727
2022-01-21,2640.0,2640.0,2562.050048828125,2605.800048828125,2600.544677734375,49992
2022-01-24,2571.0,2598.85009765625,2413.949951171875,2446.60009765625,2441.665771484375,64974
2022-01-25,2446.60009765625,2452.800048828125,2365.0,2409.199951171875,2404.341064453125,46725
2022-01-27,2375.0,2444.60009765625,2360.0,2406.85009765625,2401.995849609375,36346
2022-01-28,2420.0,2454.800048828125,2420.0,2433.89990234375,2428.9912109375,19452
2022-01-31,2449.10009765625,2494.0,2429.800048828125,2443.75,2438.8212890625,30452
2022-02-01,2494.0,2494.0,2432.10009765625,2467.5,2462.5234375,23918
2022-02-02,2493.0,2534.699951171875,2482.75,2522.550048828125,2517.462646484375,30399
2022-02-03,2525.0,2549.699951171875,2500.0,2534.89990234375,2529.787353515625,18589
2022-02-04,2550.0,2599.89990234375,2524.35009765625,2589.0,2583.7783203125,17862
2022-02-07,2565.0,2596.10009765625,2531.0,2558.300048828125,2553.140380859375,19352
2022-02-08,2588.0,2595.0,2495.699951171875,2524.5,2519.408447265625,12335
2022-02-09,2530.0,2551.60009765625,2505.0,2518.800048828125,2513.72021484375,9235
2022-02-10,2540.0,2540.0,2461.0,2475.35009765625,2470.357666015625,16064
2022-02-11,2470.0,2470.0,2403.550048828125,2410.949951171875,2406.087646484375,12670
2022-02-14,2275.0,2365.050048828125,2261.050048828125,2300.050048828125,2295.411376953125,27577
2022-02-15,2365.0,2373.85009765625,2267.60009765625,2318.699951171875,2314.0234375,32831
2022-02-16,2375.0,2375.0,2305.10009765625,2325.35009765625,2320.66015625,22500
2022-02-17,2365.0,2391.0,2311.050048828125,2326.39990234375,2321.7080078125,24300
2022-02-18,2305.050048828125,2349.0,2292.10009765625,2310.35009765625,2305.6904296875,19763
2022-02-21,2285.0,2300.0,2221.0,2233.300048828125,2228.7958984375,19756
2022-02-22,2202.0,2206.89990234375,2141.0,2149.10009765625,2144.765625,33759
2022-02-23,2190.0,2214.89990234375,2150.0,2193.699951171875,2189.275634765625,21123
2022-02-24,2100.0,2317.050048828125,2083.0,2137.300048828125,2132.989501953125,91951
2022-02-25,2215.0,2278.35009765625,2137.10009765625,2161.949951171875,2157.589599609375,34965
2022-02-28,2142.300048828125,2150.0,2110.35009765625,2127.949951171875,2123.658203125,24331
2022-03-02,2125.0,2250.0,2123.949951171875,2205.0,2200.552978515625,29789
2022-03-03,2215.0,2260.0,2201.0,2209.300048828125,2204.84423828125,15636
2022-03-04,2203.0,2250.0,2155.85009765625,2201.60009765625,2197.159912109375,15827
2022-03-07,2184.0,2199.0,2106.050048828125,2167.550048828125,2163.178466796875,27753
2022-03-08,2152.0,2205.0,2100.0,2122.39990234375,2118.119384765625,34584
2022-03-09,2165.0,2165.0,2120.0,2135.800048828125,2131.492431640625,30977
2022-03-10,2169.0,2210.050048828125,2116.0,2122.949951171875,2118.668212890625,51636
2022-03-11,2131.0,2150.0,2115.0,2130.25,2125.95361328125,34556
2022-03-14,2139.0,2196.0,2117.64990234375,2170.800048828125,2166.421875,31877
2022-03-15,2199.949951171875,2199.949951171875,2157.550048828125,2168.949951171875,2164.575439453125,46382
2022-03-16,2185.199951171875,2283.0,2183.300048828125,2267.10009765625,2262.52783203125,55737
2022-03-17,2280.0,2333.0,2265.0,2272.300048828125,2267.71728515625,27539
2022-03-21,2294.699951171875,2329.0,2228.39990234375,2252.14990234375,2247.60791015625,31499
2022-03-22,2252.14990234375,2257.5,2218.85009765625,2226.60009765625,2222.109375,19981
2022-03-23,2239.39990234375,2344.0,2220.10009765625,2232.0,2227.498291015625,28503
2022-03-24,2234.0,2290.0,2226.5,2276.0,2271.40966796875,18719
2022-03-25,2284.699951171875,2284.699951171875,2230.0,2241.39990234375,2236.87939453125,14202
2022-03-28,2221.0,2250.0,2180.0,2219.0,2214.524658203125,22720
2022-03-29,2220.300048828125,2250.0,2190.0,2207.800048828125,2203.347412109375,22419
2022-03-30,2215.64990234375,2318.0,2206.64990234375,2301.10009765625,2296.458984375,37550
2022-03-31,2302.0,2359.949951171875,2301.5,2308.39990234375,2303.744384765625,35190
2022-04-01,2310.0,2349.550048828125,2305.25,2318.10009765625,2313.4248046875,22532
2022-04-04,2364.5,2400.050048828125,2312.10009765625,2333.949951171875,2329.24267578125,31236
2022-04-05,2360.0,2374.0,2333.85009765625,2348.199951171875,2343.464111328125,31773
2022-04-06,2345.25,2370.300048828125,2315.050048828125,2326.10009765625,2321.40869140625,20693
2022-04-07,2354.0,2468.0,2345.0,2388.300048828125,2383.4833984375,83762
2022-04-08,2410.0,2420.0,2376.300048828125,2393.699951171875,2388.872314453125,20786
2022-04-11,2393.699951171875,2479.300048828125,2391.10009765625,2431.64990234375,2426.74560546875,40476
2022-04-12,2449.0,2449.0,2375.0,2390.449951171875,2385.62890625,23877
2022-04-13,2410.0,2446.35009765625,2380.0,2401.14990234375,2396.307373046875,37917
2022-04-18,2405.0,2436.949951171875,2394.10009765625,2422.449951171875,2417.564208984375,34835
2022-04-19,2422.449951171875,2488.800048828125,2422.449951171875,2437.60009765625,2432.683837890625,26075
2022-04-20,2436.0,2498.0,2432.89990234375,2470.550048828125,2465.5673828125,41651
2022-04-21,2480.0,2514.89990234375,2480.0,2499.699951171875,2494.658447265625,20217
2022-04-22,2499.0,2500.0,2455.85009765625,2478.800048828125,2473.80078125,27792
2022-04-25,2510.0,2524.800048828125,2465.0,2501.14990234375,2496.10546875,48218
2022-04-26,2261.35009765625,2350.0,2257.300048828125,2315.050048828125,2310.381103515625,287116
2022-04-27,2315.050048828125,2347.0,2305.10009765625,2313.949951171875,2309.283203125,30920
2022-04-28,2320.0,2334.0,2288.550048828125,2310.10009765625,2305.44091796875,16744
2022-04-29,2330.0,2345.0,2308.85009765625,2319.300048828125,2314.622314453125,15745
2022-05-02,2291.0,2324.39990234375,2291.0,2312.699951171875,2308.03564453125,11882
2022-05-04,2325.0,2345.0,2273.75,2281.25,2276.649169921875,16729
2022-05-05,2281.25,2345.0,2229.14990234375,2244.10009765625,2239.57421875,9121
2022-05-06,2212.0,2220.60009765625,2179.0,2186.89990234375,2182.4892578125,10760
2022-05-09,2190.0,2219.0,2140.10009765625,2148.0,2143.66796875,10597
2022-05-10,2147.0,2190.5,2090.0,2109.35009765625,2105.095703125,12410
2022-05-11,2109.0,2109.0,2033.699951171875,2084.050048828125,2079.846923828125,165464
2022-05-12,2071.699951171875,2079.0,2039.699951171875,2062.25,2058.0908203125,50448
2022-05-13,2094.89990234375,2112.89990234375,2048.75,2058.949951171875,2054.797607421875,117532
2022-05-16,2099.0,2109.949951171875,2040.050048828125,2065.14990234375,2060.98486328125,7473
2022-05-17,2099.0,2259.89990234375,2068.550048828125,2229.550048828125,2225.053466796875,26291
2022-05-18,2229.0,2330.0,2178.85009765625,2275.85009765625,2271.26025390625,86226
2022-05-19,2200.0,2237.35009765625,2180.10009765625,2189.699951171875,2185.28369140625,8685
2022-05-20,2223.0,2238.35009765625,2180.199951171875,2197.449951171875,2193.01806640625,5327
2022-05-23,2197.449951171875,2214.85009765625,2170.0,2171.25,2166.870849609375,3459
2022-05-24,2200.0,2225.0,2132.550048828125,2147.35009765625,2143.019287109375,5311
2022-05-25,2150.0,2198.39990234375,2117.10009765625,2146.39990234375,2142.071044921875,5179
2022-05-26,2174.699951171875,2201.14990234375,2075.0,2133.050048828125,2128.748046875,9010
2022-05-27,2150.0,2224.0,2144.89990234375,2191.85009765625,2187.429443359375,7736
2022-05-30,2224.85009765625,2333.949951171875,2214.0,2298.199951171875,2293.56494140625,13898
2022-05-31,2298.199951171875,2345.0,2268.35009765625,2324.0,2319.31298828125,6307
2022-06-01,2325.0,2342.85009765625,2285.050048828125,2322.5,2317.81591796875,6525
2022-06-02,2320.0,2417.699951171875,2302.35009765625,2397.35009765625,2392.51513671875,15389
2022-06-03,2438.0,2440.0,2302.0,2316.89990234375,2312.22705078125,10397
2022-06-06,2314.949951171875,2370.0,2277.050048828125,2355.5,2350.749267578125,7961
2022-06-07,2348.89990234375,2350.0,2307.800048828125,2335.25,2330.5400390625,6190
2022-06-08,2339.85009765625,2376.0,2307.14990234375,2355.199951171875,2350.449951171875,6416
2022-06-09,2320.10009765625,2380.0,2320.10009765625,2366.800048828125,2362.02685546875,9922
2022-06-10,2350.14990234375,2395.0,2336.14990234375,2379.550048828125,2374.7509765625,8044
2022-06-13,2335.0,2355.0,2253.300048828125,2268.89990234375,2264.323974609375,10071
2022-06-14,2243.699951171875,2277.35009765625,2200.10009765625,2209.550048828125,2205.09375,6146
2022-06-15,2242.699951171875,2242.699951171875,2185.0,2197.699951171875,2193.267578125,4057
2022-06-16,2211.0,2237.14990234375,2136.449951171875,2144.14990234375,2139.825439453125,5470
2022-06-17,2144.14990234375,2222.0,2096.5,2179.75,2175.353759765625,8477
2022-06-20,2175.0,2217.14990234375,2105.550048828125,2131.89990234375,2127.60009765625,57311
2022-06-21,2169.0,2169.0,2122.85009765625,2163.25,2158.88720703125,13866
2022-06-22,2180.0,2180.0,2104.949951171875,2133.449951171875,2129.147216796875,14191
2022-06-23,2112.25,2345.0,2112.25,2226.10009765625,2221.6103515625,22284
2022-06-24,2236.0,2305.0,2212.550048828125,2299.35009765625,2294.712646484375,8721
2022-06-27,2320.0,2331.550048828125,2280.0,2290.050048828125,2285.431396484375,5721
2022-06-28,2274.0,2321.949951171875,2250.0,2318.14990234375,2313.474609375,4663
2022-06-29,2299.949951171875,2324.550048828125,2285.0,2304.89990234375,2300.251220703125,4970
2022-06-30,2304.89990234375,2357.0,2304.89990234375,2343.60009765625,2338.87353515625,6333
2022-07-01,2344.0,2344.0,2290.199951171875,2302.10009765625,2297.45703125,3198
2022-07-04,2300.0,2319.35009765625,2285.0,2303.89990234375,2299.253173828125,1978
2022-07-05,2305.0,2349.0,2305.0,2320.449951171875,2315.77001953125,4083
2022-07-06,2320.449951171875,2360.0,2299.949951171875,2353.14990234375,2348.404052734375,6860
2022-07-07,2374.0,2423.14990234375,2342.050048828125,2352.5,2347.75537109375,7983
2022-07-08,2387.800048828125,2387.800048828125,2301.60009765625,2314.25,2309.582763671875,3162
2022-07-11,2330.0,2386.35009765625,2316.35009765625,2374.35009765625,2369.5615234375,6497
2022-07-12,2380.0,2384.25,2352.699951171875,2361.800048828125,2357.036865234375,4802
2022-07-13,2346.050048828125,2376.800048828125,2346.050048828125,2367.25,2362.4755859375,2888
2022-07-14,2395.0,2399.0,2340.0,2388.300048828125,2383.4833984375,6472
2022-07-15,2366.0,2402.449951171875,2366.0,2388.449951171875,2383.6328125,4305
2022-07-18,2402.0,2466.0,2381.300048828125,2430.449951171875,2425.548095703125,13845
2022-07-19,2450.0,2450.0,2389.0,2403.199951171875,2398.35302734375,17924
2022-07-20,2412.949951171875,2435.0,2405.0,2416.0,2411.127197265625,5977
2022-07-21,2411.0,2419.0,2357.0,2365.39990234375,2360.62939453125,9137
2022-07-22,2389.0,2394.550048828125,2350.0,2365.300048828125,2360.529541015625,4732
2022-07-25,2365.0,2389.89990234375,2351.0,2370.5,2365.718994140625,5292
2022-07-26,2222.199951171875,2275.0,2160.0,2258.300048828125,2253.74560546875,133469
2022-07-27,2230.0,2295.0,2230.0,2269.25,2264.67333984375,16353
2022-07-28,2280.0,2317.050048828125,2268.39990234375,2288.64990234375,2284.0341796875,13196
2022-07-29,2245.25,2380.050048828125,2185.0,2317.199951171875,2312.526611328125,38116
2022-08-01,2300.050048828125,2339.0,2281.10009765625,2297.60009765625,2292.96630859375,16363
2022-08-02,2306.699951171875,2334.5,2292.300048828125,2314.85009765625,2310.181640625,7016
2022-08-03,2300.10009765625,2319.949951171875,2289.0,2294.5,2289.872314453125,3083
2022-08-04,2312.800048828125,2330.550048828125,2281.25,2321.5,2316.81787109375,7567
2022-08-05,2315.0,2352.75,2312.10009765625,2330.39990234375,2325.699951171875,14548
2022-08-08,2345.0,2363.699951171875,2316.0,2346.0,2341.2685546875,8623
2022-08-10,2374.0,2394.949951171875,2343.60009765625,2352.199951171875,2347.4560546875,5803
2022-08-11,2351.0,2437.0,2351.0,2410.0,2405.139404296875,12220
2022-08-12,2434.0,2440.0,2400.0,2430.300048828125,2425.398681640625,8581
2022-08-16,2401.0,2434.199951171875,2380.0,2384.5,2379.69091796875,6890
2022-08-17,2384.5,2403.89990234375,2366.0,2368.10009765625,2363.323974609375,5222
2022-08-18,2368.10009765625,2390.10009765625,2359.050048828125,2366.0,2361.228271484375,5739
2022-08-19,2366.0,2387.199951171875,2350.0,2362.64990234375,2357.884765625,6518
2022-08-22,2360.0,2378.25,2302.0,2310.14990234375,2305.49072265625,10197
2022-08-23,2381.0,2381.25,2316.25,2344.550048828125,2339.821533203125,6255
2022-08-24,2360.0,2367.39990234375,2340.050048828125,2350.5,2345.759521484375,5909
2022-08-25,2352.0,2430.0,2352.0,2413.64990234375,2408.781982421875,24054
2022-08-26,2439.35009765625,2464.0,2415.89990234375,2422.550048828125,2417.6640625,8934
2022-08-29,2326.0,2439.949951171875,2326.0,2401.85009765625,2397.005859375,9270
2022-08-30,2425.0,2481.0,2405.0,2439.35009765625,2434.43017578125,15354
2022-09-01,2410.0,2499.0,2410.0,2464.949951171875,2459.978515625,19855
2022-09-02,2480.0,2480.0,2435.0,2440.85009765625,2435.927490234375,4958
2022-09-05,2456.60009765625,2488.10009765625,2439.14990234375,2466.39990234375,2461.425537109375,5263
2022-09-06,2479.0,2533.0,2439.85009765625,2495.949951171875,2490.916015625,22690
2022-09-07,2485.949951171875,2555.0,2475.949951171875,2513.800048828125,2508.730224609375,32506
2022-09-08,2517.0,2542.0,2435.0,2471.449951171875,2468.429443359375,8719
2022-09-09,2493.0,2517.85009765625,2475.0,2482.39990234375,2479.365966796875,5678
2022-09-12,2482.39990234375,2542.0,2461.699951171875,2469.050048828125,2466.032470703125,17930
2022-09-13,2506.10009765625,2506.10009765625,2462.800048828125,2473.35009765625,2470.3271484375,6756
2022-09-14,2423.0,2500.0,2383.449951171875,2416.89990234375,2413.946044921875,17046
2022-09-15,2436.0,2550.0,2435.449951171875,2531.949951171875,2528.85546875,25150
2022-09-16,2550.0,2638.050048828125,2475.050048828125,2501.800048828125,2498.742431640625,64511
2022-09-19,2539.0,2555.949951171875,2464.89990234375,2535.300048828125,2532.201416015625,10549
2022-09-20,2560.0,2575.449951171875,2525.0,2551.35009765625,2548.23193359375,7672
2022-09-21,2550.0,2593.5,2534.050048828125,2581.35009765625,2578.195068359375,14435
2022-09-22,2582.0,2650.0,2560.10009765625,2584.35009765625,2581.19140625,13921
2022-09-23,2600.0,2650.0,2518.89990234375,2552.300048828125,2549.1806640625,12655
2022-09-26,2522.0,2529.949951171875,2430.0,2466.89990234375,2463.884765625,9186
2022-09-27,2451.0,2549.0,2450.0,2516.699951171875,2513.6240234375,8177
2022-09-28,2531.0,2549.0,2460.14990234375,2515.25,2512.17578125,8644
2022-09-29,2624.199951171875,2624.199951171875,2457.0,2503.89990234375,2500.839599609375,11121
2022-09-30,2498.85009765625,2525.050048828125,2465.050048828125,2517.14990234375,2514.073486328125,4353
2022-10-03,2482.0,2535.5,2475.0,2483.25,2480.215087890625,5232
2022-10-04,2490.0,2560.0,2477.5,2489.89990234375,2486.856689453125,5434
2022-10-06,2493.0,2555.0,2476.60009765625,2528.050048828125,2524.960205078125,8579
2022-10-07,2545.0,2548.800048828125,2499.89990234375,2519.0,2515.92138671875,4544
2022-10-10,2482.0,2520.0,2480.0,2489.699951171875,2486.656982421875,3430
2022-10-11,2491.0,2509.300048828125,2472.0,2479.75,2476.71923828125,2930
2022-10-12,2480.5,2502.0,2424.800048828125,2486.0,2482.961669921875,6021
2022-10-13,2489.5,2510.0,2480.0,2498.10009765625,2495.046875,3001
2022-10-14,2530.0,2530.0,2457.35009765625,2489.60009765625,2486.557373046875,4602
2022-10-17,2489.60009765625,2504.949951171875,2450.0,2460.64990234375,2457.642578125,3774
2022-10-18,2453.14990234375,2511.0,2453.14990234375,2502.75,2499.691162109375,4336
2022-10-19,2502.75,2525.800048828125,2475.0,2489.0,2485.9580078125,4466
2022-10-20,2489.0,2489.949951171875,2453.949951171875,2462.64990234375,2459.64013671875,2512
2022-10-21,2450.0,2477.699951171875,2395.0,2413.39990234375,2410.4501953125,10364
2022-10-24,2413.0,2464.949951171875,2413.0,2435.25,2432.273681640625,1417
2022-10-25,2435.25,2437.699951171875,2412.050048828125,2430.550048828125,2427.579345703125,3283
2022-10-27,2430.550048828125,2470.0,2430.0,2456.5,2453.497802734375,5818
2022-10-28,2440.0,2454.949951171875,2410.199951171875,2412.85009765625,2409.901123046875,3625
2022-10-31,2415.5,2436.949951171875,2361.0,2405.949951171875,2403.009521484375,7326
2022-11-01,2405.0,2443.85009765625,2375.449951171875,2415.949951171875,2412.997314453125,6472
2022-11-02,2449.0,2467.5,2410.050048828125,2444.300048828125,2441.312744140625,4015
2022-11-03,2467.0,2479.64990234375,2427.449951171875,2463.550048828125,2460.5390625,3350
2022-11-04,2478.89990234375,2500.0,2410.800048828125,2490.14990234375,2487.1064453125,10923
2022-11-07,2301.0,2338.85009765625,2274.89990234375,2330.050048828125,2327.202392578125,72614
2022-11-09,2320.0,2345.050048828125,2302.0,2320.10009765625,2317.264404296875,15180
2022-11-10,2302.300048828125,2340.550048828125,2298.0,2301.800048828125,2298.98681640625,5063
2022-11-11,2371.0,2450.0,2311.199951171875,2439.0,2436.01904296875,37227
2022-11-14,2410.5,2469.550048828125,2394.050048828125,2430.699951171875,2427.729248046875,22794
2022-11-15,2430.699951171875,2498.0,2395.0,2486.64990234375,2483.61083984375,16928
2022-11-16,2486.0,2498.949951171875,2451.10009765625,2470.550048828125,2467.530517578125,10039
2022-11-17,2470.0,2489.39990234375,2430.0,2443.449951171875,2440.463623046875,32503
2022-11-18,2452.0,2458.949951171875,2375.0,2378.25,2375.34326171875,6637
2022-11-21,2378.25,2423.64990234375,2335.5,2344.35009765625,2341.48486328125,6137
2022-11-22,2342.5,2362.14990234375,2285.60009765625,2302.39990234375,2299.5859375,7769
2022-11-23,2313.0,2315.0,2295.10009765625,2305.39990234375,2302.582275390625,6609
2022-11-24,2300.0,2318.550048828125,2290.10009765625,2299.0,2296.190185546875,6634
2022-11-25,2298.0,2327.64990234375,2285.050048828125,2289.60009765625,2286.8017578125,5488
2022-11-28,2289.60009765625,2297.5,2243.0,2244.85009765625,2242.1064453125,12364
2022-11-29,2244.85009765625,2256.550048828125,2215.0,2224.199951171875,2221.4814453125,8222
2022-11-30,2224.199951171875,2265.0,2201.0,2224.89990234375,2222.1806640625,115672
2022-12-01,2207.0,2263.0,2207.0,2237.89990234375,2235.164794921875,7012
2022-12-02,2234.550048828125,2287.699951171875,2232.10009765625,2252.449951171875,2249.697021484375,6809
2022-12-05,2258.0,2290.550048828125,2252.449951171875,2260.14990234375,2257.387451171875,5785
2022-12-06,2230.0,2268.800048828125,2230.0,2247.60009765625,2244.85302734375,3859
2022-12-07,2247.60009765625,2282.0,2247.60009765625,2254.14990234375,2251.394775390625,4494
2022-12-08,2274.89990234375,2274.89990234375,2250.0,2253.800048828125,2251.04541015625,3045
2022-12-09,2269.10009765625,2269.10009765625,2240.0,2245.60009765625,2242.85546875,1976
2022-12-12,2236.050048828125,2270.949951171875,2225.0,2244.550048828125,2241.806884765625,6867
2022-12-13,2233.0,2305.949951171875,2233.0,2276.800048828125,2274.017333984375,6872
2022-12-14,2290.0,2323.0,2278.89990234375,2289.60009765625,2286.8017578125,5366
2022-12-15,2275.199951171875,2318.5,2266.0,2313.300048828125,2310.47265625,5072
2022-12-16,2290.0,2313.64990234375,2157.64990234375,2181.85009765625,2179.183349609375,25363
2022-12-19,2200.0,2220.0,2150.0,2197.699951171875,2195.013916015625,4288
2022-12-20,2176.0,2215.699951171875,2176.0,2202.050048828125,2199.358642578125,15198
2022-12-21,2180.050048828125,2219.35009765625,2165.25,2199.25,2196.56201171875,9695
2022-12-22,2220.0,2220.0,2131.050048828125,2154.85009765625,2152.216552734375,22534
2022-12-23,2154.800048828125,2154.800048828125,1955.6500244140625,2045.6500244140625,2043.14990234375,20907
2022-12-26,2080.949951171875,2137.60009765625,2051.60009765625,2079.949951171875,2077.407958984375,4618
2022-12-27,2119.0,2137.89990234375,2105.0,2127.550048828125,2124.94970703125,2115
2022-12-28,2120.0,2140.0,2109.050048828125,2120.89990234375,2118.307861328125,2681
2022-12-29,2100.0,2145.0,2100.0,2137.89990234375,2135.286865234375,3953
2022-12-30,2126.0,2179.949951171875,2126.0,2150.64990234375,2148.021484375,2009
2023-01-02,2145.0,2186.60009765625,2145.0,2150.300048828125,2147.671875,5667
2023-01-03,2150.0,2160.0,2122.5,2143.199951171875,2140.58056640625,27572
2023-01-04,2132.0,2161.60009765625,2107.14990234375,2110.75,2108.170166015625,3332
2023-01-05,2110.75,2121.10009765625,2076.10009765625,2087.64990234375,2085.098388671875,2822
2023-01-06,2119.0,2120.89990234375,2075.0,2080.800048828125,2078.2568359375,1824
2023-01-09,2135.0,2135.0,2085.0,2127.39990234375,2124.7998046875,3773
2023-01-10,2137.0,2149.89990234375,2106.10009765625,2138.800048828125,2136.18603515625,3564
2023-01-11,2138.800048828125,2145.0,2106.0,2131.449951171875,2128.844970703125,2455
2023-01-12,2120.0,2125.60009765625,2107.050048828125,2118.64990234375,2116.060546875,1518
2023-01-13,2120.050048828125,2156.0,2114.10009765625,2150.60009765625,2147.9716796875,3097
2023-01-16,2129.10009765625,2150.550048828125,2125.0,2128.85009765625,2126.248291015625,2318
2023-01-17,2165.949951171875,2165.949951171875,2130.14990234375,2152.39990234375,2149.769287109375,2732
2023-01-18,2179.0,2181.0,2164.0,2175.75,2173.0908203125,2260
2023-01-19,2182.0,2192.0,2165.10009765625,2176.89990234375,2174.2392578125,2325
2023-01-20,2176.949951171875,2188.949951171875,2160.0,2177.699951171875,2175.038330078125,1773
2023-01-23,2161.449951171875,2173.0,2140.0,2144.199951171875,2141.579345703125,1563
2023-01-24,2150.0,2184.800048828125,2140.25,2171.25,2168.59619140625,3920
2023-01-25,2066.0,2131.199951171875,2064.14990234375,2079.449951171875,2076.908447265625,16986
2023-01-27,2104.949951171875,2104.949951171875,2055.0,2071.14990234375,2068.61865234375,3822
2023-01-30,2071.14990234375,2108.39990234375,2050.0,2052.699951171875,2050.191162109375,2910
2023-01-31,2083.5,2083.60009765625,2056.550048828125,2074.89990234375,2072.364013671875,53268
2023-02-01,2081.89990234375,2104.39990234375,2061.5,2071.800048828125,2069.267822265625,2890
2023-02-02,2101.60009765625,2101.60009765625,2055.050048828125,2058.199951171875,2055.684326171875,2710
2023-02-03,2058.14990234375,2065.39990234375,2030.0,2051.25,2048.742919921875,6014
2023-02-06,2050.0,2061.10009765625,2029.949951171875,2042.25,2039.7540283203125,2633
2023-02-07,2025.0,2066.0,1990.0,1999.1500244140625,1996.7066650390625,9017
2023-02-08,1990.0,2010.0,1973.300048828125,1993.699951171875,1991.2633056640625,14251
2023-02-09,2003.699951171875,2006.949951171875,1989.050048828125,2000.0,1997.5556640625,8209
2023-02-10,2004.0,2010.25,1990.0999755859375,2000.550048828125,1998.10498046875,2820
2023-02-13,2010.0,2010.0,1984.0,1992.5,1990.0648193359375,2790
2023-02-14,1999.9000244140625,1999.9000244140625,1970.0,1977.6500244140625,1975.23291015625,1715
2023-02-15,1974.949951171875,1981.449951171875,1956.0,1963.550048828125,1961.1502685546875,3360
2023-02-16,1955.0,1978.550048828125,1900.0,1914.5999755859375,1912.260009765625,11770
2023-02-17,1900.0,1990.9000244140625,1900.0,1985.800048828125,1983.373046875,10150
2023-02-20,1992.0,2005.449951171875,1949.8499755859375,1967.199951171875,1964.795654296875,4167
2023-02-21,1960.0,1973.800048828125,1925.4000244140625,1960.550048828125,1958.1539306640625,8201
2023-02-22,1961.0,1961.949951171875,1901.0,1906.1500244140625,1903.8203125,5729
2023-02-23,1906.1500244140625,1976.800048828125,1889.949951171875,1960.5999755859375,1958.2037353515625,6671
2023-02-24,1980.199951171875,1985.0,1891.050048828125,1906.0999755859375,1903.7703857421875,9955
2023-02-27,1900.0,1906.050048828125,1880.0,1884.050048828125,1881.7474365234375,3631
2023-02-28,1884.050048828125,1938.4000244140625,1871.0,1916.5,1914.15771484375,8596
2023-03-01,1916.5,1930.5,1900.0999755859375,1909.699951171875,1907.365966796875,4280
2023-03-02,1890.0,1915.949951171875,1885.0,1893.0999755859375,1890.7862548828125,3758
2023-03-03,1893.0999755859375,1901.0,1880.3499755859375,1883.199951171875,1880.8983154296875,3836
2023-03-06,1883.199951171875,1890.0,1871.5,1874.449951171875,1872.1590576171875,4693
2023-03-08,1879.5,1879.5,1859.949951171875,1868.550048828125,1866.266357421875,9038
2023-03-09,1874.449951171875,1874.5,1860.050048828125,1867.800048828125,1865.5172119140625,5039
2023-03-10,1871.0,1872.0,1825.199951171875,1853.8499755859375,1851.584228515625,13495
2023-03-13,1856.949951171875,1856.949951171875,1810.0,1815.300048828125,1813.0814208984375,5669
2023-03-14,1809.0,1829.0,1788.300048828125,1819.550048828125,1817.326171875,11443
2023-03-15,1840.0,1851.0,1795.050048828125,1802.300048828125,1800.0972900390625,2840
2023-03-16,1786.0,1803.6500244140625,1775.949951171875,1778.5999755859375,1776.4261474609375,3617
2023-03-17,1798.949951171875,1800.0,1770.0,1773.5,1771.3323974609375,3637
2023-03-20,1750.0,1777.6500244140625,1719.949951171875,1755.0999755859375,1752.9549560546875,10188
2023-03-21,1755.0999755859375,1755.0999755859375,1691.199951171875,1739.699951171875,1737.57373046875,16566
2023-03-22,1739.699951171875,1748.699951171875,1711.0999755859375,1732.75,1730.6322021484375,10503
2023-03-23,1740.0,1740.0,1707.0,1710.6500244140625,1708.559326171875,3494
2023-03-24,1735.0,1735.5999755859375,1700.0,1704.199951171875,1702.1170654296875,9169
2023-03-27,1704.199951171875,1709.9000244140625,1644.949951171875,1663.449951171875,1661.4168701171875,17168
2023-03-28,1646.1500244140625,1666.0,1601.0,1620.6500244140625,1618.6693115234375,6675
2023-03-29,1619.949951171875,1654.5,1605.300048828125,1637.5999755859375,1635.5985107421875,21539
2023-03-31,1660.0,1691.199951171875,1635.0,1669.050048828125,1667.0101318359375,18217
2023-04-03,1690.0,1698.949951171875,1670.300048828125,1689.6500244140625,1687.5849609375,13666
2023-04-05,1689.6500244140625,1715.0,1675.800048828125,1680.0999755859375,1678.0465087890625,35708
2023-04-06,1725.0,1734.699951171875,1627.0,1671.199951171875,1669.157470703125,19687
2023-04-10,1710.0,1710.0,1635.0,1638.8499755859375,1636.846923828125,25325
2023-04-11,1670.0,1670.050048828125,1634.75,1650.0999755859375,1648.083251953125,47125
2023-04-12,1640.800048828125,1667.800048828125,1635.050048828125,1650.0,1647.9833984375,28774
2023-04-13,1658.949951171875,1658.949951171875,1642.0999755859375,1647.0999755859375,1645.0869140625,5645
2023-04-17,1647.0,1647.0,1626.3499755859375,1640.5999755859375,1638.5948486328125,8088
2023-04-18,1660.949951171875,1690.550048828125,1648.050048828125,1664.0,1661.96630859375,46919
2023-04-19,1667.0,1667.0,1633.550048828125,1640.199951171875,1638.1953125,7896
2023-04-20,1664.800048828125,1670.0,1626.550048828125,1640.949951171875,1638.9443359375,6699
2023-04-21,1641.0,1653.800048828125,1614.0,1633.800048828125,1631.80322265625,13827
2023-04-24,1650.0,1650.0,1617.6500244140625,1636.5,1634.4998779296875,3463
2023-04-25,1640.0,1641.0,1631.8499755859375,1635.75,1633.7508544921875,3431
2023-04-26,1650.0,1650.0,1610.0999755859375,1622.800048828125,1620.816650390625,36219
2023-04-27,1631.25,1698.0,1623.050048828125,1684.300048828125,1682.241455078125,17277
2023-04-28,1683.949951171875,1751.0999755859375,1674.050048828125,1734.5999755859375,1732.47998046875,112357
2023-05-02,1759.949951171875,1768.25,1694.0,1703.8499755859375,1701.767578125,19047
2023-05-03,1685.0,1700.0,1678.0,1683.050048828125,1680.9930419921875,11901
2023-05-04,1703.0,1851.3499755859375,1685.0,1834.699951171875,1832.4576416015625,80139
2023-05-05,1840.0,1846.0,1784.0,1829.0999755859375,1826.864501953125,28598
2023-05-08,1775.0,1795.8499755859375,1669.0,1680.75,1678.69580078125,97756
2023-05-09,1697.0,1702.449951171875,1658.0,1660.6500244140625,1658.620361328125,27731
2023-05-10,1660.6500244140625,1672.5,1650.0,1654.5,1652.4779052734375,15113
2023-05-11,1675.0,1675.0,1624.0,1626.949951171875,1624.9615478515625,22367
2023-05-12,1632.0,1639.6500244140625,1620.0,1624.3499755859375,1622.36474609375,14706
2023-05-15,1634.0,1654.949951171875,1620.0,1627.199951171875,1625.211181640625,14699
2023-05-16,1639.800048828125,1685.0,1625.0999755859375,1640.199951171875,1638.1953125,26099
2023-05-17,1655.0,1657.0,1625.0,1639.050048828125,1637.0467529296875,8560
2023-05-18,1641.0,1655.949951171875,1621.0,1623.0,1621.016357421875,9566
2023-05-19,1624.0,1704.0,1624.0,1660.0999755859375,1658.071044921875,24464
2023-05-22,1679.949951171875,1679.949951171875,1615.0,1624.25,1622.264892578125,16007
2023-05-23,1624.199951171875,1639.949951171875,1600.550048828125,1613.6500244140625,1611.6778564453125,15064
2023-05-24,1615.5,1633.0,1615.0,1619.050048828125,1617.0712890625,7656
2023-05-25,1630.0,1631.6500244140625,1614.050048828125,1628.699951171875,1626.7093505859375,9739
2023-05-26,1635.0,1666.5,1628.0999755859375,1660.5,1658.4705810546875,19366
2023-05-29,1680.0,1688.0,1644.0,1646.5,1644.4876708984375,11751
2023-05-30,1655.0,1675.0,1648.550048828125,1665.6500244140625,1663.6142578125,9104
2023-05-31,1670.0,1671.0,1645.0,1657.949951171875,1655.923583984375,24243
2023-06-01,1659.0,1670.9000244140625,1651.050048828125,1654.3499755859375,1652.3280029296875,7664
2023-06-02,1669.949951171875,1669.949951171875,1645.5,1650.800048828125,1648.782470703125,6709
2023-06-05,1652.550048828125,1668.949951171875,1646.0,1649.5,1647.4840087890625,10429
2023-06-06,1649.5,1660.0,1641.949951171875,1647.1500244140625,1645.1368408203125,10649
2023-06-07,1661.0,1749.0,1652.5,1725.0,1722.8917236328125,94434
2023-06-08,1727.0,1769.8499755859375,1709.0,1719.8499755859375,1717.748046875,38308
2023-06-09,1721.0,1742.300048828125,1712.199951171875,1732.699951171875,1730.582275390625,13264
2023-06-12,1742.300048828125,1798.1500244140625,1727.699951171875,1774.9000244140625,1772.730712890625,41479
2023-06-13,1808.949951171875,1808.949951171875,1757.050048828125,1783.699951171875,1781.5198974609375,10816
2023-06-14,1797.0,1799.300048828125,1760.050048828125,1786.3499755859375,1784.166748046875,23178
2023-06-15,1770.0,1796.0,1755.0,1765.25,1763.092529296875,15624
2023-06-16,1767.1500244140625,1790.0,1758.9000244140625,1783.300048828125,1781.1204833984375,9647
2023-06-19,1783.300048828125,1789.949951171875,1756.199951171875,1773.550048828125,1771.3824462890625,10956
2023-06-20,1780.0,1835.0,1773.550048828125,1829.5999755859375,1827.3638916015625,31245
2023-06-21,1837.949951171875,1848.699951171875,1788.0999755859375,1794.6500244140625,1792.4566650390625,18867
2023-06-22,1794.0,1835.0,1792.0,1824.300048828125,1822.0704345703125,16866
2023-06-23,1834.0,1848.699951171875,1795.0,1809.0,1806.7890625,19264
2023-06-26,1809.0,1835.0,1801.0,1822.75,1820.522216796875,8702
2023-06-27,1841.0,1854.9000244140625,1811.050048828125,1818.050048828125,1815.8280029296875,16133
2023-06-28,1845.300048828125,1845.300048828125,1798.800048828125,1800.8499755859375,1798.6490478515625,8860
2023-06-30,1810.0,1887.949951171875,1798.050048828125,1843.25,1840.9971923828125,37812
2023-07-03,1855.0,1875.0999755859375,1800.0,1817.300048828125,1815.0789794921875,15290
2023-07-04,1844.550048828125,1844.550048828125,1777.0,1785.4000244140625,1783.2178955078125,10657
2023-07-05,1812.199951171875,1816.449951171875,1755.050048828125,1765.25,1763.092529296875,10367
2023-07-06,1791.699951171875,1795.949951171875,1768.0,1770.25,1768.08642578125,10987
2023-07-07,1818.0,1844.0,1784.1500244140625,1795.1500244140625,1792.9560546875,24949
2023-07-10,1801.949951171875,1820.0,1755.050048828125,1774.4000244140625,1772.2313232421875,8288
2023-07-11,1808.75,1825.0,1775.0,1780.449951171875,1778.27392578125,12677
2023-07-12,1850.0,1850.0,1750.0,1756.75,1754.6029052734375,29032
2023-07-13,1756.75,1775.0,1690.050048828125,1697.25,1695.1756591796875,38949
2023-07-14,1714.949951171875,1728.0,1698.0999755859375,1715.0999755859375,1713.0037841796875,9228
2023-07-17,1715.0999755859375,1745.0,1693.050048828125,1699.1500244140625,1697.0733642578125,13939
2023-07-18,1705.0,1714.9000244140625,1685.949951171875,1690.050048828125,1687.9844970703125,7804
2023-07-19,1697.25,1710.0,1648.0,1649.800048828125,1647.78369140625,23656
2023-07-20,1660.949951171875,1682.0,1653.800048828125,1662.0999755859375,1660.068603515625,11998
2023-07-21,1678.699951171875,1698.0,1609.4000244140625,1645.5,1643.4888916015625,18381
2023-07-24,1661.9000244140625,1696.9000244140625,1645.5,1679.0999755859375,1677.0478515625,10931
2023-07-25,1696.0,1696.0,1642.199951171875,1644.5,1642.4901123046875,13902
2023-07-26,1665.0,1665.0,1638.0,1640.800048828125,1638.794677734375,10577
2023-07-27,1645.0,1675.800048828125,1618.3499755859375,1620.050048828125,1618.070068359375,18557
2023-07-28,1636.949951171875,1649.3499755859375,1620.0,1628.9000244140625,1626.9091796875,14818
2023-07-31,1649.9000244140625,1657.4000244140625,1627.9000244140625,1642.050048828125,1640.0430908203125,17414
2023-08-01,1656.0,1685.0,1648.25,1656.75,1654.72509765625,21660
2023-08-02,1680.0,1683.949951171875,1656.050048828125,1671.449951171875,1669.4071044921875,14108
2023-08-03,1670.0,1698.0,1661.0,1690.25,1688.1842041015625,13504
2023-08-04,1710.0,1720.0,1650.0,1677.5999755859375,1675.5496826171875,24638
2023-08-07,1705.0,1747.0,1683.25,1688.0,1685.9368896484375,55898
2023-08-08,1699.949951171875,1699.949951171875,1672.0,1675.699951171875,1673.6519775390625,14381
2023-08-09,1679.949951171875,1697.949951171875,1673.0,1684.550048828125,1682.4912109375,6197
2023-08-10,1690.0,1705.0,1680.0999755859375,1690.75,1688.68359375,15891
2023-08-11,1673.050048828125,1725.050048828125,1673.0,1694.5999755859375,1692.52880859375,59389
2023-08-14,1694.5999755859375,1739.0,1685.0,1736.199951171875,1734.0780029296875,27247
2023-08-16,1744.0,1744.0,1710.1500244140625,1729.3499755859375,1727.236328125,12242
2023-08-17,1738.0,1738.0,1700.0,1712.050048828125,1709.9576416015625,8810
2023-08-18,1706.25,1730.0,1695.199951171875,1721.300048828125,1719.1962890625,13016
2023-08-21,1721.300048828125,1731.949951171875,1666.0,1677.1500244140625,1675.1002197265625,43593
2023-08-22,1695.0,1695.0,1647.050048828125,1670.699951171875,1668.6580810546875,14462
2023-08-23,1679.9000244140625,1689.0,1667.5999755859375,1684.8499755859375,1682.790771484375,7661
2023-08-24,1684.75,1724.550048828125,1684.75,1716.800048828125,1714.7017822265625,24827
2023-08-25,1706.0,1767.0,1706.0,1740.3499755859375,1738.222900390625,55343
2023-08-28,1759.449951171875,1759.449951171875,1700.0,1720.9000244140625,1718.7967529296875,15797
2023-08-29,1725.0,1765.0,1725.0,1759.550048828125,1757.3995361328125,29243
2023-08-30,1769.0,1769.949951171875,1740.0,1757.550048828125,1755.4019775390625,20555
2023-08-31,1772.4000244140625,1772.4000244140625,1680.3499755859375,1723.0999755859375,1720.9940185546875,61630
2023-09-01,1750.0999755859375,1750.0999755859375,1710.0,1722.1500244140625,1720.045166015625,25660
2023-09-04,1746.949951171875,1752.949951171875,1724.8499755859375,1738.9000244140625,1736.7747802734375,13107
2023-09-05,1740.800048828125,1748.949951171875,1710.0,1714.5999755859375,1712.50439453125,21300
2023-09-06,1690.0,1720.0,1647.0,1654.1500244140625,1652.1282958984375,385548
2023-09-07,1668.949951171875,1680.0,1633.0,1636.4000244140625,1634.4000244140625,121751
2023-09-08,1640.0,1659.0,1628.0999755859375,1649.800048828125,1649.800048828125,170142
2023-09-11,1659.0,1686.0,1658.800048828125,1679.199951171875,1679.199951171875,85495
2023-09-12,1687.4000244140625,1687.4000244140625,1640.0,1653.050048828125,1653.050048828125,67332
2023-09-13,1652.949951171875,1670.0,1635.0,1645.0999755859375,1645.0999755859375,37139
2023-09-14,1653.800048828125,1654.800048828125,1629.0,1634.3499755859375,1634.3499755859375,92244
2023-09-15,1655.0,1655.0,1635.0999755859375,1641.199951171875,1641.199951171875,23265
2023-09-18,1650.0,1650.0,1638.050048828125,1640.300048828125,1640.300048828125,30199
2023-09-20,1649.0,1649.0,1625.0,1633.5,1633.5,26984
2023-09-21,1649.800048828125,1649.800048828125,1625.0,1626.449951171875,1626.449951171875,14857
2023-09-22,1645.0,1645.0,1617.0,1619.75,1619.75,32938
2023-09-25,1634.9000244140625,1634.9000244140625,1612.0999755859375,1617.550048828125,1617.550048828125,17652
2023-09-26,1620.75,1620.75,1581.75,1594.800048828125,1594.800048828125,40759
2023-09-27,1587.0,1599.0,1582.0,1583.449951171875,1583.449951171875,20230
2023-09-28,1580.199951171875,1600.0,1572.0999755859375,1575.3499755859375,1575.3499755859375,20389
2023-09-29,1593.949951171875,1594.0,1571.0,1582.9000244140625,1582.9000244140625,32984
2023-10-03,1595.050048828125,1614.8499755859375,1584.0,1602.050048828125,1602.050048828125,21208
2023-10-04,1605.0,1605.0,1590.4000244140625,1594.3499755859375,1594.3499755859375,11647
2023-10-05,1605.0,1610.699951171875,1589.4000244140625,1596.75,1596.75,12756
2023-10-06,1585.550048828125,1610.0,1585.550048828125,1603.4000244140625,1603.4000244140625,13052
2023-10-09,1595.0,1602.300048828125,1584.0,1592.550048828125,1592.550048828125,17095
2023-10-10,1584.0,1592.0,1575.0,1577.800048828125,1577.800048828125,20066
2023-10-11,1600.0,1609.0,1555.0,1561.5,1561.5,45543
2023-10-12,1568.0,1583.449951171875,1546.0,1549.6500244140625,1549.6500244140625,32258
2023-10-13,1548.0,1563.699951171875,1545.050048828125,1555.8499755859375,1555.8499755859375,17234
2023-10-16,1555.0,1565.0,1550.0,1554.8499755859375,1554.8499755859375,13548
2023-10-17,1550.0,1565.0,1535.0,1538.449951171875,1538.449951171875,24961
2023-10-18,1545.0,1548.25,1521.300048828125,1523.550048828125,1523.550048828125,21095
2023-10-19,1523.050048828125,1529.9000244140625,1516.0,1522.75,1522.75,10128
2023-10-20,1520.0,1537.9000244140625,1480.0,1490.0,1490.0,55796
2023-10-23,1490.050048828125,1512.800048828125,1470.0,1473.800048828125,1473.800048828125,20254
2023-10-25,1477.75,1490.0,1443.050048828125,1457.550048828125,1457.550048828125,16772
2023-10-26,1457.550048828125,1458.9000244140625,1437.5,1442.550048828125,1442.550048828125,18479
2023-10-27,1438.0,1485.0,1438.0,1475.4000244140625,1475.4000244140625,21259
2023-10-30,1500.0,1555.0,1475.4000244140625,1515.699951171875,1515.699951171875,11165
2023-10-31,1520.0,1527.0,1473.050048828125,1478.5999755859375,1478.5999755859375,14525
2023-11-01,1486.8499755859375,1493.050048828125,1444.949951171875,1449.75,1449.75,12355
2023-11-02,1473.0999755859375,1473.0999755859375,1424.0,1439.199951171875,1439.199951171875,23687
2023-11-03,1448.050048828125,1479.0,1399.9000244140625,1422.949951171875,1422.949951171875,48329
2023-11-06,1425.199951171875,1464.0,1425.199951171875,1457.9000244140625,1457.9000244140625,17708
2023-11-07,1449.949951171875,1518.0,1445.050048828125,1503.5999755859375,1503.5999755859375,33553
2023-11-08,1494.449951171875,1523.949951171875,1494.449951171875,1511.0,1511.0,10684
2023-11-09,1510.949951171875,1511.0,1476.5,1493.1500244140625,1493.1500244140625,12924
2023-11-10,1492.949951171875,1495.0,1453.050048828125,1486.5999755859375,1486.5999755859375,6519
2023-11-13,1507.6500244140625,1525.9000244140625,1490.0,1513.0,1513.0,10598
2023-11-15,1525.0,1525.0,1505.050048828125,1514.800048828125,1514.800048828125,6061
2023-11-16,1510.0,1530.0,1510.0,1515.550048828125,1515.550048828125,5585
2023-11-17,1500.550048828125,1519.9000244140625,1498.0,1504.6500244140625,1504.6500244140625,8007
2023-11-20,1503.0999755859375,1519.949951171875,1430.0,1472.199951171875,1472.199951171875,17367
2023-11-21,1472.199951171875,1496.9000244140625,1470.050048828125,1484.699951171875,1484.699951171875,9423
2023-11-22,1480.0,1500.5,1455.050048828125,1473.25,1473.25,15248
2023-11-23,1485.0,1487.0,1458.0,1474.699951171875,1474.699951171875,9036
2023-11-24,1495.0,1508.300048828125,1466.199951171875,1480.4000244140625,1480.4000244140625,8771
2023-11-28,1493.0,1494.0,1475.199951171875,1482.6500244140625,1482.6500244140625,9749
2023-11-29,1490.0,1492.0,1455.0,1477.949951171875,1477.949951171875,12715
2023-11-30,1475.050048828125,1525.0,1470.0,1507.75,1507.75,25716
2023-12-01,1520.0,1586.0,1516.050048828125,1564.949951171875,1564.949951171875,65475
2023-12-04,1595.0,1595.0,1531.0,1541.9000244140625,1541.9000244140625,44395
2023-12-05,1541.9000244140625,1564.9000244140625,1535.050048828125,1554.4000244140625,1554.4000244140625,21183
2023-12-06,1568.0,1592.9000244140625,1554.0,1581.199951171875,1581.199951171875,23505
2023-12-07,1585.0,1599.800048828125,1570.0,1584.550048828125,1584.550048828125,18687
2023-12-08,1588.0,1606.949951171875,1545.0999755859375,1563.449951171875,1563.449951171875,25151
2023-12-11,1589.0,1610.0,1579.3499755859375,1606.050048828125,1606.050048828125,31711
2023-12-12,1618.0,1624.0,1590.0,1614.5999755859375,1614.5999755859375,30382
2023-12-13,1614.5999755859375,1620.9000244140625,1586.199951171875,1599.050048828125,1599.050048828125,20848
2023-12-14,1600.0,1610.25,1595.0,1600.949951171875,1600.949951171875,26552
2023-12-15,1624.949951171875,1624.949951171875,1595.0,1602.6500244140625,1602.6500244140625,15737
2023-12-18,1602.6500244140625,1610.0,1590.0,1604.550048828125,1604.550048828125,17229
2023-12-19,1604.550048828125,1619.0,1575.0,1579.699951171875,1579.699951171875,27428
2023-12-20,1580.449951171875,1593.800048828125,1525.0,1556.050048828125,1556.050048828125,23057
2023-12-21,1523.0,1565.0,1521.75,1539.5,1539.5,16665
2023-12-22,1562.5999755859375,1583.1500244140625,1549.550048828125,1567.6500244140625,1567.6500244140625,10477
2023-12-26,1580.0,1650.8499755859375,1567.6500244140625,1622.449951171875,1622.449951171875,71402
2023-12-27,1637.949951171875,1637.949951171875,1590.050048828125,1606.6500244140625,1606.6500244140625,43830
2023-12-28,1614.0,1635.0,1560.0,1582.75,1582.75,42637
2023-12-29,1582.75,1608.0,1572.949951171875,1601.800048828125,1601.800048828125,21907
2024-01-01,1620.0,1634.949951171875,1583.050048828125,1598.4000244140625,1598.4000244140625,30038
2024-01-02,1598.4000244140625,1605.0,1572.050048828125,1590.0,1590.0,28255
2024-01-03,1604.0,1604.0,1582.3499755859375,1589.949951171875,1589.949951171875,21218
2024-01-04,1589.949951171875,1607.699951171875,1585.050048828125,1599.6500244140625,1599.6500244140625,17410
2024-01-05,1599.6500244140625,1610.0,1586.199951171875,1606.0,1606.0,25250
2024-01-08,1606.0,1612.0,1581.0,1590.449951171875,1590.449951171875,19066
2024-01-09,1604.949951171875,1612.0999755859375,1538.0,1542.75,1542.75,33021
2024-01-10,1558.199951171875,1558.199951171875,1511.0,1516.1500244140625,1516.1500244140625,41866
2024-01-11,1516.1500244140625,1529.5999755859375,1496.199951171875,1513.0,1513.0,24733
2024-01-12,1510.0,1529.9000244140625,1490.5999755859375,1496.75,1496.75,21429
2024-01-15,1496.75,1496.75,1496.75,1496.75,1496.75,0
2024-01-16,1492.0,1492.0,1469.0,1475.9000244140625,1475.9000244140625,22006
2024-01-17,1464.0,1471.9000244140625,1451.3499755859375,1463.449951171875,1463.449951171875,24886
2024-01-18,1450.0,1460.800048828125,1422.0,1425.5,1425.5,47027
2024-01-19,1438.9000244140625,1477.300048828125,1433.0999755859375,1467.1500244140625,1467.1500244140625,33056
2024-01-23,1401.0,1419.800048828125,1357.75,1370.5999755859375,1370.5999755859375,108109
2024-01-24,1370.0,1376.1500244140625,1350.0,1360.0999755859375,1360.0999755859375,32740
2024-01-25,1381.5,1381.5,1355.0,1365.300048828125,1365.300048828125,16332
2024-01-29,1390.0,1399.0,1308.4000244140625,1327.4000244140625,1327.4000244140625,79972
2024-01-30,1337.5999755859375,1379.6500244140625,1328.0,1341.550048828125,1341.550048828125,68206
2024-01-31,1345.0,1410.0,1325.0999755859375,1339.5999755859375,1339.5999755859375,65702
2024-02-01,1345.4000244140625,1357.0,1329.050048828125,1330.9000244140625,1330.9000244140625,17628
2024-02-02,1339.9000244140625,1350.0,1324.949951171875,1331.0,1331.0,20509
2024-02-05,1346.6500244140625,1346.6500244140625,1317.949951171875,1331.1500244140625,1331.1500244140625,28764
2024-02-06,1332.0,1346.199951171875,1290.0,1298.5,1298.5,40131
2024-02-07,1310.0,1313.0,1296.050048828125,1303.300048828125,1303.300048828125,25504
2024-02-08,1301.050048828125,1305.8499755859375,1288.5,1292.9000244140625,1292.9000244140625,21149
2024-02-09,1305.050048828125,1305.949951171875,1260.550048828125,1274.1500244140625,1274.1500244140625,23210
2024-02-12,1278.0,1289.75,1240.0,1244.1500244140625,1244.1500244140625,19423
2024-02-13,1245.0,1258.949951171875,1231.0,1250.8499755859375,1250.8499755859375,23751
2024-02-14,1247.949951171875,1248.25,1230.050048828125,1235.5,1235.5,17475
2024-02-15,1245.0,1248.449951171875,1215.0,1216.550048828125,1216.550048828125,27423
2024-02-16,1228.0,1239.949951171875,1222.550048828125,1226.699951171875,1226.699951171875,26935
2024-02-19,1224.9000244140625,1310.3499755859375,1224.9000244140625,1303.5,1303.5,46790
2024-02-20,1309.949951171875,1349.0,1285.050048828125,1290.5,1290.5,43897
2024-02-21,1305.0,1305.449951171875,1269.949951171875,1273.199951171875,1273.199951171875,17602
2024-02-22,1290.0,1290.0,1254.0,1260.9000244140625,1260.9000244140625,20529
2024-02-23,1267.949951171875,1276.25,1240.0,1243.6500244140625,1243.6500244140625,43051
2024-02-26,1259.949951171875,1270.949951171875,1246.0999755859375,1258.1500244140625,1258.1500244140625,20203
2024-02-27,1269.0,1279.0,1236.050048828125,1242.449951171875,1242.449951171875,29708
2024-02-28,1255.0,1255.0,1217.0,1222.25,1222.25,31880
2024-02-29,1241.949951171875,1250.0,1211.550048828125,1214.75,1214.75,36588
2024-03-01,1220.0,1248.949951171875,1211.550048828125,1221.75,1221.75,21011
2024-03-04,1240.0,1248.0,1205.5,1216.6500244140625,1216.6500244140625,25472
2024-03-05,1216.6500244140625,1224.800048828125,1210.0,1217.449951171875,1217.449951171875,17536
2024-03-06,1229.5999755859375,1229.5999755859375,1187.300048828125,1202.0,1202.0,41729
2024-03-07,1200.0,1214.0,1189.8499755859375,1195.5999755859375,1195.5999755859375,28743
2024-03-11,1196.0,1230.0,1190.0,1215.050048828125,1215.050048828125,42860
2024-03-12,1215.050048828125,1248.0,1211.050048828125,1219.1500244140625,1219.1500244140625,33052
2024-03-13,1225.0,1233.699951171875,1191.25,1207.449951171875,1207.449951171875,43533
2024-03-14,1209.949951171875,1219.9000244140625,1175.0,1181.6500244140625,1181.6500244140625,28164
2024-03-15,1187.449951171875,1199.0,1157.550048828125,1168.25,1168.25,23629
2024-03-18,1168.25,1181.8499755859375,1150.0,1153.3499755859375,1153.3499755859375,19727
2024-03-19,1154.0,1173.199951171875,1154.0,1166.0999755859375,1166.0999755859375,18963
2024-03-20,1166.0999755859375,1178.800048828125,1130.0,1166.449951171875,1166.449951171875,27763
2024-03-21,1185.0,1189.4000244140625,1152.0999755859375,1163.300048828125,1163.300048828125,19857
2024-03-22,1163.1500244140625,1189.0,1152.050048828125,1163.699951171875,1163.699951171875,25526
2024-03-26,1161.0999755859375,1162.300048828125,1125.0,1128.4000244140625,1128.4000244140625,35341
2024-03-27,1127.0,1133.5999755859375,1072.0,1077.5,1077.5,99969
2024-03-28,1077.5,1089.4000244140625,1061.3499755859375,1078.5999755859375,1078.5999755859375,98429
2024-04-01,1078.75,1129.0,1078.75,1119.5,1119.5,23893
2024-04-02,1128.4000244140625,1163.300048828125,1119.0,1150.550048828125,1150.550048828125,35509
2024-04-03,1148.0,1239.5999755859375,1140.0,1219.050048828125,1219.050048828125,84283
2024-04-04,1229.8499755859375,1255.0,1215.199951171875,1245.199951171875,1245.199951171875,45349
2024-04-05,1245.4000244140625,1304.0,1245.199951171875,1288.1500244140625,1288.1500244140625,65321
2024-04-08,1299.0,1320.0,1256.300048828125,1273.699951171875,1273.699951171875,36863
2024-04-09,1268.5,1287.949951171875,1253.1500244140625,1262.050048828125,1262.050048828125,14653
2024-04-10,1264.8499755859375,1295.0,1255.0,1287.9000244140625,1287.9000244140625,19621
2024-04-12,1280.0,1294.550048828125,1260.25,1266.6500244140625,1266.6500244140625,16970
2024-04-15,1253.0999755859375,1274.0,1222.0999755859375,1232.25,1232.25,22842
2024-04-16,1214.050048828125,1249.8499755859375,1214.050048828125,1235.300048828125,1235.300048828125,15450
2024-04-18,1216.75,1249.9000244140625,1216.75,1225.8499755859375,1225.8499755859375,13270
2024-04-19,1212.0,1225.9000244140625,1204.1500244140625,1215.0999755859375,1215.0999755859375,10192
2024-04-22,1239.9000244140625,1249.800048828125,1225.0,1233.5999755859375,1233.5999755859375,15930
2024-04-23,1250.0,1250.0,1229.449951171875,1238.449951171875,1238.449951171875,10115
2024-04-24,1245.0,1270.0999755859375,1232.050048828125,1252.8499755859375,1252.8499755859375,10456
2024-04-25,1250.0,1266.5999755859375,1235.0,1244.699951171875,1244.699951171875,12460
2024-04-26,1250.0,1259.0,1230.050048828125,1239.9000244140625,1239.9000244140625,14114
2024-04-29,1239.9000244140625,1253.949951171875,1221.050048828125,1229.300048828125,1229.300048828125,8987
2024-04-30,1237.800048828125,1240.0,1220.0,1228.0999755859375,1228.0999755859375,8875
2024-05-02,1220.0,1235.5,1219.5999755859375,1228.1500244140625,1228.1500244140625,9923
2024-05-03,1239.949951171875,1255.0,1225.0,1243.699951171875,1243.699951171875,11338
2024-05-06,1238.0,1283.699951171875,1210.0,1214.8499755859375,1214.8499755859375,29652
2024-05-07,1247.1500244140625,1247.1500244140625,1195.0,1198.25,1198.25,12985
2024-05-08,1198.25,1202.5999755859375,1190.0,1192.75,1192.75,10618
2024-05-09,1210.6500244140625,1210.6500244140625,1160.0,1166.199951171875,1166.199951171875,9953
2024-05-10,1185.0,1185.0,1145.0,1151.300048828125,1151.300048828125,14478
2024-05-13,1170.0,1170.0,1105.0,1109.300048828125,1109.300048828125,23028
2024-05-14,1125.949951171875,1139.75,1089.0,1092.800048828125,1092.800048828125,39320
2024-05-15,1093.6500244140625,1122.0,1092.800048828125,1101.050048828125,1101.050048828125,23188
2024-05-16,1114.800048828125,1124.0,1091.949951171875,1093.25,1093.25,22320
2024-05-17,1090.0,1114.0,1090.0,1100.0999755859375,1100.0999755859375,19560
2024-05-21,1122.0,1123.0,1082.1500244140625,1088.0999755859375,1088.0999755859375,43307
2024-05-22,1092.0,1126.0,1083.75,1120.0,1120.0,29320
2024-05-23,1133.0,1153.0,1106.5,1116.75,1116.75,52206
2024-05-24,1120.0,1129.0,1094.949951171875,1097.300048828125,1097.300048828125,21835
2024-05-27,1090.050048828125,1096.0,1069.5999755859375,1073.25,1073.25,39411
2024-05-28,1080.0,1088.699951171875,1068.0999755859375,1076.449951171875,1076.449951171875,20816
2024-05-29,1076.0,1089.0,1065.0,1074.0,1074.0,30265
2024-05-30,1074.0,1089.050048828125,1065.0,1082.75,1082.75,16339
2024-05-31,1087.800048828125,1089.949951171875,1030.0,1033.75,1033.75,209193
2024-06-03,1075.0,1075.0,1018.0,1022.5,1022.5,38198
2024-06-04,1030.449951171875,1039.3499755859375,975.0,995.4500122070312,995.4500122070312,41478
2024-06-05,1010.0,1014.8499755859375,956.7000122070312,964.2000122070312,964.2000122070312,90221
2024-06-06,979.0,1026.75,971.0499877929688,1016.3499755859375,1016.3499755859375,93543
2024-06-07,1018.75,1038.4000244140625,1008.0499877929688,1027.050048828125,1027.050048828125,36683
2024-06-10,1029.0,1056.0,999.0,1008.2999877929688,1008.2999877929688,44777
2024-06-11,1015.0,1040.0,1015.0,1014.7000122070312,1014.7000122070312,46213
