Date,Open,High,Low,Close,Adj Close,Volume
2011-10-28,43.5,43.5,30.0,37.70000076293945,34.22471237182617,801326
2011-10-31,36.0,39.599998474121094,35.849998474121094,39.599998474121094,35.949554443359375,558435
2011-11-01,38.599998474121094,41.599998474121094,38.099998474121094,40.45000076293945,36.721214294433594,151199
2011-11-02,39.25,40.45000076293945,38.45000076293945,38.45000076293945,34.90557098388672,119503
2011-11-03,36.599998474121094,39.29999923706055,36.599998474121094,39.0,35.404869079589844,154568
2011-11-04,38.150001525878906,40.45000076293945,38.150001525878906,40.150001525878906,36.44886016845703,86876
2011-11-08,40.099998474121094,41.5,39.5,41.25,37.682090759277344,97688
2011-11-09,40.29999923706055,43.349998474121094,39.20000076293945,39.650001525878906,36.220489501953125,553088
2011-11-11,40.0,41.25,38.5,40.0,36.54020690917969,72581
2011-11-14,40.0,41.5,38.20000076293945,39.599998474121094,36.1748046875,215570
2011-11-15,40.54999923706055,40.900001525878906,34.5,36.70000076293945,33.5256462097168,82895
2011-11-16,35.0,37.45000076293945,33.5,36.0,32.88620376586914,58722
2011-11-17,35.0,36.0,30.0,33.0,30.145675659179688,43607
2011-11-18,33.70000076293945,34.0,32.0,33.0,30.145675659179688,54218
2011-11-21,34.79999923706055,35.400001525878906,33.099998474121094,34.900001525878906,31.881332397460938,37337
2011-11-22,33.150001525878906,34.79999923706055,32.0,32.900001525878906,30.0543270111084,14835
2011-11-23,31.200000762939453,34.150001525878906,31.0,33.099998474121094,30.23702621459961,87554
2011-11-24,32.20000076293945,34.0,32.20000076293945,33.5,30.60243034362793,309000
2011-11-25,33.95000076293945,34.099998474121094,33.5,33.5,30.60243034362793,23815
2011-11-28,32.54999923706055,36.0,32.54999923706055,35.45000076293945,32.383758544921875,438565
2011-11-29,34.150001525878906,35.79999923706055,34.0,34.099998474121094,31.150527954101562,38571
2011-11-30,34.20000076293945,35.25,33.150001525878906,34.849998474121094,31.835657119750977,20072
2011-12-01,33.29999923706055,36.900001525878906,33.29999923706055,35.349998474121094,32.292415618896484,69496
2011-12-02,34.20000076293945,35.599998474121094,34.150001525878906,35.20000076293945,32.15538787841797,25838
2011-12-05,36.849998474121094,36.849998474121094,33.29999923706055,34.0,31.05918312072754,36284
2011-12-07,33.5,34.0,32.75,33.0,30.145675659179688,1759332
2011-12-08,33.5,35.849998474121094,32.900001525878906,35.54999923706055,32.47511291503906,110392
2011-12-09,34.150001525878906,35.5,34.0,35.400001525878906,32.338096618652344,16138
2011-12-12,34.5,35.849998474121094,33.25,33.79999923706055,30.876482009887695,16234
2011-12-13,33.150001525878906,35.20000076293945,33.0,33.70000076293945,30.785125732421875,58047
2011-12-14,33.20000076293945,35.20000076293945,33.150001525878906,33.70000076293945,30.785125732421875,1709052
2011-12-15,33.20000076293945,35.25,33.0,34.75,31.744312286376953,75413
2011-12-16,33.20000076293945,35.5,33.099998474121094,35.04999923706055,32.01836395263672,164030
2011-12-19,33.599998474121094,38.70000076293945,33.599998474121094,37.0,33.799686431884766,138882
2011-12-20,36.099998474121094,36.599998474121094,33.25,33.45000076293945,30.556753158569336,16575
2011-12-21,33.79999923706055,34.0,32.599998474121094,33.0,30.145675659179688,77605
2011-12-22,32.150001525878906,33.95000076293945,32.150001525878906,33.54999923706055,30.648103713989258,15866
2011-12-23,33.099998474121094,34.849998474121094,32.25,34.45000076293945,31.470258712768555,15551
2011-12-26,33.099998474121094,33.95000076293945,33.0,33.150001525878906,30.282703399658203,13731
2011-12-27,33.75,34.95000076293945,33.20000076293945,34.400001525878906,31.424585342407227,17983
2011-12-28,34.0,34.900001525878906,34.0,34.0,31.05918312072754,9218
2011-12-29,34.0,34.400001525878906,34.0,34.0,31.05918312072754,15301
2011-12-30,34.0,35.70000076293945,34.0,35.0,31.972688674926758,1636368
2012-01-02,34.79999923706055,35.45000076293945,33.349998474121094,34.650001525878906,31.65296173095703,22884
2012-01-03,33.5,35.0,33.5,34.29999923706055,31.333229064941406,7540
2012-01-04,33.5,34.849998474121094,33.5,34.5,31.515933990478516,3575
2012-01-05,34.04999923706055,34.5,34.0,34.0,31.05918312072754,7773
2012-01-06,35.79999923706055,35.79999923706055,34.0,34.54999923706055,31.56160545349121,7109
2012-01-09,34.900001525878906,36.45000076293945,33.20000076293945,36.150001525878906,33.02321243286133,14798
2012-01-10,36.95000076293945,39.849998474121094,35.20000076293945,38.900001525878906,35.535362243652344,97172
2012-01-11,39.0,41.349998474121094,38.95000076293945,39.5,36.08346176147461,21325
2012-01-12,40.150001525878906,40.79999923706055,38.0,40.349998474121094,36.85993576049805,12640
2012-01-13,40.45000076293945,44.0,39.5,40.900001525878906,37.362361907958984,303584
2012-01-16,42.5,42.5,39.0,40.0,36.54020690917969,85372
2012-01-17,40.0,41.79999923706055,39.5,40.099998474121094,36.63155746459961,96730
2012-01-18,39.0,40.5,37.150001525878906,37.5,34.256446838378906,16332
2012-01-19,37.70000076293945,39.75,37.5,37.54999923706055,34.30213165283203,16862
2012-01-20,37.099998474121094,39.75,37.099998474121094,37.650001525878906,34.39348220825195,25401
2012-01-23,38.0,39.70000076293945,37.5,37.599998474121094,34.34779739379883,52028
2012-01-24,37.04999923706055,39.0,36.599998474121094,38.5,35.3580322265625,73452
2012-01-25,38.0,39.25,37.349998474121094,38.95000076293945,35.77130889892578,15593
2012-01-27,39.0,39.099998474121094,38.0,38.0,34.89883041381836,28570
2012-01-30,38.0,39.20000076293945,38.0,39.0,35.817222595214844,8386
2012-01-31,38.099998474121094,39.5,38.099998474121094,39.04999923706055,35.8631477355957,42901
2012-02-01,39.79999923706055,39.79999923706055,38.0,38.849998474121094,35.67946243286133,14127
2012-02-02,39.20000076293945,39.400001525878906,38.099998474121094,38.150001525878906,35.036598205566406,7572
2012-02-03,38.75,38.75,37.20000076293945,37.29999923706055,34.255958557128906,13839
2012-02-06,37.150001525878906,39.400001525878906,37.150001525878906,39.29999923706055,36.092742919921875,63907
2012-02-07,39.0,39.599998474121094,39.0,39.20000076293945,36.00090789794922,59930
2012-02-08,39.5,43.45000076293945,39.5,42.75,39.26118850708008,199759
2012-02-09,43.95000076293945,44.29999923706055,41.75,43.150001525878906,39.628543853759766,23748
2012-02-10,43.599998474121094,43.599998474121094,41.150001525878906,41.79999923706055,38.38872146606445,31619
2012-02-13,42.5,42.5,39.0,39.79999923706055,36.55193328857422,29033
2012-02-14,40.0,41.20000076293945,37.349998474121094,40.349998474121094,37.057044982910156,60249
2012-02-15,41.0,41.400001525878906,39.25,39.95000076293945,36.689693450927734,18252
2012-02-16,39.150001525878906,42.400001525878906,38.04999923706055,41.599998474121094,38.20503616333008,78633
2012-02-17,42.5,45.0,40.0,43.900001525878906,40.31733703613281,312120
2012-02-21,45.5,52.650001525878906,44.0,47.099998474121094,43.256195068359375,493232
2012-02-22,49.599998474121094,49.599998474121094,46.0,46.20000076293945,42.42963790893555,71794
2012-02-23,48.29999923706055,48.29999923706055,42.0,43.849998474121094,40.271419525146484,38286
2012-02-24,44.0,44.849998474121094,42.0,42.25,38.801998138427734,23262
2012-02-27,43.0,45.79999923706055,43.0,44.95000076293945,41.281646728515625,107190
2012-02-28,45.0,46.5,44.099998474121094,45.29999923706055,41.60308837890625,25213
2012-02-29,45.849998474121094,46.29999923706055,43.25,45.0,41.327571868896484,67297
2012-03-01,45.0,46.5,44.900001525878906,45.45000076293945,41.740840911865234,49068
2012-03-02,45.0,45.0,39.5,43.45000076293945,39.90406036376953,138281
2012-03-05,43.099998474121094,43.099998474121094,40.400001525878906,41.599998474121094,38.20503616333008,32023
2012-03-06,41.70000076293945,42.849998474121094,40.25,42.0,38.5723991394043,117439
2012-03-07,41.5,42.70000076293945,40.400001525878906,40.650001525878906,37.33257293701172,12324
2012-03-09,41.099998474121094,42.5,40.75,41.04999923706055,37.69992446899414,17548
2012-03-12,41.5,41.849998474121094,40.099998474121094,40.5,37.1948127746582,14764
2012-03-13,40.5,41.849998474121094,40.5,41.0,37.65401077270508,7536
2012-03-14,41.25,41.849998474121094,40.099998474121094,41.0,37.65401077270508,39590
2012-03-15,41.849998474121094,41.849998474121094,39.150001525878906,40.150001525878906,36.87337875366211,16185
2012-03-16,40.29999923706055,40.849998474121094,39.349998474121094,39.70000076293945,36.46009826660156,11894
2012-03-19,40.95000076293945,40.95000076293945,38.25,38.54999923706055,35.40394973754883,10458
2012-03-20,38.599998474121094,40.650001525878906,38.400001525878906,40.04999923706055,36.781532287597656,17612
2012-03-21,40.5,44.400001525878906,39.25,43.599998474121094,40.04182434082031,215179
2012-03-22,44.29999923706055,44.599998474121094,40.900001525878906,43.150001525878906,39.628543853759766,106218
2012-03-23,41.04999923706055,42.5,40.79999923706055,42.099998474121094,38.66423416137695,46842
2012-03-26,40.54999923706055,43.150001525878906,40.54999923706055,43.0,39.49078369140625,22830
2012-03-27,41.0,43.20000076293945,41.0,42.75,39.26118850708008,27620
2012-03-28,42.75,43.5,42.0,43.04999923706055,39.536705017089844,86277
2012-03-29,43.0,45.099998474121094,42.5,44.400001525878906,40.77653121948242,28613
2012-03-30,43.0,48.5,43.0,47.900001525878906,43.990901947021484,609378
2012-04-02,45.0,48.849998474121094,45.0,48.0,44.082740783691406,316182
2012-04-03,46.5,48.95000076293945,46.0,46.20000076293945,42.42963790893555,31461
2012-04-04,49.900001525878906,52.0,45.599998474121094,49.400001525878906,45.36848831176758,445590
2012-04-09,48.5,51.099998474121094,47.0,49.75,45.68992233276367,96916
2012-04-10,50.900001525878906,50.95000076293945,49.25,50.5,46.37871170043945,172985
2012-04-11,51.900001525878906,51.900001525878906,48.45000076293945,48.79999923706055,44.81745147705078,12857
2012-04-12,48.20000076293945,49.849998474121094,48.20000076293945,48.54999923706055,44.587860107421875,19488
2012-04-13,49.5,51.20000076293945,47.0,48.599998474121094,44.63376998901367,65232
2012-04-16,47.04999923706055,50.0,47.04999923706055,49.04999923706055,45.04704666137695,13059
2012-04-17,49.099998474121094,50.0,47.900001525878906,48.5,44.54193115234375,138502
2012-04-18,49.0,49.849998474121094,47.5,48.0,44.082740783691406,782710
2012-04-19,47.5,48.5,46.70000076293945,47.75,43.85313415527344,58256
2012-04-20,48.0,49.0,47.150001525878906,47.70000076293945,43.80722427368164,36462
2012-04-23,48.5,48.5,45.70000076293945,46.400001525878906,42.61331558227539,14486
2012-04-24,46.70000076293945,46.70000076293945,41.900001525878906,43.099998474121094,39.58262252807617,80371
2012-04-25,43.29999923706055,44.5,43.0,43.900001525878906,40.31733703613281,22788
2012-04-26,43.900001525878906,45.25,43.0,44.79999923706055,41.14388656616211,26824
2012-04-27,44.79999923706055,46.95000076293945,43.0,43.70000076293945,40.13365936279297,12883
2012-04-30,43.79999923706055,44.849998474121094,42.900001525878906,43.25,39.72038269042969,18569
2012-05-02,43.75,44.54999923706055,43.0,43.25,39.72038269042969,6696
2012-05-03,43.150001525878906,44.04999923706055,42.20000076293945,42.54999923706055,39.0775032043457,10216
2012-05-04,42.70000076293945,43.349998474121094,40.599998474121094,41.349998474121094,37.97544479370117,11320
2012-05-07,41.900001525878906,44.0,41.900001525878906,43.79999923706055,40.225502014160156,21224
2012-05-08,44.5,47.400001525878906,44.0,45.54999923706055,41.832679748535156,38191
2012-05-09,45.400001525878906,47.45000076293945,43.099998474121094,46.95000076293945,43.11842727661133,58490
2012-05-10,47.0,47.25,44.900001525878906,45.0,41.327571868896484,28903
2012-05-11,45.599998474121094,45.599998474121094,43.5,43.849998474121094,40.271419525146484,11450
2012-05-14,47.849998474121094,47.849998474121094,42.0,42.650001525878906,39.16935348510742,9983
2012-05-15,42.900001525878906,42.900001525878906,41.25,42.349998474121094,38.89384460449219,10426
2012-05-16,42.20000076293945,44.5,40.45000076293945,44.04999923706055,40.4550895690918,16227
2012-05-17,44.0,46.79999923706055,42.29999923706055,45.849998474121094,42.10820007324219,40174
2012-05-18,45.29999923706055,45.29999923706055,43.0,44.150001525878906,40.54693603515625,13965
2012-05-21,44.599998474121094,46.900001525878906,43.900001525878906,46.04999923706055,42.29187774658203,200703
2012-05-22,44.849998474121094,45.5,43.349998474121094,43.5,39.94998550415039,14386
2012-05-23,43.849998474121094,44.95000076293945,42.900001525878906,43.400001525878906,39.8581428527832,9779
2012-05-24,43.900001525878906,43.900001525878906,42.349998474121094,43.29999923706055,39.76630401611328,6072
2012-05-25,43.29999923706055,44.150001525878906,40.5,41.54999923706055,38.15912628173828,467412
2012-05-28,43.70000076293945,43.70000076293945,42.349998474121094,42.45000076293945,38.98567199707031,23042
2012-05-29,42.79999923706055,43.75,42.54999923706055,42.900001525878906,39.39895248413086,2414
2012-05-30,42.5,43.099998474121094,42.0,42.650001525878906,39.16935348510742,9555
2012-05-31,42.599998474121094,45.20000076293945,42.150001525878906,44.5,40.86837387084961,54239
2012-06-01,43.599998474121094,44.95000076293945,41.599998474121094,42.0,38.5723991394043,20818
2012-06-04,41.25,43.5,41.20000076293945,42.29999923706055,38.8479118347168,18949
2012-06-05,42.20000076293945,43.04999923706055,41.5,42.29999923706055,38.8479118347168,11167
2012-06-06,42.20000076293945,43.5,42.20000076293945,42.650001525878906,39.16935348510742,13169
2012-06-07,42.70000076293945,43.5,42.5,43.400001525878906,39.8581428527832,6408
2012-06-08,43.0,43.400001525878906,42.79999923706055,43.099998474121094,39.58262252807617,2864
2012-06-11,43.54999923706055,44.04999923706055,42.70000076293945,43.099998474121094,39.58262252807617,5761
2012-06-12,43.0,43.79999923706055,42.400001525878906,43.099998474121094,39.58262252807617,19152
2012-06-13,43.29999923706055,43.900001525878906,42.900001525878906,43.099998474121094,39.58262252807617,13131
2012-06-14,42.900001525878906,43.54999923706055,41.45000076293945,42.20000076293945,38.756072998046875,9019
2012-06-15,42.400001525878906,43.0,42.0,42.04999923706055,38.618324279785156,13973
2012-06-18,42.0,42.04999923706055,41.25,41.54999923706055,38.15912628173828,15976
2012-06-19,42.0,42.0,41.04999923706055,41.400001525878906,38.021358489990234,13809
2012-06-20,41.29999923706055,42.0,41.20000076293945,41.29999923706055,37.92953109741211,13745
2012-06-21,41.70000076293945,42.29999923706055,41.25,41.349998474121094,37.97544479370117,51261
2012-06-22,41.29999923706055,42.0,41.150001525878906,41.650001525878906,38.25096130371094,17172
2012-06-25,43.0,43.900001525878906,42.0,42.900001525878906,39.39895248413086,20612
2012-06-26,43.25,44.849998474121094,42.150001525878906,43.099998474121094,39.58262252807617,6740
2012-06-27,42.900001525878906,43.54999923706055,42.25,42.400001525878906,38.93975067138672,7043
2012-06-28,42.45000076293945,42.75,42.25,42.70000076293945,39.215267181396484,10134
2012-06-29,42.79999923706055,44.20000076293945,42.20000076293945,44.0,40.409183502197266,57481
2012-07-02,43.70000076293945,43.70000076293945,42.5,42.70000076293945,39.215267181396484,9247
2012-07-03,42.75,45.79999923706055,42.29999923706055,45.04999923706055,41.37348937988281,75871
2012-07-04,44.900001525878906,45.5,43.900001525878906,45.04999923706055,41.37348937988281,26620
2012-07-05,45.099998474121094,47.349998474121094,44.79999923706055,46.79999923706055,42.98066711425781,33996
2012-07-06,46.70000076293945,48.25,45.849998474121094,47.70000076293945,43.80722427368164,21943
2012-07-09,47.70000076293945,47.70000076293945,45.5,46.0,42.24595260620117,12022
2012-07-10,46.45000076293945,48.20000076293945,46.099998474121094,48.0,44.27524185180664,33369
2012-07-11,48.29999923706055,48.79999923706055,47.29999923706055,48.150001525878906,44.41360855102539,9110
2012-07-12,48.349998474121094,48.349998474121094,46.900001525878906,48.099998474121094,44.36748123168945,24047
2012-07-13,48.04999923706055,48.349998474121094,46.099998474121094,46.75,43.12223815917969,10398
2012-07-16,46.599998474121094,47.29999923706055,45.70000076293945,47.0,43.35283660888672,47677
2012-07-17,46.79999923706055,47.20000076293945,44.79999923706055,45.45000076293945,41.92311477661133,15486
2012-07-18,45.0,45.0,42.150001525878906,43.04999923706055,39.709346771240234,30831
2012-07-19,43.349998474121094,43.900001525878906,43.349998474121094,43.5,40.12443542480469,4769
2012-07-20,43.95000076293945,44.20000076293945,42.900001525878906,43.900001525878906,40.4933967590332,10797
2012-07-23,43.0,44.79999923706055,42.20000076293945,43.599998474121094,40.2166748046875,8086
2012-07-24,43.400001525878906,46.25,43.0,45.79999923706055,42.2459602355957,18588
2012-07-25,45.95000076293945,46.5,44.75,45.25,41.738643646240234,10228
2012-07-26,45.20000076293945,45.70000076293945,43.0,44.25,40.81623458862305,46480
2012-07-27,45.70000076293945,45.70000076293945,43.5,43.79999923706055,40.40115737915039,6893
2012-07-30,44.25,44.25,43.04999923706055,43.25,39.893836975097656,2865
2012-07-31,42.0,46.650001525878906,42.0,45.650001525878906,42.107601165771484,40858
2012-08-01,45.0,45.79999923706055,43.900001525878906,45.400001525878906,41.876991271972656,13783
2012-08-02,45.0,47.349998474121094,44.25,47.04999923706055,43.398956298828125,29263
2012-08-03,46.900001525878906,46.900001525878906,45.0,45.70000076293945,42.153717041015625,31336
2012-08-06,45.45000076293945,47.5,44.5,47.0,43.35283660888672,52454
2012-08-07,46.900001525878906,48.29999923706055,46.150001525878906,48.099998474121094,44.36748123168945,56613
2012-08-08,47.0,47.75,46.099998474121094,47.0,43.35283660888672,29405
2012-08-09,47.400001525878906,47.400001525878906,45.900001525878906,46.099998474121094,42.52267074584961,8526
2012-08-10,45.900001525878906,47.20000076293945,45.150001525878906,46.70000076293945,43.07611846923828,18923
2012-08-13,46.70000076293945,46.70000076293945,45.70000076293945,45.849998474121094,42.292076110839844,6303
2012-08-14,45.79999923706055,45.95000076293945,44.599998474121094,44.900001525878906,41.41579055786133,9556
2012-08-16,45.04999923706055,45.25,44.0,44.04999923706055,40.631752014160156,3892
2012-08-17,44.0,46.099998474121094,44.0,45.900001525878906,42.338199615478516,84943
2012-08-21,47.29999923706055,47.29999923706055,45.0,46.0,42.43042755126953,70514
2012-08-22,45.849998474121094,45.849998474121094,45.25,45.349998474121094,41.830875396728516,1941
2012-08-23,45.5,45.70000076293945,45.5,45.650001525878906,42.107601165771484,6099
2012-08-24,45.099998474121094,46.0,44.29999923706055,44.29999923706055,40.86235427856445,6718
2012-08-27,41.0,44.5,41.0,43.150001525878906,39.80159378051758,16004
2012-08-28,42.599998474121094,44.0,42.599998474121094,43.599998474121094,40.2166748046875,12154
2012-08-29,43.20000076293945,43.79999923706055,42.70000076293945,43.150001525878906,39.80159378051758,7075
2012-08-30,43.04999923706055,43.54999923706055,43.04999923706055,43.099998474121094,39.755470275878906,3420
2012-08-31,43.0,43.650001525878906,43.0,43.04999923706055,39.709346771240234,12837
2012-09-03,41.0,43.54999923706055,40.650001525878906,42.0,38.7408332824707,61310
2012-09-04,41.150001525878906,44.900001525878906,41.150001525878906,44.29999923706055,40.86235427856445,30215
2012-09-05,44.400001525878906,45.04999923706055,42.900001525878906,43.0,39.663230895996094,16701
2012-09-06,42.5,43.25,42.0,42.70000076293945,39.38651657104492,14294
2012-09-07,43.349998474121094,44.54999923706055,43.349998474121094,44.20000076293945,40.77010726928711,22947
2012-09-10,44.099998474121094,45.599998474121094,43.79999923706055,44.95000076293945,41.4619140625,92070
2012-09-11,45.0,45.0,43.0,44.5,41.04683303833008,19554
2012-09-12,44.45000076293945,45.0,43.5,43.79999923706055,40.40115737915039,9390
2012-09-13,44.0,44.099998474121094,43.0,43.099998474121094,39.755470275878906,3750
2012-09-14,43.5,43.849998474121094,42.900001525878906,43.20000076293945,39.84771728515625,14550
2012-09-17,43.25,47.04999923706055,42.79999923706055,46.29999923706055,42.70716094970703,107858
2012-09-18,46.349998474121094,47.0,43.599998474121094,44.349998474121094,40.908470153808594,44680
2012-09-20,44.650001525878906,47.5,43.04999923706055,46.900001525878906,43.26061248779297,62029
2012-09-21,46.400001525878906,46.849998474121094,45.25,46.099998474121094,42.52267074584961,13030
2012-09-24,46.20000076293945,47.0,45.79999923706055,46.400001525878906,42.799400329589844,12225
2012-09-25,46.5,48.20000076293945,45.900001525878906,47.79999923706055,44.09075927734375,46816
2012-09-26,47.599998474121094,48.0,46.150001525878906,46.349998474121094,42.75328063964844,9145
2012-09-27,46.5,46.75,46.0,46.150001525878906,42.568790435791016,5032
2012-09-28,47.0,47.0,45.900001525878906,46.0,42.43042755126953,10282
2012-10-01,46.45000076293945,49.5,45.900001525878906,47.29999923706055,43.629554748535156,30364
2012-10-03,47.150001525878906,50.099998474121094,45.900001525878906,49.599998474121094,45.75108337402344,84637
2012-10-04,50.0,50.79999923706055,48.5,49.599998474121094,45.75108337402344,21473
2012-10-05,49.599998474121094,50.20000076293945,47.599998474121094,49.70000076293945,45.84331512451172,34531
2012-10-08,50.0,50.29999923706055,48.25,49.650001525878906,45.797203063964844,26049
2012-10-09,50.0,51.70000076293945,48.400001525878906,49.349998474121094,45.52047348022461,35561
2012-10-10,49.20000076293945,49.20000076293945,47.400001525878906,48.54999923706055,44.78256607055664,4937
2012-10-11,48.599998474121094,50.650001525878906,48.599998474121094,50.400001525878906,46.4890022277832,26369
2012-10-12,50.0,50.599998474121094,49.79999923706055,49.95000076293945,46.07391357421875,11454
2012-10-15,49.79999923706055,50.5,49.70000076293945,50.0,46.12004470825195,12831
2012-10-16,49.70000076293945,50.0,47.900001525878906,48.5,44.7364387512207,8795
2012-10-17,48.5,49.0,48.099998474121094,48.45000076293945,44.69032287597656,6443
2012-10-18,48.5,49.400001525878906,47.75,48.400001525878906,44.644203186035156,8124
2012-10-19,48.20000076293945,48.79999923706055,47.79999923706055,48.099998474121094,44.36748123168945,19006
2012-10-22,47.5,48.0,47.400001525878906,47.400001525878906,43.721797943115234,7603
2012-10-23,47.400001525878906,49.400001525878906,47.400001525878906,48.0,44.27524185180664,13098
2012-10-25,49.400001525878906,51.0,48.04999923706055,49.650001525878906,45.797203063964844,34783
2012-10-29,48.849998474121094,50.20000076293945,48.0,49.70000076293945,45.84331512451172,18802
2012-10-30,50.29999923706055,52.79999923706055,50.29999923706055,52.400001525878906,48.33381271362305,104797
2012-10-31,53.400001525878906,55.79999923706055,52.599998474121094,55.04999923706055,50.77816390991211,201923
2012-11-01,55.0,55.900001525878906,54.849998474121094,55.5,51.1932487487793,41663
2012-11-02,55.099998474121094,55.5,54.849998474121094,55.25,50.962646484375,92007
2012-11-05,55.599998474121094,56.0,54.0,55.099998474121094,50.82427978515625,20804
2012-11-06,55.0,59.25,54.5,58.04999923706055,53.545372009277344,93294
2012-11-07,57.0,59.900001525878906,55.650001525878906,58.79999923706055,54.237159729003906,44818
2012-11-08,57.5,58.79999923706055,56.5,57.75,53.496097564697266,17787
2012-11-09,58.95000076293945,58.95000076293945,55.349998474121094,55.70000076293945,51.597103118896484,51321
2012-11-12,56.0,56.75,53.04999923706055,53.95000076293945,49.976009368896484,11318
2012-11-15,54.0,55.25,53.150001525878906,54.79999923706055,50.76339340209961,7970
2012-11-16,54.400001525878906,55.0,53.79999923706055,53.849998474121094,49.88336944580078,13363
2012-11-19,54.0,54.0,52.25,52.79999923706055,48.91071319580078,14165
2012-11-20,53.099998474121094,54.0,52.25,53.0,49.09598922729492,18245
2012-11-21,53.0,54.5,52.95000076293945,54.0,50.02232360839844,4508
2012-11-22,54.0,55.5,53.79999923706055,54.5,50.48549270629883,633759
2012-11-23,54.29999923706055,54.75,53.0,53.5,49.55915069580078,5294
2012-11-26,53.45000076293945,54.5,52.25,53.5,49.55915069580078,9822
2012-11-27,53.0,56.400001525878906,52.04999923706055,55.95000076293945,51.828678131103516,326106
2012-11-29,56.150001525878906,56.900001525878906,53.599998474121094,54.04999923706055,50.06863784790039,100257
2012-11-30,54.650001525878906,54.95000076293945,50.29999923706055,51.349998474121094,47.56752395629883,1990057
2012-12-03,51.599998474121094,52.95000076293945,51.20000076293945,52.400001525878906,48.54018020629883,101996
2012-12-04,52.400001525878906,55.5,52.04999923706055,54.79999923706055,50.76339340209961,437359
2012-12-05,54.5,55.900001525878906,52.45000076293945,53.95000076293945,49.976009368896484,49178
2012-12-06,53.79999923706055,56.400001525878906,53.0,53.20000076293945,49.28125762939453,40213
2012-12-07,53.54999923706055,54.599998474121094,53.0,53.0,49.09598922729492,9417
2012-12-10,53.54999923706055,54.150001525878906,52.95000076293945,53.79999923706055,49.837059020996094,208001
2012-12-11,53.650001525878906,53.95000076293945,53.0,53.25,49.327571868896484,124996
2012-12-12,53.099998474121094,53.900001525878906,52.54999923706055,53.099998474121094,49.18861770629883,40077
2012-12-13,53.150001525878906,53.349998474121094,52.099998474121094,52.599998474121094,48.72544479370117,15140
2012-12-14,52.79999923706055,52.79999923706055,51.099998474121094,51.5,47.70647048950195,23328
2012-12-17,51.5,53.0,50.900001525878906,52.0,48.169647216796875,19252
2012-12-18,51.75,52.29999923706055,51.599998474121094,52.099998474121094,48.26227569580078,119648
2012-12-19,52.25,53.95000076293945,52.04999923706055,52.599998474121094,48.72544479370117,30572
2012-12-20,53.0,54.70000076293945,52.75,54.0,50.02232360839844,82877
2012-12-21,54.099998474121094,55.0,51.900001525878906,53.75,49.79074478149414,75490
2012-12-24,54.400001525878906,55.5,52.70000076293945,55.0,50.94866180419922,66803
2012-12-26,54.900001525878906,58.0,54.0,56.599998474121094,52.43080520629883,60462
2012-12-27,57.25,57.25,54.0,54.25,50.25391387939453,5919
2012-12-28,54.849998474121094,56.95000076293945,53.099998474121094,55.79999923706055,51.68972396850586,18359
2012-12-31,55.5,59.900001525878906,55.0,59.54999923706055,55.16351318359375,235504
2013-01-01,61.099998474121094,62.599998474121094,55.0,57.349998474121094,53.12556457519531,492071
2013-01-02,57.04999923706055,60.5,56.650001525878906,59.95000076293945,55.53404998779297,122979
2013-01-03,60.0,62.0,58.849998474121094,60.54999923706055,56.089847564697266,84996
2013-01-04,61.0,62.0,60.25,61.25,56.73828125,47560
2013-01-07,61.599998474121094,62.25,61.0,61.599998474121094,57.062503814697266,63846
2013-01-08,61.599998474121094,62.0,59.95000076293945,61.79999923706055,57.24776840209961,41592
2013-01-09,62.900001525878906,63.70000076293945,57.54999923706055,59.29999923706055,54.93191146850586,117320
2013-01-10,60.79999923706055,60.900001525878906,58.0,60.400001525878906,55.95089340209961,58576
2013-01-11,60.349998474121094,63.25,58.0,59.25,54.88560485839844,324459
2013-01-14,60.95000076293945,62.29999923706055,58.0,62.04999923706055,57.47935485839844,117011
2013-01-15,63.5,63.5,60.5,61.0,56.506710052490234,30917
2013-01-16,63.70000076293945,63.70000076293945,58.0,58.400001525878906,54.09821701049805,25166
2013-01-17,59.79999923706055,61.349998474121094,58.099998474121094,60.95000076293945,56.46038818359375,61300
2013-01-18,61.45000076293945,61.45000076293945,58.5,60.70000076293945,56.22879409790039,58178
2013-01-21,60.5,60.5,58.599998474121094,59.0,54.65402603149414,18752
2013-01-22,58.70000076293945,60.29999923706055,58.650001525878906,59.20000076293945,54.83928680419922,45189
2013-01-23,59.0,60.0,57.04999923706055,57.45000076293945,53.218196868896484,26485
2013-01-24,58.29999923706055,58.29999923706055,55.20000076293945,55.900001525878906,51.782371520996094,17784
2013-01-25,56.0,57.04999923706055,55.400001525878906,56.70000076293945,52.52344512939453,12937
2013-01-28,56.79999923706055,57.95000076293945,56.5,56.849998474121094,52.66238784790039,4766
2013-01-29,56.79999923706055,57.849998474121094,56.5,56.900001525878906,52.708702087402344,8962
2013-01-30,56.79999923706055,57.900001525878906,55.5,56.400001525878906,52.24553680419922,25717
2013-01-31,56.599998474121094,58.54999923706055,56.099998474121094,57.900001525878906,53.63505172729492,40812
2013-02-01,58.0,61.0,55.5,57.599998474121094,53.35714340209961,10501979
2013-02-04,58.75,59.849998474121094,56.5,57.79999923706055,53.54241180419922,44433
2013-02-05,58.0,58.0,55.75,55.900001525878906,51.782371520996094,55181
2013-02-06,55.599998474121094,56.75,55.0,55.150001525878906,51.08761978149414,77249
2013-02-07,55.150001525878906,55.54999923706055,54.5,54.599998474121094,50.578128814697266,64174
2013-02-08,54.599998474121094,55.25,54.5,54.599998474121094,50.578128814697266,710803
2013-02-11,54.650001525878906,55.5,54.599998474121094,55.04999923706055,50.9949836730957,16536
2013-02-12,55.04999923706055,56.5,54.75,54.79999923706055,50.76339340209961,23643
2013-02-13,54.70000076293945,57.0,54.599998474121094,54.79999923706055,50.76339340209961,40494
2013-02-14,55.04999923706055,55.20000076293945,54.0,54.04999923706055,50.06863784790039,43773
2013-02-15,54.04999923706055,54.04999923706055,51.0,52.349998474121094,48.493865966796875,46088
2013-02-18,53.0,53.45000076293945,51.54999923706055,53.0,49.09598922729492,39727
2013-02-19,53.45000076293945,56.04999923706055,52.25,55.599998474121094,51.50447082519531,30614
2013-02-20,56.04999923706055,57.95000076293945,55.0,55.04999923706055,50.9949836730957,19759
2013-02-21,55.54999923706055,59.0,53.900001525878906,54.849998474121094,50.80971145629883,39286
2013-02-22,55.20000076293945,55.45000076293945,54.349998474121094,54.900001525878906,50.85603332519531,24808
2013-02-25,55.0,55.0,53.0,53.099998474121094,49.18861770629883,10517
2013-02-26,52.900001525878906,54.0,52.20000076293945,52.5,48.632816314697266,46654
2013-02-27,56.95000076293945,57.0,52.599998474121094,54.599998474121094,50.578128814697266,35135
2013-02-28,55.0,55.95000076293945,50.0,51.20000076293945,47.4285774230957,31617
2013-03-01,51.5,53.5,51.5,52.95000076293945,49.0496711730957,19504
2013-03-04,53.0,53.45000076293945,52.0,52.29999923706055,48.44755172729492,8879
2013-03-05,52.29999923706055,54.04999923706055,52.0,53.599998474121094,49.65178680419922,13351
2013-03-06,53.5,54.900001525878906,52.099998474121094,54.400001525878906,50.392860412597656,18588
2013-03-07,54.54999923706055,55.04999923706055,53.5,54.79999923706055,50.76339340209961,6839
2013-03-08,54.25,57.150001525878906,53.54999923706055,56.04999923706055,51.921321868896484,19427
2013-03-11,56.54999923706055,56.650001525878906,53.5,54.0,50.02232360839844,23675
2013-03-12,55.0,56.0,53.54999923706055,54.45000076293945,50.43918228149414,5838
2013-03-13,54.04999923706055,54.5,53.0,53.099998474121094,49.18861770629883,13137
2013-03-14,53.150001525878906,53.79999923706055,52.5,52.650001525878906,48.771759033203125,29927
2013-03-15,52.54999923706055,54.0,51.75,52.599998474121094,48.72544479370117,178395
2013-03-18,54.0,54.0,52.04999923706055,52.650001525878906,48.771759033203125,3671
2013-03-19,52.20000076293945,52.900001525878906,52.0,52.099998474121094,48.26227569580078,11281
2013-03-20,52.0,52.5,51.75,52.0,48.169647216796875,25954
2013-03-21,52.0,52.849998474121094,51.5,52.0,48.169647216796875,10563
2013-03-22,52.0,52.099998474121094,51.5,52.0,48.169647216796875,6152
2013-03-25,51.75,55.0,51.75,52.0,48.169647216796875,20516
2013-03-26,52.900001525878906,53.25,52.0,52.0,48.169647216796875,28006
2013-03-28,52.5,54.25,51.849998474121094,52.29999923706055,48.44755172729492,7734
2013-04-01,52.5,54.0,52.0,52.150001525878906,48.308597564697266,3174
2013-04-02,51.75,53.099998474121094,51.75,52.29999923706055,48.44755172729492,18965
2013-04-03,52.900001525878906,53.650001525878906,51.5,51.75,47.93806076049805,11000
2013-04-04,51.54999923706055,52.20000076293945,51.5,52.0,48.169647216796875,10557
2013-04-05,51.5,54.0,51.5,53.400001525878906,49.466522216796875,14940
2013-04-08,52.54999923706055,53.0,51.75,52.04999923706055,48.21595764160156,2205
2013-04-09,52.04999923706055,53.75,52.0,52.0,48.169647216796875,11266
2013-04-10,52.900001525878906,52.900001525878906,51.54999923706055,52.099998474121094,48.26227569580078,2606
2013-04-11,51.599998474121094,53.900001525878906,51.25,52.650001525878906,48.771759033203125,8368
2013-04-12,52.099998474121094,53.54999923706055,52.0,53.0,49.09598922729492,7114
2013-04-15,53.0,53.0,52.0,52.099998474121094,48.26227569580078,2434
2013-04-16,52.04999923706055,52.45000076293945,52.0,52.04999923706055,48.21595764160156,4501
2013-04-17,52.099998474121094,52.45000076293945,52.0,52.45000076293945,48.58649444580078,1390
2013-04-18,52.0,52.95000076293945,52.0,52.099998474121094,48.26227569580078,4646
2013-04-22,52.400001525878906,54.20000076293945,52.150001525878906,52.95000076293945,49.0496711730957,4746
2013-04-23,52.599998474121094,52.95000076293945,52.150001525878906,52.70000076293945,48.81808853149414,2963
2013-04-25,52.54999923706055,53.0,52.0,52.04999923706055,48.21595764160156,11772
2013-04-26,52.0,52.45000076293945,51.95000076293945,52.0,48.169647216796875,9235
2013-04-29,52.0,52.75,52.0,52.04999923706055,48.21595764160156,12336
2013-04-30,51.54999923706055,52.849998474121094,51.0,52.04999923706055,48.21595764160156,3536
2013-05-02,52.04999923706055,54.150001525878906,52.04999923706055,53.349998474121094,49.42020034790039,21223
2013-05-03,53.0,54.04999923706055,52.70000076293945,53.75,49.79074478149414,9571
2013-05-06,53.20000076293945,54.900001525878906,53.20000076293945,54.45000076293945,50.43918228149414,14138
2013-05-07,54.5,55.099998474121094,53.04999923706055,55.0,50.94866180419922,11722
2013-05-08,55.0,56.0,54.150001525878906,55.75,51.64341735839844,9541
2013-05-09,55.75,57.75,55.25,56.54999923706055,52.38449478149414,11295
2013-05-10,57.0,58.29999923706055,56.099998474121094,56.95000076293945,52.75502014160156,10755
2013-05-13,55.150001525878906,56.650001525878906,53.0,54.0,50.02232360839844,20561
2013-05-14,53.599998474121094,56.70000076293945,53.5,55.349998474121094,51.27287673950195,13561
2013-05-15,55.5,56.75,55.0,55.900001525878906,51.782371520996094,13741
2013-05-16,55.5,57.25,55.5,57.0,52.80133819580078,23150
2013-05-17,56.650001525878906,59.0,54.79999923706055,58.599998474121094,54.28348159790039,29835
2013-05-20,58.0,58.95000076293945,56.20000076293945,57.099998474121094,52.89397430419922,11104
2013-05-21,57.0,57.349998474121094,56.0,56.099998474121094,51.96764373779297,17538
2013-05-22,57.54999923706055,57.54999923706055,56.0,56.0,51.874996185302734,23325
2013-05-23,56.04999923706055,58.0,56.04999923706055,57.04999923706055,52.84765625,11425
2013-05-24,56.5,57.0,55.79999923706055,56.20000076293945,52.06027603149414,29407
2013-05-27,55.099998474121094,57.54999923706055,55.099998474121094,56.150001525878906,52.013954162597656,5754
2013-05-28,56.099998474121094,56.900001525878906,56.0,56.0,51.874996185302734,5511
2013-05-29,55.099998474121094,56.70000076293945,55.099998474121094,56.400001525878906,52.24553680419922,4007
2013-05-30,56.25,56.849998474121094,56.04999923706055,56.70000076293945,52.52344512939453,4260
2013-05-31,56.20000076293945,56.70000076293945,56.0,56.099998474121094,51.96764373779297,92156
2013-06-03,56.849998474121094,56.849998474121094,56.04999923706055,56.04999923706055,51.921321868896484,4860
2013-06-04,57.0,57.0,56.04999923706055,56.650001525878906,52.47713088989258,7394
2013-06-05,56.20000076293945,57.0,55.5,56.0,51.874996185302734,1676898
2013-06-06,55.900001525878906,56.95000076293945,55.5,56.5,52.33817672729492,1714436
2013-06-07,56.0,57.0,55.400001525878906,55.5,51.41183853149414,8472
2013-06-10,55.349998474121094,55.650001525878906,54.04999923706055,54.349998474121094,50.34654235839844,5550
2013-06-11,54.349998474121094,56.0,52.54999923706055,53.04999923706055,49.14229965209961,11400
2013-06-12,53.0,54.599998474121094,53.0,53.0,49.09598922729492,3122
2013-06-13,52.5,54.5,50.75,53.45000076293945,49.51283645629883,11476
2013-06-14,54.0,58.0,54.0,56.20000076293945,52.06027603149414,16324
2013-06-17,56.29999923706055,57.0,54.54999923706055,56.349998474121094,52.19921875,18952
2013-06-18,56.0,57.29999923706055,55.099998474121094,55.400001525878906,51.31919860839844,16051
2013-06-19,55.099998474121094,56.099998474121094,54.75,55.099998474121094,51.041297912597656,1870
2013-06-20,54.70000076293945,55.79999923706055,53.0,53.54999923706055,49.60546875,10562
2013-06-21,53.0,54.29999923706055,52.54999923706055,53.54999923706055,49.60546875,13780
2013-06-24,52.0,53.04999923706055,51.75,52.099998474121094,48.26227569580078,5355
2013-06-25,52.0,52.70000076293945,50.599998474121094,51.599998474121094,47.799110412597656,321917
2013-06-26,51.849998474121094,52.400001525878906,51.5,51.849998474121094,48.03070068359375,8295
2013-06-27,52.20000076293945,52.20000076293945,51.5,51.5,47.70647048950195,9079
2013-06-28,51.5,53.400001525878906,51.5,52.599998474121094,48.72544479370117,6103
2013-07-01,54.900001525878906,54.900001525878906,52.5,52.5,48.632816314697266,2114
2013-07-02,52.099998474121094,53.70000076293945,52.099998474121094,52.54999923706055,48.67913055419922,2900
2013-07-03,52.349998474121094,53.54999923706055,52.25,52.29999923706055,48.44755172729492,2549
2013-07-04,53.0,55.79999923706055,53.0,55.04999923706055,50.9949836730957,19424
2013-07-05,55.54999923706055,56.900001525878906,55.54999923706055,56.25,52.106590270996094,11451
2013-07-08,55.70000076293945,55.70000076293945,55.0,55.0,50.94866180419922,1538
2013-07-09,56.0,56.0,54.75,55.0,50.94866180419922,133344
2013-07-10,55.5,55.900001525878906,55.0,55.400001525878906,51.31919860839844,4226
2013-07-11,55.0,55.79999923706055,54.5,55.0,50.94866180419922,4172
2013-07-12,55.0,55.79999923706055,55.0,55.29999923706055,51.226566314697266,7580
2013-07-15,55.099998474121094,56.0,55.0,55.45000076293945,51.36552047729492,135374
2013-07-16,55.099998474121094,55.75,55.0,55.0,50.94866180419922,38236
2013-07-17,55.04999923706055,56.45000076293945,54.79999923706055,55.0,50.94866180419922,16894
2013-07-18,55.150001525878906,56.0,55.0,55.099998474121094,51.041297912597656,9632
2013-07-19,55.5,62.599998474121094,55.0,60.650001525878906,56.18247985839844,44767
2013-07-22,61.0,63.0,59.0,60.20000076293945,55.765621185302734,132060
2013-07-23,63.0,63.0,55.150001525878906,56.349998474121094,52.19921875,278084
2013-07-24,56.0,56.349998474121094,53.650001525878906,54.599998474121094,51.07666015625,19571
2013-07-25,54.29999923706055,54.5,52.5,54.0,50.5153694152832,37400
2013-07-26,54.29999923706055,54.29999923706055,53.25,53.54999923706055,50.094417572021484,19299
2013-07-29,53.5,55.20000076293945,51.04999923706055,54.20000076293945,50.702476501464844,74284
2013-07-30,56.0,57.0,49.0,50.5,47.241241455078125,782268
2013-07-31,50.900001525878906,50.900001525878906,45.650001525878906,47.54999923706055,44.48159408569336,39990
2013-08-01,50.400001525878906,50.54999923706055,44.20000076293945,49.900001525878906,46.679954528808594,3244897
2013-08-02,50.0,50.75,48.150001525878906,50.25,47.007354736328125,46026
2013-08-05,50.95000076293945,51.0,47.75,48.75,45.604156494140625,2177769
2013-08-06,49.5,51.5,47.650001525878906,48.900001525878906,45.744483947753906,3548479
2013-08-07,49.5,54.5,47.900001525878906,52.20000076293945,48.83152389526367,799252
2013-08-08,50.599998474121094,52.0,50.599998474121094,51.099998474121094,47.80251693725586,6998
2013-08-12,51.0,53.45000076293945,49.099998474121094,52.75,49.346046447753906,15015
2013-08-13,52.099998474121094,54.0,52.099998474121094,53.54999923706055,50.094417572021484,20958
2013-08-14,53.0,53.849998474121094,52.04999923706055,52.849998474121094,49.439579010009766,4638
2013-08-16,52.5,52.5,50.5,50.599998474121094,47.33477020263672,17022
2013-08-19,50.0,51.0,47.5,48.54999923706055,45.41706085205078,35518
2013-08-20,49.599998474121094,53.0,47.54999923706055,50.400001525878906,47.14768600463867,9297
2013-08-21,50.0,52.650001525878906,49.5,50.75,47.47509765625,8729
2013-08-22,50.099998474121094,51.349998474121094,49.45000076293945,49.54999923706055,46.352542877197266,2586
2013-08-23,50.0,50.150001525878906,48.29999923706055,48.599998474121094,45.46383285522461,8730
2013-08-26,48.5,49.0,48.0,48.04999923706055,44.9493293762207,3951
2013-08-27,50.29999923706055,50.29999923706055,47.099998474121094,47.400001525878906,44.341270446777344,3791
2013-08-28,47.0,49.650001525878906,45.5,48.849998474121094,45.69770812988281,1596358
2013-08-29,48.5,49.45000076293945,48.25,48.25,45.13642120361328,4818
2013-08-30,48.04999923706055,49.400001525878906,46.650001525878906,47.70000076293945,44.62192916870117,6559
2013-09-02,47.20000076293945,47.5,45.79999923706055,46.04999923706055,43.07838439941406,16772
2013-09-03,46.5,47.849998474121094,46.04999923706055,46.599998474121094,43.5928955078125,7954
2013-09-04,46.099998474121094,47.0,45.20000076293945,46.0,43.0316162109375,6948
2013-09-05,46.04999923706055,49.04999923706055,46.04999923706055,48.20000076293945,45.08964920043945,8184
2013-09-06,48.400001525878906,50.45000076293945,47.099998474121094,50.0,46.77349853515625,15998
2013-09-10,50.0,51.25,49.5,50.95000076293945,47.66218948364258,45207
2013-09-11,50.099998474121094,50.54999923706055,50.0,50.04999923706055,46.82027053833008,3073
2013-09-12,50.0,50.25,49.5,49.75,46.53963088989258,4433
2013-09-13,49.400001525878906,51.75,49.04999923706055,50.099998474121094,46.867042541503906,4042
2013-09-16,51.0,51.0,49.0,49.900001525878906,46.679954528808594,7660
2013-09-17,49.5,50.5,49.5,49.95000076293945,46.72671890258789,4562
2013-09-18,49.79999923706055,52.70000076293945,49.75,50.25,47.007354736328125,12875
2013-09-19,51.0,51.75,40.20000076293945,50.150001525878906,46.91382598876953,34453
2013-09-20,50.0,50.45000076293945,49.099998474121094,50.150001525878906,46.91382598876953,11666
2013-09-23,50.0,50.75,49.5,49.79999923706055,46.58639907836914,17941
2013-09-24,50.04999923706055,51.29999923706055,50.0,51.150001525878906,47.84929275512695,3178
2013-09-25,50.5,50.75,49.54999923706055,50.0,46.77349853515625,4474
2013-09-26,50.0,50.45000076293945,49.5,50.04999923706055,46.82027053833008,6332
2013-09-27,50.0,51.0,49.54999923706055,50.45000076293945,47.194454193115234,6548
2013-09-30,48.04999923706055,51.0,48.04999923706055,50.0,46.77349853515625,64533
2013-10-01,50.099998474121094,51.0,50.0,50.75,47.47509765625,33625
2013-10-03,50.04999923706055,51.79999923706055,49.79999923706055,50.25,47.007354736328125,6072
2013-10-04,50.0,50.900001525878906,49.20000076293945,49.95000076293945,46.72671890258789,2447
2013-10-07,51.0,51.0,50.0,50.099998474121094,46.867042541503906,4969
2013-10-08,50.20000076293945,51.349998474121094,49.79999923706055,50.349998474121094,47.100914001464844,18399
2013-10-09,50.400001525878906,53.0,50.0,51.900001525878906,48.5508918762207,18209
2013-10-10,52.0,53.900001525878906,51.29999923706055,53.54999923706055,50.094417572021484,10187
2013-10-11,53.04999923706055,55.0,52.5,53.79999923706055,50.32828140258789,14077
2013-10-14,52.099998474121094,55.0,52.099998474121094,54.79999923706055,51.26375198364258,8529
2013-10-15,54.29999923706055,54.95000076293945,53.0,53.29999923706055,49.86054611206055,9872
2013-10-17,53.54999923706055,54.75,53.5,54.5,50.98310089111328,13789
2013-10-18,53.75,54.5,51.650001525878906,52.95000076293945,49.53313064575195,10621
2013-10-21,52.54999923706055,53.400001525878906,51.599998474121094,52.849998474121094,49.439579010009766,2080
2013-10-22,54.0,54.0,53.0,53.54999923706055,50.094417572021484,6232
2013-10-23,53.5,54.0,52.04999923706055,52.349998474121094,48.97185134887695,6901
2013-10-24,53.95000076293945,54.650001525878906,53.54999923706055,53.70000076293945,50.2347412109375,23977
2013-10-25,53.0,53.0,51.0,51.599998474121094,48.27024459838867,5210
2013-10-28,51.349998474121094,51.54999923706055,50.0,50.25,47.007354736328125,7947
2013-10-29,53.900001525878906,53.900001525878906,50.099998474121094,50.5,47.241241455078125,5237
2013-10-30,50.0,52.79999923706055,50.0,51.79999923706055,48.457340240478516,13479
2013-10-31,51.599998474121094,52.95000076293945,51.0,52.45000076293945,49.065399169921875,34928
2013-11-01,52.20000076293945,53.54999923706055,52.20000076293945,53.099998474121094,49.673458099365234,13346
2013-11-05,57.400001525878906,57.400001525878906,52.04999923706055,54.650001525878906,51.12343215942383,15847
2013-11-06,54.04999923706055,54.900001525878906,52.79999923706055,54.29999923706055,50.796016693115234,13307
2013-11-07,55.0,55.0,50.95000076293945,51.5,48.17670440673828,80869
2013-11-08,51.70000076293945,51.70000076293945,50.95000076293945,51.04999923706055,47.7557258605957,124183
2013-11-11,51.900001525878906,53.04999923706055,51.150001525878906,51.349998474121094,48.03638458251953,7168
2013-11-12,51.20000076293945,52.849998474121094,50.04999923706055,51.0,47.70896911621094,7751
2013-11-13,51.0,51.0,50.0,50.04999923706055,46.82027053833008,3333
2013-11-14,50.5,51.95000076293945,50.04999923706055,50.75,47.47509765625,8444
2013-11-18,51.04999923706055,51.04999923706055,50.0,50.0,46.95855712890625,5502
2013-11-19,50.099998474121094,53.900001525878906,49.5,49.95000076293945,46.91159439086914,16121
2013-11-20,50.0,50.75,49.5,50.0,46.95855712890625,37867
2013-11-21,50.04999923706055,50.5,49.099998474121094,50.0,46.95855712890625,17933
2013-11-22,50.0,52.0,50.0,51.400001525878906,48.27340316772461,8110
2013-11-25,51.0,52.0,50.20000076293945,50.54999923706055,47.475093841552734,4751
2013-11-26,50.5,51.70000076293945,50.0,50.75,47.662933349609375,12363
2013-11-27,50.5,51.45000076293945,49.849998474121094,51.400001525878906,48.27340316772461,175507
2013-11-28,51.0,52.95000076293945,50.20000076293945,52.25,49.07168960571289,16449
2013-11-29,51.5,52.900001525878906,50.5,51.70000076293945,48.555145263671875,9388
2013-12-02,52.0,52.45000076293945,50.04999923706055,52.099998474121094,48.930809020996094,11981
2013-12-03,50.29999923706055,52.0,50.29999923706055,51.400001525878906,48.27340316772461,7464
2013-12-04,51.650001525878906,52.599998474121094,51.25,51.5,48.367313385009766,10959
2013-12-05,51.54999923706055,51.95000076293945,51.099998474121094,51.5,48.367313385009766,3708
2013-12-06,51.099998474121094,52.45000076293945,51.0,51.849998474121094,48.696022033691406,10066
2013-12-09,52.5,52.5,51.04999923706055,51.45000076293945,48.320350646972656,5040
2013-12-10,51.45000076293945,51.79999923706055,50.70000076293945,51.20000076293945,48.0855598449707,9189
2013-12-11,51.04999923706055,51.900001525878906,51.04999923706055,51.70000076293945,48.555145263671875,2547
2013-12-12,51.5,52.0,51.0,51.599998474121094,48.46122741699219,24106
2013-12-13,51.29999923706055,51.5,51.04999923706055,51.5,48.367313385009766,3311
2013-12-16,51.5,51.95000076293945,51.0,51.5,48.367313385009766,10959
2013-12-17,52.79999923706055,52.79999923706055,51.5,52.150001525878906,48.9777717590332,4423
2013-12-18,51.5,52.5,51.5,52.25,49.07168960571289,2825
2013-12-19,51.5,52.79999923706055,51.20000076293945,51.650001525878906,48.508182525634766,29177
2013-12-20,52.5,52.5,51.0,51.54999923706055,48.41427230834961,9153
2013-12-23,51.849998474121094,52.0,51.150001525878906,51.29999923706055,48.179473876953125,18650
2013-12-24,51.20000076293945,51.45000076293945,50.04999923706055,50.75,47.662933349609375,18465
2013-12-26,51.099998474121094,52.0,50.599998474121094,51.0,47.897727966308594,23159
2013-12-27,51.95000076293945,52.5,50.95000076293945,51.650001525878906,48.508182525634766,22477
2013-12-30,51.5,52.400001525878906,51.5,51.75,48.60211181640625,4452
2013-12-31,51.20000076293945,52.04999923706055,51.20000076293945,52.0,48.83689498901367,6293
2014-01-01,52.5,54.349998474121094,52.0,53.75,50.48044967651367,13798
2014-01-02,53.75,56.0,53.04999923706055,53.849998474121094,50.574363708496094,26801
2014-01-03,53.5,56.0,52.5,54.849998474121094,51.51353454589844,31854
2014-01-06,55.25,58.5,54.150001525878906,56.04999923706055,52.64054489135742,23936
2014-01-07,56.0,57.150001525878906,56.0,56.45000076293945,53.01621627807617,20579
2014-01-08,56.0,58.04999923706055,55.0,57.349998474121094,53.8614616394043,80471
2014-01-09,57.099998474121094,58.400001525878906,56.849998474121094,57.95000076293945,54.424964904785156,19439
2014-01-10,57.5,58.29999923706055,55.79999923706055,58.0,54.471920013427734,35079
2014-01-13,57.5,60.900001525878906,57.0,59.95000076293945,56.303306579589844,38291
2014-01-14,61.20000076293945,68.9000015258789,60.0,65.0999984741211,61.140045166015625,262549
2014-01-15,67.6500015258789,67.75,62.400001525878906,65.3499984741211,61.37482452392578,74229
2014-01-16,65.0,67.5,62.400001525878906,65.75,61.750511169433594,327690
2014-01-17,66.9000015258789,66.9000015258789,63.0,63.45000076293945,59.59041213989258,30245
2014-01-20,63.0,63.5,60.599998474121094,61.150001525878906,57.4303092956543,7220
2014-01-21,60.79999923706055,61.5,60.0,60.150001525878906,56.491146087646484,4148
2014-01-22,60.099998474121094,61.349998474121094,58.5,59.45000076293945,55.83372497558594,12431
2014-01-23,60.400001525878906,61.20000076293945,59.599998474121094,60.04999923706055,56.397220611572266,8722
2014-01-24,59.0,60.400001525878906,56.900001525878906,58.04999923706055,54.518882751464844,34668
2014-01-27,60.79999923706055,60.79999923706055,56.0,56.79999923706055,53.34492111206055,12784
2014-01-28,57.0,57.900001525878906,56.5,56.79999923706055,53.34492111206055,9071
2014-01-29,60.0,60.0,56.5,56.5,53.06316375732422,32253
2014-01-30,56.599998474121094,57.45000076293945,56.5,56.79999923706055,53.34492111206055,3415
2014-01-31,58.5,59.5,55.150001525878906,55.650001525878906,52.264869689941406,30797
2014-02-03,56.0,56.5,55.150001525878906,55.79999923706055,52.40574645996094,19932
2014-02-04,56.29999923706055,57.400001525878906,55.0,56.849998474121094,53.391876220703125,23196
2014-02-05,55.0,58.5,55.0,55.95000076293945,52.546627044677734,55444
2014-02-06,57.25,57.25,55.099998474121094,55.54999923706055,52.17095184326172,7519
2014-02-07,58.5,58.5,55.54999923706055,56.150001525878906,52.73446273803711,6863
2014-02-10,56.25,58.0,55.54999923706055,56.04999923706055,52.64054489135742,22007
2014-02-11,55.70000076293945,57.0,55.04999923706055,56.20000076293945,52.78141784667969,16115
2014-02-12,56.25,57.0,53.099998474121094,54.5,51.184814453125,13987
2014-02-13,55.95000076293945,55.95000076293945,54.79999923706055,55.150001525878906,51.79528045654297,8523
2014-02-14,55.79999923706055,56.400001525878906,55.400001525878906,56.04999923706055,52.64054489135742,2633
2014-02-17,56.04999923706055,56.95000076293945,55.0,55.29999923706055,51.93616485595703,5545
2014-02-18,55.04999923706055,57.400001525878906,55.04999923706055,56.650001525878906,53.20404815673828,17961
2014-02-19,58.0,62.54999923706055,56.75,57.20000076293945,53.7205810546875,66492
2014-02-20,57.95000076293945,60.5,57.0,58.0,54.471920013427734,41976
2014-02-21,57.650001525878906,61.849998474121094,57.650001525878906,60.29999923706055,56.63201904296875,44360
2014-02-24,60.29999923706055,64.30000305175781,58.25,63.79999923706055,59.91910934448242,1164092
2014-02-25,64.19999694824219,65.19999694824219,58.900001525878906,59.95000076293945,56.303306579589844,103527
2014-02-26,60.95000076293945,60.95000076293945,58.0,58.5,54.94151306152344,50362
2014-02-28,58.0,59.099998474121094,56.5,58.04999923706055,54.518882751464844,13134
2014-03-03,58.150001525878906,58.900001525878906,57.20000076293945,57.650001525878906,54.143218994140625,14590
2014-03-04,57.20000076293945,58.599998474121094,56.099998474121094,58.04999923706055,54.518882751464844,19517
2014-03-05,58.5,59.5,58.0,58.900001525878906,55.317176818847656,20934
2014-03-06,58.599998474121094,60.900001525878906,58.150001525878906,60.150001525878906,56.491146087646484,59367
2014-03-07,61.70000076293945,63.849998474121094,61.0,62.79999923706055,58.979942321777344,273041
2014-03-10,59.29999923706055,68.4000015258789,59.29999923706055,67.0,62.92445373535156,244872
2014-03-11,67.05000305175781,69.5999984741211,65.3499984741211,66.4000015258789,62.360958099365234,937158
2014-03-12,67.0,68.8499984741211,65.69999694824219,66.0,61.985294342041016,51732
2014-03-13,66.5,66.5,61.54999923706055,62.400001525878906,58.604278564453125,54572
2014-03-14,62.0,65.8499984741211,60.75,62.25,58.463401794433594,21900
2014-03-18,62.25,64.4000015258789,61.54999923706055,62.349998474121094,58.557315826416016,29175
2014-03-19,63.79999923706055,66.9000015258789,63.20000076293945,65.4000015258789,61.42178726196289,91596
2014-03-20,65.4000015258789,66.55000305175781,65.0,65.1500015258789,61.18699645996094,36695
2014-03-21,66.0,66.5,65.0,66.05000305175781,62.03225326538086,54446
2014-03-24,65.05000305175781,68.9000015258789,64.8499984741211,68.25,64.09841918945312,185174
2014-03-25,68.0,70.9000015258789,67.0999984741211,69.8499984741211,65.6010971069336,118447
2014-03-26,70.0,71.3499984741211,67.69999694824219,70.0,65.74197387695312,1355864
2014-03-27,71.80000305175781,72.0,69.55000305175781,71.0,66.68113708496094,159370
2014-03-28,71.9000015258789,72.25,70.5,71.8499984741211,67.47944641113281,103264
2014-03-31,72.19999694824219,72.5,71.19999694824219,72.05000305175781,67.66728210449219,42422
2014-04-01,72.0,72.5,70.19999694824219,72.05000305175781,67.66728210449219,84574
2014-04-02,72.0,73.5,71.5,73.0,68.55950164794922,53914
2014-04-03,72.5,76.19999694824219,72.0,74.0999984741211,69.59256744384766,85323
2014-04-04,75.0,76.9000015258789,72.6500015258789,73.5999984741211,69.12299346923828,72261
2014-04-07,73.75,75.5,70.44999694824219,71.55000305175781,67.19768524169922,102774
2014-04-09,71.30000305175781,74.25,70.4000015258789,71.80000305175781,67.43248748779297,102537
2014-04-10,72.69999694824219,74.55000305175781,71.4000015258789,73.94999694824219,69.45169067382812,55462
2014-04-11,73.5,73.5,70.69999694824219,71.19999694824219,66.86897277832031,20584
2014-04-15,72.94999694824219,74.4000015258789,72.0,72.8499984741211,68.41860961914062,86171
2014-04-16,74.19999694824219,74.19999694824219,68.6500015258789,73.75,69.26387023925781,109959
2014-04-17,73.9000015258789,77.8499984741211,73.0999984741211,75.0999984741211,70.53173828125,116305
2014-04-21,75.0,78.0,74.80000305175781,77.44999694824219,72.73880004882812,82326
2014-04-22,74.55000305175781,79.75,74.55000305175781,78.25,73.49014282226562,61513
2014-04-23,79.0,79.0,74.9000015258789,75.30000305175781,70.71959686279297,34944
2014-04-24,75.30000305175781,75.30000305175781,75.30000305175781,75.30000305175781,70.71959686279297,0
2014-04-25,76.0,76.9000015258789,72.0,72.25,67.85511779785156,54713
2014-04-28,74.69999694824219,76.44999694824219,72.0999984741211,75.30000305175781,70.71959686279297,46766
2014-04-29,75.30000305175781,75.30000305175781,72.0,72.75,68.32469940185547,17416
2014-04-30,75.44999694824219,75.44999694824219,68.0999984741211,70.30000305175781,66.02373504638672,20257
2014-05-02,70.05000305175781,74.0,70.05000305175781,71.75,67.3855209350586,46042
2014-05-05,71.55000305175781,73.19999694824219,70.0,71.25,66.91593170166016,39191
2014-05-06,71.0,72.5,69.5999984741211,70.0,65.74197387695312,12541
2014-05-07,69.69999694824219,71.80000305175781,69.5,70.4000015258789,66.11763763427734,30902
2014-05-08,70.6500015258789,70.6500015258789,69.0999984741211,69.94999694824219,65.69500732421875,45594
2014-05-09,70.0,72.0,68.5999984741211,71.55000305175781,67.19768524169922,79453
2014-05-12,74.3499984741211,74.3499984741211,69.0,70.4000015258789,66.11763763427734,135196
2014-05-13,70.0,72.80000305175781,69.6500015258789,71.05000305175781,66.72811126708984,51689
2014-05-14,71.0,76.9000015258789,71.0,74.30000305175781,69.78042602539062,64642
2014-05-15,73.5,75.0,71.0,73.8499984741211,69.3577880859375,25504
2014-05-16,71.44999694824219,81.69999694824219,71.44999694824219,78.5999984741211,73.81885528564453,225186
2014-05-19,80.0999984741211,94.30000305175781,79.8499984741211,89.9000015258789,84.43148040771484,573314
2014-05-20,91.8499984741211,91.8499984741211,86.6500015258789,87.5999984741211,82.27139282226562,55911
2014-05-21,88.0,91.94999694824219,84.0,85.5,80.29913330078125,58891
2014-05-22,88.9000015258789,98.9000015258789,88.0,95.6500015258789,89.83172607421875,277647
2014-05-23,99.0,102.5,96.30000305175781,99.44999694824219,93.40055847167969,250118
2014-05-26,101.0,103.0,91.55000305175781,93.19999694824219,87.5307388305664,219051
2014-05-27,93.94999694824219,98.0,92.05000305175781,93.8499984741211,88.1412124633789,124415
2014-05-28,92.8499984741211,96.69999694824219,87.0999984741211,95.19999694824219,89.4090805053711,106185
2014-05-29,94.19999694824219,95.0,90.4000015258789,92.19999694824219,86.59158325195312,18510
2014-05-30,92.0,94.69999694824219,89.0,90.94999694824219,85.41761016845703,45440
2014-06-02,92.0,99.0,90.0,95.9000015258789,90.06651306152344,85028
2014-06-03,95.0,98.0,94.0,94.9000015258789,89.1273422241211,45612
2014-06-04,94.0,96.5,93.5,96.0999984741211,90.25434112548828,118578
2014-06-05,97.9000015258789,97.9000015258789,93.6500015258789,96.5999984741211,90.72392272949219,150375
2014-06-06,96.5,101.4000015258789,95.25,97.1500015258789,91.240478515625,4075833
2014-06-09,98.44999694824219,99.94999694824219,92.5,95.4000015258789,89.59693908691406,1072108
2014-06-10,94.1500015258789,96.0,91.19999694824219,92.44999694824219,86.82637023925781,160345
2014-06-11,94.69999694824219,98.0,90.25,93.55000305175781,87.85945129394531,1548113
2014-06-12,97.75,97.75,94.0,94.5,88.75165557861328,79202
2014-06-13,96.0,97.6500015258789,88.19999694824219,90.44999694824219,84.94802856445312,220686
2014-06-16,92.80000305175781,92.80000305175781,85.0,86.69999694824219,81.42613220214844,113577
2014-06-17,88.0,93.5,86.69999694824219,91.8499984741211,86.26287078857422,110678
2014-06-18,93.0,96.80000305175781,87.9000015258789,90.94999694824219,85.41761016845703,130602
2014-06-19,93.0,93.9000015258789,88.0,89.9000015258789,84.43148040771484,98649
2014-06-20,90.0,91.0,88.5,89.9000015258789,84.43148040771484,221052
2014-06-23,90.9000015258789,91.0,89.0,90.0,84.52539825439453,270266
2014-06-24,90.0,92.25,89.25,91.55000305175781,85.98111724853516,119087
2014-06-25,90.69999694824219,93.5,87.5999984741211,88.75,83.35143280029297,373823
2014-06-26,91.80000305175781,91.80000305175781,86.5,87.75,82.41226196289062,85752
2014-06-27,87.0,89.30000305175781,87.0,87.6500015258789,82.31835174560547,67364
2014-06-30,89.0,91.9000015258789,88.0,91.5,85.93415069580078,171358
2014-07-01,92.0,95.80000305175781,91.94999694824219,94.0,88.28207397460938,264829
2014-07-02,94.44999694824219,97.0999984741211,93.94999694824219,96.0,90.1604232788086,172017
2014-07-03,97.6500015258789,98.0,94.0999984741211,96.75,90.86480712890625,92223
2014-07-04,97.0,97.3499984741211,95.0,96.9000015258789,91.00568389892578,79752
2014-07-07,96.5,99.94999694824219,95.5,99.19999694824219,93.165771484375,342676
2014-07-08,99.44999694824219,100.0,94.5,95.1500015258789,89.36213684082031,149092
2014-07-09,94.19999694824219,96.9000015258789,90.0999984741211,95.0,89.22126007080078,80457
2014-07-10,95.05000305175781,96.9000015258789,91.0,93.55000305175781,87.85945129394531,80616
2014-07-11,93.94999694824219,94.30000305175781,91.0999984741211,92.0999984741211,86.4976577758789,121059
2014-07-14,92.0,93.0,91.05000305175781,92.0999984741211,86.4976577758789,36624
2014-07-15,91.5,94.0,91.25,93.0999984741211,87.43683624267578,88542
2014-07-16,93.0999984741211,96.5,92.0,94.9000015258789,89.1273422241211,70097
2014-07-17,95.5,96.5,94.0,95.55000305175781,89.7378158569336,30153
2014-07-18,95.0,96.9000015258789,95.0,96.0,90.1604232788086,74881
2014-07-21,97.0,97.9000015258789,94.0,95.44999694824219,89.64385986328125,57829
2014-07-22,96.9000015258789,97.0,94.75,95.44999694824219,89.64385986328125,51178
2014-07-23,95.0999984741211,99.3499984741211,94.75,98.3499984741211,92.36747741699219,506340
2014-07-24,98.75,99.05000305175781,96.5,97.9000015258789,91.94483947753906,198815
2014-07-25,98.69999694824219,98.69999694824219,92.30000305175781,93.25,87.57770538330078,30481
2014-07-28,92.9000015258789,93.05000305175781,90.69999694824219,92.05000305175781,86.45069885253906,76738
2014-07-30,92.0,95.5,92.0,94.6500015258789,88.89253997802734,52580
2014-07-31,94.0999984741211,97.5999984741211,94.0999984741211,96.9000015258789,91.00568389892578,668786
2014-08-01,97.75,97.8499984741211,91.3499984741211,92.4000015258789,87.2747802734375,63174
2014-08-04,93.4000015258789,94.4000015258789,92.1500015258789,92.94999694824219,87.79427337646484,70169
2014-08-05,94.0,96.25,90.75,91.5999984741211,86.51914978027344,75007
2014-08-06,91.0,93.4000015258789,90.5,91.55000305175781,86.47193145751953,146683
2014-08-07,92.44999694824219,92.5,88.8499984741211,89.8499984741211,84.86621856689453,58205
2014-08-08,88.8499984741211,89.6500015258789,87.0,89.0,84.0633773803711,47334
2014-08-11,88.5,90.9000015258789,88.5,90.4000015258789,85.38571166992188,25036
2014-08-12,90.0,90.44999694824219,87.0,88.0,83.11884307861328,84709
2014-08-13,88.25,88.25,81.25,82.5999984741211,78.01834869384766,37203
2014-08-14,84.94999694824219,85.0,83.4000015258789,84.55000305175781,79.8602066040039,12938
2014-08-18,82.5999984741211,86.5,82.0999984741211,83.44999694824219,78.82122039794922,22490
2014-08-19,84.4000015258789,95.30000305175781,83.6500015258789,89.94999694824219,84.9606704711914,84901
2014-08-20,91.0,92.5,89.55000305175781,91.69999694824219,86.61360168457031,85976
2014-08-21,89.80000305175781,92.44999694824219,89.5,90.5,85.48017120361328,37102
2014-08-22,91.5,91.75,88.30000305175781,90.4000015258789,85.38571166992188,39556
2014-08-25,90.4000015258789,90.4000015258789,86.0999984741211,86.9000015258789,82.0798568725586,21341
2014-08-26,86.5,87.0,84.0,85.0,80.28524017333984,10014
2014-08-27,85.5,85.5,81.25,83.1500015258789,78.53784942626953,33583
2014-08-28,84.6500015258789,85.0,83.19999694824219,84.80000305175781,80.09632873535156,17338
2014-09-01,85.0999984741211,85.9000015258789,84.25,85.0,80.28524017333984,67963
2014-09-02,89.0,89.30000305175781,85.25,86.9000015258789,82.0798568725586,182702
2014-09-03,88.25,89.80000305175781,86.9000015258789,88.25,83.35496520996094,88395
2014-09-04,88.0,88.0,83.6500015258789,86.9000015258789,82.0798568725586,52156
2014-09-05,86.25,94.0,85.5,93.55000305175781,88.36097717285156,97847
2014-09-08,93.0,97.0,90.75,96.69999694824219,91.33626556396484,141930
2014-09-09,97.5,105.4000015258789,96.0,104.4000015258789,98.60916137695312,653599
2014-09-10,104.25,105.19999694824219,100.0,101.80000305175781,96.15339660644531,358610
2014-09-11,102.25,103.5,94.0,95.6500015258789,90.34451293945312,131285
2014-09-12,97.5,98.9000015258789,91.30000305175781,92.0999984741211,86.99140930175781,152359
2014-09-15,92.25,92.5,87.25,87.94999694824219,83.07160186767578,121469
2014-09-16,87.94999694824219,95.9000015258789,85.4000015258789,88.75,83.82722473144531,524004
2014-09-17,90.9000015258789,92.44999694824219,88.0,89.25,84.53765869140625,139757
2014-09-18,89.4000015258789,94.4000015258789,89.4000015258789,92.94999694824219,88.04227447509766,90944
2014-09-19,92.5,94.4000015258789,91.05000305175781,91.8499984741211,87.0003662109375,33289
2014-09-22,91.4000015258789,94.0,88.4000015258789,92.25,87.37924194335938,45346
2014-09-23,93.8499984741211,93.8499984741211,87.0999984741211,87.8499984741211,83.21156311035156,42590
2014-09-24,88.94999694824219,89.69999694824219,85.94999694824219,88.5999984741211,83.92195129394531,61155
2014-09-25,89.0,91.0,84.94999694824219,85.5999984741211,81.0803451538086,130712
2014-09-26,88.75,88.75,83.0,87.25,82.64323425292969,56674
2014-09-29,88.44999694824219,89.5,86.19999694824219,88.25,83.59043884277344,50052
2014-09-30,88.3499984741211,92.0,87.94999694824219,91.44999694824219,86.62147521972656,126866
2014-10-01,90.5,93.9000015258789,89.1500015258789,93.1500015258789,88.23170471191406,90207
2014-10-07,95.9000015258789,95.9000015258789,85.55000305175781,87.44999694824219,82.83267974853516,57678
2014-10-08,87.0999984741211,90.19999694824219,86.0999984741211,87.44999694824219,82.83267974853516,14579
2014-10-09,87.0999984741211,91.9000015258789,87.0999984741211,90.30000305175781,85.53219604492188,30132
2014-10-10,89.5,92.44999694824219,88.0,89.5999984741211,84.86914825439453,51928
2014-10-13,90.0,92.44999694824219,87.3499984741211,89.3499984741211,84.63235473632812,27538
2014-10-14,90.80000305175781,94.3499984741211,89.5,90.3499984741211,85.57955932617188,72824
2014-10-15,90.3499984741211,90.3499984741211,90.3499984741211,90.3499984741211,85.57955932617188,0
2014-10-16,91.6500015258789,91.6500015258789,85.6500015258789,86.6500015258789,82.07491302490234,40810
2014-10-17,88.5,89.8499984741211,85.30000305175781,86.05000305175781,81.50659942626953,23485
2014-10-20,86.55000305175781,92.0,86.0,89.0,84.30083465576172,21206
2014-10-21,88.30000305175781,89.5,87.19999694824219,87.94999694824219,83.30626678466797,26719
2014-10-22,89.94999694824219,91.9000015258789,87.1500015258789,91.05000305175781,86.24259185791016,33799
2014-10-27,92.9000015258789,93.4000015258789,90.0999984741211,91.6500015258789,86.81092834472656,97818
2014-10-28,92.19999694824219,94.5,89.30000305175781,93.0999984741211,88.18436431884766,104586
2014-10-29,93.30000305175781,97.75,93.05000305175781,94.3499984741211,89.36834716796875,207192
2014-10-30,95.30000305175781,95.9000015258789,92.69999694824219,93.5,88.5632553100586,31448
2014-10-31,94.4000015258789,94.5,89.6500015258789,91.19999694824219,86.38468933105469,98524
2014-11-03,92.80000305175781,92.80000305175781,90.05000305175781,90.80000305175781,86.00579833984375,64100
2014-11-05,89.19999694824219,92.9000015258789,89.0999984741211,90.44999694824219,85.67428588867188,340477
2014-11-07,90.05000305175781,92.69999694824219,90.05000305175781,91.0999984741211,86.28995513916016,105088
2014-11-10,91.0999984741211,92.19999694824219,90.25,92.0,87.1424331665039,73983
2014-11-11,93.9000015258789,93.9000015258789,90.4000015258789,92.5,87.61604309082031,42963
2014-11-12,93.0,93.44999694824219,90.80000305175781,91.05000305175781,86.24259185791016,40021
2014-11-13,96.5999984741211,109.25,96.5,109.25,103.48163604736328,1845717
2014-11-14,112.0,120.0,105.80000305175781,112.9000015258789,106.93893432617188,1840103
2014-11-17,113.80000305175781,116.0,107.30000305175781,113.30000305175781,107.31781768798828,454603
2014-11-18,113.75,114.25,108.1500015258789,110.05000305175781,104.23941040039062,188129
2014-11-19,111.25,115.0,101.25,104.9000015258789,99.36132049560547,847510
2014-11-20,104.0,109.5999984741211,103.44999694824219,105.1500015258789,99.59813690185547,243480
2014-11-21,105.5,108.75,103.0999984741211,104.19999694824219,98.69828796386719,79142
2014-11-24,105.5999984741211,107.0,101.19999694824219,102.55000305175781,97.1353988647461,80432
2014-11-25,102.55000305175781,103.8499984741211,97.75,101.69999694824219,96.33028411865234,185581
2014-11-26,100.05000305175781,103.0,100.05000305175781,101.0,95.66725158691406,72926
2014-11-27,100.1500015258789,105.75,100.1500015258789,103.1500015258789,97.70372772216797,427126
2014-11-28,102.30000305175781,104.5,100.75,101.1500015258789,95.80933380126953,131313
2014-12-01,100.6500015258789,102.69999694824219,98.8499984741211,100.05000305175781,94.76741027832031,46099
2014-12-02,99.4000015258789,114.0,99.0,110.25,104.4288330078125,300563
2014-12-03,111.30000305175781,125.0,107.44999694824219,115.9000015258789,109.78053283691406,754391
2014-12-04,113.25,116.0,112.0,112.8499984741211,106.89156341552734,127150
2014-12-05,114.9000015258789,114.9000015258789,107.80000305175781,109.9000015258789,104.09733581542969,83623
2014-12-08,113.4000015258789,114.3499984741211,109.9000015258789,112.55000305175781,106.60741424560547,162024
2014-12-09,112.0,112.44999694824219,106.0999984741211,107.0999984741211,101.44515991210938,72327
2014-12-10,108.9000015258789,108.9000015258789,105.0,106.0999984741211,100.49796295166016,193939
2014-12-11,106.1500015258789,106.25,103.5,104.30000305175781,98.79300689697266,81911
2014-12-12,104.05000305175781,105.9000015258789,100.3499984741211,103.05000305175781,97.60901641845703,154116
2014-12-15,102.0,107.0,102.0,103.30000305175781,97.84579467773438,63615
2014-12-16,102.0,102.9000015258789,97.55000305175781,99.69999694824219,94.43586730957031,126439
2014-12-17,99.19999694824219,104.9000015258789,95.30000305175781,101.3499984741211,95.99876403808594,257950
2014-12-18,104.0,107.0999984741211,100.5999984741211,104.5,98.98242950439453,153209
2014-12-19,105.0,107.55000305175781,101.5,104.94999694824219,99.40868377685547,139206
2014-12-22,104.4000015258789,106.05000305175781,101.0999984741211,105.1500015258789,99.59813690185547,202030
2014-12-23,105.0,111.0,105.0,107.0999984741211,101.44515991210938,145906
2014-12-24,107.25,109.5,105.19999694824219,106.75,101.11365509033203,33369
2014-12-26,108.4000015258789,108.4000015258789,104.19999694824219,105.0,99.45606231689453,40602
2014-12-29,104.3499984741211,108.5,104.3499984741211,105.94999694824219,100.35589599609375,31795
2014-12-30,107.3499984741211,108.44999694824219,105.5999984741211,107.5999984741211,101.91876983642578,66448
2014-12-31,108.94999694824219,117.5,107.1500015258789,113.25,107.27045440673828,285322
2015-01-01,111.5,117.80000305175781,111.5,116.8499984741211,110.68036651611328,172694
2015-01-02,118.0,120.3499984741211,115.55000305175781,116.19999694824219,110.06468200683594,118229
2015-01-05,116.0,117.8499984741211,114.05000305175781,114.6500015258789,108.59651947021484,73117
2015-01-06,113.9000015258789,113.9000015258789,109.05000305175781,110.05000305175781,104.23941040039062,63423
2015-01-07,110.0,111.5999984741211,104.94999694824219,105.55000305175781,99.97701263427734,96612
2015-01-08,107.05000305175781,119.0,107.05000305175781,115.94999694824219,109.827880859375,250823
2015-01-09,117.8499984741211,118.1500015258789,110.8499984741211,112.1500015258789,106.22852325439453,101213
2015-01-12,113.5,114.80000305175781,110.5,111.19999694824219,105.32868957519531,94997
2015-01-13,111.05000305175781,115.9000015258789,111.0,111.5,105.61284637451172,68023
2015-01-14,111.44999694824219,114.3499984741211,110.0,111.30000305175781,105.42341613769531,44225
2015-01-15,113.30000305175781,116.30000305175781,111.1500015258789,114.0999984741211,108.0755615234375,103542
2015-01-16,114.25,114.25,111.55000305175781,112.75,106.79684448242188,34967
2015-01-19,113.0,115.8499984741211,111.5999984741211,114.3499984741211,108.31236267089844,64392
2015-01-20,114.0,115.5,111.19999694824219,111.94999694824219,106.03907775878906,57439
2015-01-21,112.30000305175781,113.5,107.4000015258789,108.5999984741211,102.865966796875,58718
2015-01-22,108.05000305175781,113.0,106.94999694824219,107.69999694824219,102.01348876953125,84934
2015-01-23,107.0,111.9000015258789,103.80000305175781,109.55000305175781,103.76580810546875,179500
2015-01-27,114.5,116.0,107.55000305175781,109.9000015258789,104.09733581542969,179549
2015-01-28,109.5,112.6500015258789,108.5,110.94999694824219,105.09188842773438,97930
2015-01-29,112.0,112.0,107.5999984741211,108.69999694824219,102.960693359375,30836
2015-01-30,109.75,110.25,103.6500015258789,105.9000015258789,100.30851745605469,57399
2015-02-02,107.94999694824219,109.9000015258789,104.0,108.9000015258789,103.15013885498047,61546
2015-02-03,110.0,112.80000305175781,108.0999984741211,109.25,103.48163604736328,157703
2015-02-04,109.05000305175781,110.8499984741211,107.0,108.5999984741211,102.865966796875,32618
2015-02-05,108.0999984741211,109.9000015258789,105.0999984741211,105.80000305175781,100.21380615234375,43480
2015-02-06,106.0,107.30000305175781,104.30000305175781,105.25,99.6928482055664,45546
2015-02-09,107.0,108.80000305175781,104.5999984741211,107.5,101.82405090332031,67605
2015-02-10,107.5,109.9000015258789,104.75,106.9000015258789,101.25572967529297,54392
2015-02-11,109.1500015258789,110.75,104.9000015258789,106.30000305175781,100.68740844726562,535771
2015-02-12,108.6500015258789,127.55000305175781,106.5,119.25,112.95364379882812,1087060
2015-02-13,120.94999694824219,126.0,119.25,122.5999984741211,116.12677001953125,253653
2015-02-16,123.0,123.94999694824219,118.0,120.0999984741211,113.7587661743164,118631
2015-02-18,121.69999694824219,123.44999694824219,117.75,119.30000305175781,113.00102233886719,125954
2015-02-19,119.5999984741211,121.44999694824219,115.75,118.0999984741211,111.86436462402344,60293
2015-02-20,117.5,121.0,114.55000305175781,116.5,110.3488540649414,264372
2015-02-23,118.94999694824219,120.1500015258789,115.8499984741211,117.05000305175781,110.86981201171875,115091
2015-02-24,117.1500015258789,118.5,113.19999694824219,114.30000305175781,108.2650146484375,57738
2015-02-25,115.80000305175781,117.94999694824219,114.8499984741211,116.05000305175781,109.92261505126953,338997
2015-02-26,115.80000305175781,118.30000305175781,115.0,115.75,109.63845825195312,140472
2015-02-27,117.94999694824219,120.0999984741211,115.4000015258789,119.6500015258789,113.3325424194336,58361
2015-03-02,121.9000015258789,137.39999389648438,118.3499984741211,126.5,119.82085418701172,497679
2015-03-03,126.5,129.89999389648438,125.4000015258789,128.6999969482422,121.9046859741211,127598
2015-03-04,130.0,131.75,125.25,125.75,119.1104507446289,73665
2015-03-05,125.75,126.55000305175781,122.0,122.25,115.7952651977539,190682
2015-03-09,121.94999694824219,127.9000015258789,121.9000015258789,125.80000305175781,119.15782165527344,122573
2015-03-10,125.05000305175781,127.6500015258789,123.05000305175781,123.69999694824219,117.16869354248047,37555
2015-03-11,123.0,129.89999389648438,122.5,128.3000030517578,121.52581024169922,149354
2015-03-12,129.75,131.0,128.35000610351562,130.0,123.13605499267578,83162
2015-03-13,131.25,132.8000030517578,123.0,126.4000015258789,119.72611999511719,112641
2015-03-16,127.0,128.25,122.80000305175781,124.55000305175781,117.97382354736328,25632
2015-03-17,126.44999694824219,130.0,124.4000015258789,127.6500015258789,120.91012573242188,80197
2015-03-18,126.25,136.10000610351562,126.25,134.64999389648438,127.5405044555664,316532
2015-03-19,135.0,141.89999389648438,135.0,138.0500030517578,130.7610321044922,230227
2015-03-20,139.8000030517578,151.75,137.0,144.35000610351562,136.7283935546875,361437
2015-03-23,149.8000030517578,149.8000030517578,135.0,136.3000030517578,129.10345458984375,152911
2015-03-24,136.89999389648438,140.0,131.10000610351562,134.14999389648438,127.06694030761719,80395
2015-03-25,135.6999969482422,137.6999969482422,132.14999389648438,133.25,126.21444702148438,86282
2015-03-26,134.0,138.0,133.0,133.3000030517578,126.26180267333984,71635
2015-03-27,135.0500030517578,135.0500030517578,125.5999984741211,130.39999389648438,123.5149154663086,53887
2015-03-30,132.0,139.39999389648438,129.25,129.85000610351562,122.99397277832031,192439
2015-03-31,131.5,132.35000610351562,129.1999969482422,129.85000610351562,122.99397277832031,49908
2015-04-01,130.10000610351562,139.3000030517578,130.0500030517578,134.85000610351562,127.72998809814453,213937
2015-04-06,135.8000030517578,135.8000030517578,132.1999969482422,133.4499969482422,126.40390014648438,70272
2015-04-07,133.0,138.85000610351562,130.3000030517578,134.6999969482422,127.5879135131836,149562
2015-04-08,135.0,138.0500030517578,133.10000610351562,135.0500030517578,127.91942596435547,147703
2015-04-09,135.0500030517578,136.6999969482422,132.0500030517578,132.6999969482422,125.69351196289062,38064
2015-04-10,132.5,135.0,131.0,132.6999969482422,125.69351196289062,44801
2015-04-13,133.0,135.0,130.4499969482422,131.60000610351562,124.6515884399414,29543
2015-04-15,130.10000610351562,133.5,127.0,128.9499969482422,122.14149475097656,36697
2015-04-16,128.0500030517578,129.6999969482422,125.8499984741211,127.0999984741211,120.38916778564453,29173
2015-04-17,126.80000305175781,128.5,125.19999694824219,126.3499984741211,119.67875671386719,21766
2015-04-20,125.05000305175781,126.94999694824219,118.19999694824219,119.55000305175781,113.2378158569336,63007
2015-04-21,119.05000305175781,129.35000610351562,117.0,121.80000305175781,115.36901092529297,91276
2015-04-22,121.0,122.69999694824219,117.19999694824219,118.9000015258789,112.62212371826172,27070
2015-04-23,119.25,122.69999694824219,117.5,118.30000305175781,112.05382537841797,25292
2015-04-24,118.0,120.80000305175781,111.0999984741211,113.0999984741211,107.12836456298828,39321
2015-04-27,113.9000015258789,114.69999694824219,109.05000305175781,110.30000305175781,104.47620391845703,31608
2015-04-28,113.0,116.0,111.0,113.69999694824219,107.69669342041016,95864
2015-04-29,112.80000305175781,113.05000305175781,110.75,111.4000015258789,105.51812744140625,110679
2015-04-30,111.9000015258789,117.5,108.80000305175781,115.0999984741211,109.02276611328125,141231
2015-05-04,121.0,121.0,116.0,116.75,110.58563995361328,39741
2015-05-05,116.5,118.5,115.4000015258789,116.3499984741211,110.20677185058594,199668
2015-05-06,118.75,123.5,116.30000305175781,117.25,111.05925750732422,129733
2015-05-07,121.94999694824219,125.0,112.30000305175781,115.75,109.63845825195312,504834
2015-05-08,119.0,120.75,114.4000015258789,115.0999984741211,109.02276611328125,161827
2015-05-11,116.0,118.05000305175781,115.05000305175781,115.94999694824219,109.827880859375,98787
2015-05-12,115.30000305175781,117.0,111.25,113.8499984741211,107.83876037597656,52254
2015-05-13,114.69999694824219,115.9000015258789,110.80000305175781,111.94999694824219,106.03907775878906,74130
2015-05-14,111.94999694824219,113.0,111.0,111.5,105.61284637451172,49822
2015-05-15,112.0,117.25,112.0,114.6500015258789,108.59651947021484,122413
2015-05-18,115.69999694824219,115.9000015258789,112.1500015258789,113.8499984741211,107.83876037597656,50064
2015-05-19,114.9000015258789,114.9000015258789,112.5,113.3499984741211,107.36518096923828,122668
2015-05-20,113.0,114.5,111.1500015258789,113.05000305175781,107.08100891113281,112145
2015-05-21,113.5,113.8499984741211,112.5,113.1500015258789,107.17572784423828,56192
2015-05-22,114.80000305175781,114.80000305175781,110.94999694824219,111.5,105.61284637451172,39120
2015-05-25,111.75,113.80000305175781,110.0,113.05000305175781,107.08100891113281,41915
2015-05-26,111.3499984741211,113.94999694824219,111.3499984741211,113.0,107.03364562988281,68447
2015-05-27,112.0,113.44999694824219,111.5,112.4000015258789,106.46533966064453,33733
2015-05-28,111.5,113.19999694824219,111.0,112.75,106.79684448242188,35690
2015-05-29,112.80000305175781,113.94999694824219,111.19999694824219,113.05000305175781,107.08100891113281,13194
2015-06-01,112.05000305175781,114.0,111.55000305175781,113.44999694824219,107.45987701416016,20273
2015-06-02,112.6500015258789,114.8499984741211,108.5,111.1500015258789,105.28133392333984,45262
2015-06-03,113.0,113.0,99.0,107.5,101.82405090332031,55735
2015-06-04,107.0,108.0,105.0,105.80000305175781,100.21380615234375,18751
2015-06-05,110.0,110.0,104.5,105.05000305175781,99.5033950805664,110381
2015-06-08,106.0,108.0,104.3499984741211,105.0999984741211,99.55076599121094,39866
2015-06-09,105.9000015258789,105.9000015258789,103.0999984741211,103.5999984741211,98.12995147705078,33066
2015-06-10,103.5999984741211,106.0,102.5,104.8499984741211,99.31396484375,39781
2015-06-11,105.0,106.0,104.75,105.05000305175781,99.5033950805664,19453
2015-06-12,105.05000305175781,105.9000015258789,103.19999694824219,105.30000305175781,99.74019622802734,12816
2015-06-15,105.30000305175781,107.0,103.0999984741211,105.0999984741211,99.55076599121094,30742
2015-06-16,105.0999984741211,106.44999694824219,104.19999694824219,105.9000015258789,100.30851745605469,6338
2015-06-17,105.9000015258789,107.94999694824219,104.4000015258789,105.05000305175781,99.5033950805664,19784
2015-06-18,105.1500015258789,124.9000015258789,105.1500015258789,116.80000305175781,110.63301086425781,311032
2015-06-19,119.75,119.75,113.6500015258789,116.1500015258789,110.01731872558594,36987
2015-06-22,117.94999694824219,119.80000305175781,114.6500015258789,115.55000305175781,109.44901275634766,34399
2015-06-23,117.5,120.55000305175781,115.19999694824219,117.0,110.82246398925781,311098
2015-06-24,116.8499984741211,118.9000015258789,116.0,117.0999984741211,110.91716766357422,43087
2015-06-25,116.0,118.5999984741211,115.69999694824219,117.3499984741211,111.15398406982422,23915
2015-06-26,116.80000305175781,118.5,115.5,117.44999694824219,111.24869537353516,26984
2015-06-29,114.6500015258789,117.5,110.5,116.6500015258789,110.49092864990234,52266
2015-06-30,116.0,117.9000015258789,113.94999694824219,116.9000015258789,110.72773742675781,29358
2015-07-01,118.5,118.5,114.19999694824219,116.19999694824219,110.06468200683594,102455
2015-07-02,117.0,122.0,115.80000305175781,117.5999984741211,111.39076232910156,41504
2015-07-03,117.0,129.0,116.0,121.0999984741211,114.70597076416016,149568
2015-07-06,118.0,123.6500015258789,115.0999984741211,119.44999694824219,113.14308166503906,52560
2015-07-07,120.30000305175781,124.0,117.0999984741211,118.30000305175781,112.05382537841797,47144
2015-07-08,116.5999984741211,125.0,116.55000305175781,121.94999694824219,115.51109313964844,232801
2015-07-09,121.94999694824219,124.0,119.05000305175781,120.69999694824219,114.32709503173828,30210
2015-07-10,121.6500015258789,123.0,118.30000305175781,120.0999984741211,113.7587661743164,21255
2015-07-13,122.4000015258789,122.4000015258789,118.5,120.44999694824219,114.09029388427734,24391
2015-07-14,123.0,132.9499969482422,123.0,128.89999389648438,122.09413146972656,686176
2015-07-15,129.35000610351562,131.3000030517578,126.5,127.94999694824219,121.19429016113281,121071
2015-07-16,128.0,129.0,124.55000305175781,125.3499984741211,118.73155975341797,58743
2015-07-17,125.05000305175781,129.89999389648438,125.05000305175781,127.19999694824219,120.48389434814453,96591
2015-07-20,128.0,129.35000610351562,125.0,125.8499984741211,119.20518493652344,76641
2015-07-21,126.0,126.80000305175781,123.19999694824219,123.6500015258789,117.121337890625,79271
2015-07-22,123.0999984741211,128.0,122.5,123.8499984741211,117.31076049804688,84173
2015-07-23,123.05000305175781,125.25,122.0999984741211,123.0,116.50564575195312,40757
2015-07-24,123.0999984741211,124.80000305175781,119.1500015258789,120.0,113.66404724121094,97805
2015-07-27,120.0,120.80000305175781,116.4000015258789,117.0,110.82246398925781,49396
2015-07-28,116.3499984741211,118.80000305175781,115.8499984741211,116.9000015258789,110.72773742675781,28037
2015-07-29,118.0,120.8499984741211,115.8499984741211,118.6500015258789,112.38533782958984,128332
2015-07-30,118.80000305175781,119.8499984741211,116.30000305175781,119.0,112.71685791015625,87518
2015-07-31,117.0,126.9000015258789,117.0,125.0999984741211,119.09524536132812,733318
2015-08-03,125.8499984741211,126.44999694824219,120.0,121.0,115.1920394897461,107368
2015-08-04,122.05000305175781,124.5999984741211,118.5999984741211,120.55000305175781,114.76366424560547,185375
2015-08-05,123.69999694824219,124.05000305175781,120.0,121.30000305175781,115.47765350341797,494954
2015-08-06,122.0999984741211,123.69999694824219,120.1500015258789,121.44999694824219,115.62044525146484,129390
2015-08-07,121.44999694824219,121.94999694824219,117.80000305175781,118.3499984741211,112.66924285888672,49562
2015-08-10,118.75,120.30000305175781,116.0,116.19999694824219,110.62244415283203,340647
2015-08-11,118.4000015258789,119.80000305175781,116.5,118.5999984741211,112.90724182128906,392851
2015-08-12,120.3499984741211,120.3499984741211,112.0,113.55000305175781,108.09964752197266,60225
2015-08-13,114.5,115.0,110.0999984741211,113.55000305175781,108.09964752197266,62986
2015-08-14,113.55000305175781,115.69999694824219,101.55000305175781,110.30000305175781,105.00564575195312,265732
2015-08-17,110.0,118.0,107.05000305175781,116.1500015258789,110.5748519897461,102340
2015-08-18,118.9000015258789,121.5,116.30000305175781,120.25,114.4780502319336,207780
2015-08-19,120.30000305175781,121.5,118.19999694824219,120.55000305175781,114.76366424560547,70753
2015-08-20,119.55000305175781,121.0,115.6500015258789,120.1500015258789,114.38284301757812,145905
2015-08-21,115.25,122.4000015258789,115.25,120.5999984741211,114.8112564086914,87665
2015-08-24,117.94999694824219,117.94999694824219,107.5999984741211,109.94999694824219,104.67244720458984,206626
2015-08-25,110.0,114.05000305175781,102.0,106.1500015258789,101.05485534667969,81254
2015-08-26,105.05000305175781,108.80000305175781,103.5999984741211,105.1500015258789,100.10284423828125,41082
2015-08-27,106.9000015258789,112.4000015258789,106.9000015258789,111.3499984741211,106.0052490234375,47627
2015-08-28,113.0,118.0,110.5,115.19999694824219,109.6704330444336,106929
2015-08-31,116.9000015258789,116.9000015258789,114.0,115.05000305175781,109.52764892578125,31167
2015-09-01,114.94999694824219,115.4000015258789,108.5,111.0999984741211,105.76725006103516,154518
2015-09-02,111.4000015258789,113.30000305175781,107.94999694824219,108.1500015258789,102.95885467529297,365694
2015-09-03,109.0,111.0,107.0999984741211,108.5999984741211,103.38725280761719,26981
2015-09-04,109.05000305175781,109.05000305175781,105.0999984741211,106.0999984741211,101.00724792480469,35015
2015-09-07,106.05000305175781,108.55000305175781,103.05000305175781,106.6500015258789,101.53083801269531,110247
2015-09-08,107.05000305175781,108.0,105.5,106.44999694824219,101.34043884277344,51672
2015-09-09,108.8499984741211,111.0,107.0999984741211,107.9000015258789,102.7208480834961,43631
2015-09-10,109.94999694824219,109.94999694824219,106.0,107.0999984741211,101.959228515625,11777
2015-09-11,108.3499984741211,108.80000305175781,106.0,106.8499984741211,101.72122955322266,17504
2015-09-14,110.0,110.0,105.30000305175781,106.19999694824219,101.10244750976562,29496
2015-09-15,106.55000305175781,107.6500015258789,105.6500015258789,106.05000305175781,100.95964050292969,24631
2015-09-16,106.05000305175781,107.80000305175781,106.0,107.3499984741211,102.19725799560547,16857
2015-09-18,107.3499984741211,109.0,105.94999694824219,107.05000305175781,101.91165161132812,18561
2015-09-21,106.1500015258789,109.0,106.0,108.4000015258789,103.19684600830078,20440
2015-09-22,108.25,108.9000015258789,106.5,107.05000305175781,101.91165161132812,9862
2015-09-23,106.05000305175781,107.25,106.0,106.1500015258789,101.05485534667969,11054
2015-09-24,106.1500015258789,107.0,106.0,106.30000305175781,101.19764709472656,7559
2015-09-28,106.30000305175781,107.5,103.55000305175781,106.55000305175781,101.43563842773438,12861
2015-09-29,107.0,109.4000015258789,105.4000015258789,106.80000305175781,101.67364501953125,30574
2015-09-30,106.0999984741211,108.5,106.0999984741211,106.4000015258789,101.2928466796875,23123
2015-10-01,106.94999694824219,107.94999694824219,106.5,106.69999694824219,101.57843780517578,6603
2015-10-05,107.0,109.4000015258789,106.0,108.30000305175781,103.10165405273438,17373
2015-10-06,110.19999694824219,117.3499984741211,108.0,115.25,109.71804809570312,145675
2015-10-07,117.9000015258789,118.5,111.6500015258789,112.80000305175781,107.38565826416016,62531
2015-10-08,113.3499984741211,113.94999694824219,108.19999694824219,109.3499984741211,104.10124969482422,39935
2015-10-09,110.19999694824219,111.5,108.30000305175781,109.6500015258789,104.38684844970703,20888
2015-10-12,110.0,110.44999694824219,107.05000305175781,108.25,103.05403900146484,22163
2015-10-13,108.25,109.94999694824219,107.3499984741211,108.4000015258789,103.19684600830078,15289
2015-10-14,107.30000305175781,108.94999694824219,107.25,108.05000305175781,102.8636474609375,15227
2015-10-15,108.19999694824219,109.3499984741211,108.0999984741211,108.75,103.53004455566406,17246
2015-10-16,110.3499984741211,115.69999694824219,108.69999694824219,112.1500015258789,106.76685333251953,63555
2015-10-19,113.94999694824219,115.80000305175781,113.0,114.94999694824219,109.43243408203125,58248
2015-10-20,116.5999984741211,119.5,112.5,117.44999694824219,111.81244659423828,1061632
2015-10-21,118.44999694824219,119.44999694824219,112.30000305175781,113.55000305175781,108.09964752197266,48060
2015-10-23,113.5999984741211,115.05000305175781,109.0999984741211,109.75,104.4820556640625,34364
2015-10-26,112.0,112.30000305175781,107.94999694824219,108.6500015258789,103.43484497070312,27698
2015-10-27,109.44999694824219,112.75,107.5,111.05000305175781,105.71966552734375,30032
2015-10-28,111.0999984741211,111.69999694824219,108.69999694824219,109.25,104.00604248046875,32128
2015-10-29,109.9000015258789,111.55000305175781,107.19999694824219,108.0999984741211,102.9112319946289,42251
2015-10-30,109.3499984741211,109.80000305175781,108.0,108.4000015258789,103.19684600830078,25366
2015-11-02,110.5,110.5,106.6500015258789,108.05000305175781,102.8636474609375,27517
2015-11-03,109.4000015258789,109.5,105.0,106.4000015258789,101.2928466796875,63822
2015-11-04,106.5999984741211,108.0,106.19999694824219,106.8499984741211,101.72122955322266,16136
2015-11-05,106.8499984741211,108.0,104.94999694824219,105.80000305175781,100.72164916992188,14806
2015-11-06,105.80000305175781,107.0,103.05000305175781,104.75,99.7220458984375,39966
2015-11-09,104.0,111.80000305175781,103.69999694824219,109.19999694824219,103.95845031738281,68942
2015-11-10,109.9000015258789,111.5,109.0,109.19999694824219,103.95845031738281,31557
2015-11-13,110.0,111.0,108.80000305175781,109.75,104.4820556640625,18580
2015-11-16,110.0,111.44999694824219,106.55000305175781,109.9000015258789,104.62484741210938,32988
2015-11-17,110.9000015258789,110.9000015258789,108.05000305175781,108.44999694824219,103.24444580078125,104301
2015-11-18,108.6500015258789,111.4000015258789,106.1500015258789,110.55000305175781,105.24364471435547,51009
2015-11-19,111.44999694824219,113.0,110.80000305175781,112.1500015258789,107.15457153320312,50811
2015-11-20,113.94999694824219,114.19999694824219,110.30000305175781,112.0,107.0112533569336,46891
2015-11-23,114.75,114.75,110.0999984741211,111.3499984741211,106.39019775390625,35785
2015-11-24,111.1500015258789,113.5999984741211,111.0999984741211,111.94999694824219,106.96347045898438,138389
2015-11-26,111.05000305175781,113.0,110.30000305175781,111.3499984741211,106.39019775390625,33403
2015-11-27,112.8499984741211,112.8499984741211,110.0999984741211,110.9000015258789,105.96024322509766,24289
2015-11-30,112.0,112.05000305175781,109.05000305175781,109.5999984741211,104.7181396484375,27632
2015-12-01,109.25,111.55000305175781,109.0,109.5,104.62261199951172,16003
2015-12-02,110.0,111.25,108.94999694824219,109.5999984741211,104.7181396484375,19523
2015-12-03,108.30000305175781,111.0,108.0,108.44999694824219,103.61936950683594,23064
2015-12-04,109.0,109.0,105.69999694824219,106.19999694824219,101.46959686279297,25843
2015-12-07,106.25,108.1500015258789,105.5,106.25,101.51737976074219,27488
2015-12-08,107.9000015258789,107.9000015258789,102.69999694824219,103.69999694824219,99.08096313476562,124840
2015-12-09,104.0,104.0,98.69999694824219,100.4000015258789,95.92794799804688,293136
2015-12-10,103.94999694824219,108.0,100.0,106.44999694824219,101.70845031738281,242606
2015-12-11,106.80000305175781,108.8499984741211,103.80000305175781,104.75,100.08418273925781,61604
2015-12-14,105.0,105.0,98.75,104.0999984741211,99.46312713623047,71155
2015-12-15,104.94999694824219,105.0,102.0,102.80000305175781,98.22103881835938,88276
2015-12-16,104.1500015258789,106.30000305175781,101.0999984741211,102.0,97.45667266845703,156161
2015-12-17,103.4000015258789,104.5,102.69999694824219,104.0,99.36759185791016,148522
2015-12-18,104.0,105.0,102.30000305175781,103.30000305175781,98.69876861572266,71060
2015-12-21,103.25,107.0,101.0,105.8499984741211,101.13518524169922,255873
2015-12-22,106.80000305175781,114.4000015258789,104.19999694824219,109.9000015258789,105.0047836303711,718825
2015-12-23,110.05000305175781,111.3499984741211,108.0,108.44999694824219,103.61936950683594,268972
2015-12-24,108.4000015258789,110.9000015258789,108.4000015258789,109.94999694824219,105.05255889892578,187195
2015-12-28,119.80000305175781,119.80000305175781,112.19999694824219,112.69999694824219,107.68006134033203,1216531
2015-12-29,113.5,116.30000305175781,109.0,110.0,105.100341796875,798686
2015-12-30,110.5999984741211,112.9000015258789,110.1500015258789,111.19999694824219,106.24687194824219,520260
2015-12-31,112.0,114.9000015258789,110.5,112.9000015258789,107.87114715576172,215114
2016-01-01,113.69999694824219,117.0,112.4000015258789,114.0,108.92216491699219,370166
2016-01-04,114.44999694824219,114.44999694824219,108.80000305175781,109.0,104.14486694335938,222175
2016-01-05,109.0,113.0,108.30000305175781,111.94999694824219,106.96347045898438,186452
2016-01-06,113.3499984741211,113.5,109.5,110.0999984741211,105.19586181640625,168125
2016-01-07,108.05000305175781,109.44999694824219,104.05000305175781,104.94999694824219,100.27527618408203,168745
2016-01-08,105.69999694824219,108.25,105.30000305175781,107.19999694824219,102.42504119873047,72439
2016-01-11,106.4000015258789,107.19999694824219,102.19999694824219,106.25,101.51737976074219,88162
2016-01-12,107.55000305175781,107.69999694824219,102.6500015258789,103.19999694824219,98.60321807861328,65672
2016-01-13,104.44999694824219,105.5,98.05000305175781,101.30000305175781,96.78785705566406,417674
2016-01-14,98.30000305175781,103.94999694824219,98.1500015258789,101.94999694824219,97.40890502929688,86824
2016-01-15,103.75,103.9000015258789,99.55000305175781,100.25,95.78462219238281,112422
2016-01-18,99.5,101.0,94.0999984741211,97.19999694824219,92.87047576904297,133792
2016-01-19,99.0,106.4000015258789,96.0999984741211,103.5,98.8898696899414,116696
2016-01-20,103.5999984741211,105.0,97.94999694824219,99.0999984741211,94.68582916259766,349615
2016-01-21,100.75,101.80000305175781,98.1500015258789,98.9000015258789,94.49475860595703,99501
2016-01-22,99.55000305175781,103.19999694824219,99.30000305175781,99.75,95.30690002441406,150729
2016-01-25,101.0,103.0,100.0,100.30000305175781,95.83238983154297,75468
2016-01-27,102.0,102.0,98.6500015258789,99.9000015258789,95.4502182006836,109824
2016-01-28,100.05000305175781,102.0,99.5,99.9000015258789,95.4502182006836,57149
2016-01-29,100.0999984741211,100.0999984741211,99.0999984741211,99.8499984741211,95.40243530273438,58503
2016-02-01,99.8499984741211,101.25,98.30000305175781,99.1500015258789,94.73362731933594,47426
2016-02-02,100.75,100.75,96.75,97.0,92.67938232421875,120030
2016-02-03,96.55000305175781,97.30000305175781,95.30000305175781,95.9000015258789,91.6283950805664,45567
2016-02-04,95.8499984741211,99.0,94.5,95.0,90.76847076416016,58947
2016-02-05,95.05000305175781,97.5,94.80000305175781,97.0999984741211,92.77493286132812,33609
2016-02-08,97.9000015258789,97.9000015258789,95.9000015258789,97.3499984741211,93.0137939453125,57101
2016-02-09,95.0,98.0,95.0,96.94999694824219,92.63160705566406,76345
2016-02-10,97.0,97.8499984741211,95.0,97.0,92.67938232421875,42981
2016-02-11,97.0,97.80000305175781,92.0,94.94999694824219,90.720703125,192337
2016-02-12,95.5,96.44999694824219,92.5,94.5,90.29074096679688,176426
2016-02-15,95.05000305175781,98.69999694824219,94.19999694824219,95.0,90.76847076416016,174951
2016-02-16,96.0,96.5,92.5,93.25,89.09640502929688,58024
2016-02-17,93.8499984741211,95.4000015258789,92.0,94.1500015258789,89.95632934570312,57717
2016-02-18,95.9000015258789,96.0,93.4000015258789,94.5,90.29074096679688,22123
2016-02-19,92.5999984741211,94.0,92.0,92.19999694824219,88.09318542480469,31170
2016-02-22,94.0,94.25,91.5,91.6500015258789,87.56768798828125,27682
2016-02-23,92.1500015258789,96.0999984741211,92.0999984741211,94.8499984741211,90.6251449584961,86215
2016-02-24,95.05000305175781,95.9000015258789,92.0,92.75,88.61868286132812,50588
2016-02-25,93.05000305175781,94.0,91.5,92.0999984741211,87.99763488769531,16009
2016-02-26,93.44999694824219,93.9000015258789,91.5,91.75,87.66322326660156,19914
2016-02-29,91.05000305175781,93.6500015258789,88.75,90.0999984741211,86.08671569824219,39346
2016-03-01,92.0,92.0,89.0,91.05000305175781,86.9944076538086,25887
2016-03-02,92.94999694824219,95.69999694824219,91.0999984741211,95.05000305175781,90.81624603271484,52136
2016-03-03,95.05000305175781,99.94999694824219,94.1500015258789,97.94999694824219,93.58706665039062,53601
2016-03-04,98.05000305175781,100.0,97.94999694824219,98.3499984741211,93.96923065185547,21027
2016-03-08,99.0,99.0,98.0,98.0,93.63484954833984,29199
2016-03-09,99.5,99.5,98.0,98.80000305175781,94.39920806884766,16969
2016-03-10,100.8499984741211,101.69999694824219,98.6500015258789,99.9000015258789,95.4502182006836,206352
2016-03-11,99.0,100.4000015258789,97.5999984741211,98.1500015258789,93.77815246582031,23416
2016-03-14,99.5999984741211,99.5999984741211,97.5,99.1500015258789,94.73362731933594,21068
2016-03-15,99.44999694824219,100.0,98.80000305175781,99.4000015258789,94.97247314453125,21389
2016-03-16,99.5,100.9000015258789,99.0,100.19999694824219,95.73684692382812,220399
2016-03-17,100.94999694824219,101.5,95.05000305175781,97.1500015258789,92.82270812988281,35619
2016-03-18,99.75,102.0,99.0,100.0,95.54576110839844,45257
2016-03-21,99.9000015258789,102.0,99.9000015258789,100.94999694824219,96.45343017578125,34032
2016-03-22,101.0,101.6500015258789,99.0,99.8499984741211,96.0685806274414,21970
2016-03-23,100.0,100.9000015258789,95.6500015258789,96.80000305175781,93.13410186767578,64410
2016-03-28,98.5999984741211,98.5999984741211,93.9000015258789,96.1500015258789,92.50870513916016,21610
2016-03-29,96.0,96.19999694824219,92.75,93.19999694824219,89.67042541503906,34864
2016-03-30,93.19999694824219,96.0999984741211,93.19999694824219,95.19999694824219,91.59468841552734,36284
2016-03-31,95.0,97.6500015258789,94.80000305175781,95.6500015258789,92.02764129638672,23451
2016-04-01,95.25,97.0,95.19999694824219,96.5999984741211,92.94166564941406,17421
2016-04-04,96.5999984741211,101.3499984741211,96.5999984741211,100.1500015258789,96.35723114013672,65687
2016-04-05,99.9000015258789,101.5,99.0999984741211,100.0,96.21290588378906,78722
2016-04-06,100.0,100.80000305175781,98.1500015258789,99.1500015258789,95.39510345458984,29928
2016-04-07,99.0,99.94999694824219,96.1500015258789,98.0,94.28865051269531,46141
2016-04-08,98.0,99.0,96.75,97.30000305175781,93.61516571044922,48598
2016-04-11,96.1500015258789,98.3499984741211,95.69999694824219,97.4000015258789,93.71137237548828,19871
2016-04-12,98.0,98.4000015258789,97.0,98.1500015258789,94.4329605102539,15601
2016-04-13,99.80000305175781,99.9000015258789,95.5,96.1500015258789,92.50870513916016,121271
2016-04-18,97.9000015258789,100.5,96.1500015258789,99.44999694824219,95.68372344970703,263454
2016-04-20,99.0,100.5,97.5,97.94999694824219,94.24053955078125,191422
2016-04-21,97.94999694824219,100.4000015258789,96.9000015258789,97.4000015258789,93.71137237548828,64957
2016-04-22,99.69999694824219,99.69999694824219,97.0,97.80000305175781,94.0962142944336,197605
2016-04-25,98.1500015258789,110.44999694824219,97.5,103.0,99.09930419921875,536763
2016-04-26,102.05000305175781,107.25,101.6500015258789,106.94999694824219,102.89969635009766,217195
2016-04-27,112.5,112.5,106.9000015258789,108.30000305175781,104.19857788085938,502122
2016-04-28,107.94999694824219,108.0,105.0,105.69999694824219,101.69703674316406,63014
2016-04-29,105.94999694824219,110.0,104.0,109.9000015258789,105.73797607421875,1575906
2016-05-02,109.44999694824219,113.0,107.19999694824219,111.5,107.27738189697266,209857
2016-05-03,112.9000015258789,113.5,110.0999984741211,111.6500015258789,107.42172241210938,160847
2016-05-04,110.80000305175781,113.0,108.55000305175781,109.55000305175781,105.40123748779297,330231
2016-05-05,112.0,112.0,107.69999694824219,108.25,104.15046691894531,257058
2016-05-06,108.0,109.5999984741211,108.0,108.8499984741211,104.72775268554688,38380
2016-05-09,109.19999694824219,110.0,106.0999984741211,107.30000305175781,103.2364501953125,94988
2016-05-10,108.55000305175781,109.69999694824219,106.5999984741211,109.05000305175781,104.92017364501953,350099
2016-05-11,110.0,112.75,106.1500015258789,107.4000015258789,103.33265686035156,575092
2016-05-12,107.5,109.30000305175781,106.0999984741211,108.05000305175781,103.95805358886719,1772663
2016-05-13,109.44999694824219,109.44999694824219,107.25,109.05000305175781,104.92017364501953,173168
2016-05-16,109.05000305175781,110.3499984741211,107.80000305175781,110.05000305175781,105.88231658935547,68924
2016-05-17,111.4000015258789,114.0,109.75,112.94999694824219,108.6724853515625,602031
2016-05-18,111.05000305175781,112.30000305175781,110.0,111.05000305175781,106.84444427490234,302048
2016-05-19,110.5999984741211,111.69999694824219,109.4000015258789,110.5999984741211,106.41146850585938,67152
2016-05-20,113.6500015258789,113.69999694824219,107.5,108.55000305175781,104.43911743164062,202179
2016-05-23,109.94999694824219,110.0,106.9000015258789,107.0999984741211,103.04402923583984,52493
2016-05-24,106.5,109.5,105.9000015258789,109.05000305175781,104.92017364501953,88609
2016-05-25,108.55000305175781,108.55000305175781,107.30000305175781,107.69999694824219,103.62130737304688,57106
2016-05-26,107.6500015258789,109.4000015258789,106.94999694824219,107.75,103.66939544677734,52520
2016-05-27,107.80000305175781,109.9000015258789,107.80000305175781,108.8499984741211,104.72775268554688,71047
2016-05-30,109.05000305175781,109.3499984741211,105.5,105.9000015258789,101.88948059082031,47296
2016-05-31,107.4000015258789,107.9000015258789,105.0,106.69999694824219,102.65917205810547,45772
2016-06-01,107.5,108.5,105.5,107.55000305175781,103.47698211669922,35535
2016-06-02,107.1500015258789,108.1500015258789,106.69999694824219,107.6500015258789,103.57319641113281,27078
2016-06-03,108.0,109.0,107.0,108.3499984741211,104.24668884277344,47541
2016-06-06,109.5,111.80000305175781,108.4000015258789,110.1500015258789,105.97850799560547,208373
2016-06-07,111.30000305175781,112.19999694824219,109.69999694824219,110.94999694824219,106.74822998046875,122851
2016-06-08,111.94999694824219,111.94999694824219,110.4000015258789,111.5999984741211,107.37360382080078,43314
2016-06-09,111.25,112.6500015258789,111.05000305175781,111.80000305175781,107.56603240966797,38524
2016-06-10,111.80000305175781,115.5,111.30000305175781,114.94999694824219,110.59673309326172,186531
2016-06-13,114.0,115.4000015258789,113.25,114.9000015258789,110.54863739013672,75538
2016-06-14,114.9000015258789,115.0,110.5999984741211,112.5999984741211,108.33573150634766,47077
2016-06-15,112.05000305175781,114.19999694824219,110.5,112.30000305175781,108.0470962524414,30638
2016-06-16,113.0999984741211,115.6500015258789,111.19999694824219,113.6500015258789,109.3459701538086,245425
2016-06-17,114.0,114.4000015258789,112.5,112.80000305175781,108.52816772460938,27924
2016-06-20,112.5,113.9000015258789,112.0,113.0999984741211,108.81681060791016,30749
2016-06-21,114.19999694824219,114.19999694824219,111.0,111.3499984741211,107.13307189941406,26279
2016-06-22,109.19999694824219,111.8499984741211,109.19999694824219,110.4000015258789,106.21905517578125,45544
2016-06-23,111.5,112.80000305175781,110.0999984741211,111.0,106.79632568359375,50920
2016-06-24,110.0,114.80000305175781,107.9000015258789,113.3499984741211,109.05734252929688,109744
2016-06-27,111.5,117.0999984741211,111.5,116.44999694824219,112.03993225097656,293781
2016-06-28,117.5,119.80000305175781,115.9000015258789,116.80000305175781,112.3766860961914,196316
2016-06-29,117.8499984741211,119.25,117.5,118.5,114.01229095458984,174277
2016-06-30,119.4000015258789,121.0999984741211,116.5,119.9000015258789,115.35928344726562,115055
2016-07-01,118.05000305175781,127.6500015258789,118.05000305175781,123.25,118.58240509033203,1423075
2016-07-04,122.3499984741211,125.44999694824219,122.0,123.1500015258789,118.48619842529297,104783
2016-07-05,123.3499984741211,126.4000015258789,121.0,122.05000305175781,117.42784881591797,108687
2016-07-07,122.25,124.5,120.30000305175781,121.55000305175781,116.94678497314453,39236
2016-07-08,123.0,123.0,118.5,120.1500015258789,115.59981536865234,72805
2016-07-11,121.0,123.25,119.5,119.80000305175781,115.26306915283203,29868
2016-07-12,121.25,121.25,118.5,119.6500015258789,115.1187515258789,44077
2016-07-13,119.44999694824219,120.69999694824219,118.19999694824219,119.30000305175781,114.78199768066406,25947
2016-07-14,119.05000305175781,121.05000305175781,118.5999984741211,119.94999694824219,115.40736389160156,40712
2016-07-15,119.94999694824219,120.94999694824219,118.0999984741211,119.44999694824219,114.92631530761719,41334
2016-07-18,118.05000305175781,120.5,116.0,117.6500015258789,113.19449615478516,19492
2016-07-19,117.8499984741211,118.94999694824219,115.0,116.0,111.60696411132812,24891
2016-07-20,116.75,119.80000305175781,115.05000305175781,118.05000305175781,113.579345703125,42431
2016-07-21,119.19999694824219,124.6500015258789,117.9000015258789,121.05000305175781,116.4657211303711,193846
2016-07-22,120.75,121.3499984741211,120.0999984741211,120.94999694824219,116.36949920654297,18828
2016-07-25,120.5999984741211,124.0,120.55000305175781,123.19999694824219,118.53429412841797,53524
2016-07-26,123.0999984741211,123.9000015258789,119.0999984741211,120.19999694824219,115.64791107177734,29545
2016-07-27,120.6500015258789,124.8499984741211,120.0,122.0,117.37974548339844,393407
2016-07-28,122.19999694824219,125.0,120.80000305175781,121.9000015258789,117.28353881835938,143012
2016-07-29,121.5,124.4000015258789,121.5,122.5,117.86082458496094,73065
2016-08-01,122.9000015258789,123.8499984741211,122.0,122.9000015258789,118.24566650390625,150474
2016-08-02,123.3499984741211,123.69999694824219,119.4000015258789,119.94999694824219,115.40736389160156,33240
2016-08-03,120.0,121.0,115.0,116.0,111.60696411132812,43540
2016-08-04,115.75,118.5,115.25,117.19999694824219,112.76151275634766,27347
2016-08-05,123.0,124.19999694824219,119.19999694824219,122.44999694824219,117.81269836425781,681945
2016-08-08,122.0,125.5,122.0,123.30000305175781,118.6305160522461,49117
2016-08-09,124.69999694824219,124.69999694824219,118.1500015258789,119.5,114.97441864013672,135538
2016-08-10,121.0,122.8499984741211,118.4000015258789,119.1500015258789,114.63768005371094,60165
2016-08-11,119.25,124.05000305175781,118.0,121.9000015258789,117.28353881835938,160288
2016-08-12,123.80000305175781,126.5,122.55000305175781,125.4000015258789,120.6509780883789,158772
2016-08-16,125.44999694824219,125.44999694824219,122.44999694824219,123.75,119.0634765625,67185
2016-08-17,123.0,135.5,122.9000015258789,129.64999389648438,124.74002075195312,368164
2016-08-18,129.3000030517578,133.0,126.25,127.5999984741211,123.19525909423828,81515
2016-08-19,128.0,128.89999389648438,126.0,127.1500015258789,122.76080322265625,32684
2016-08-22,127.94999694824219,127.94999694824219,122.6500015258789,123.25,118.99542999267578,45212
2016-08-23,122.5,125.5,121.5999984741211,124.6500015258789,120.34709930419922,41936
2016-08-24,124.5,128.1999969482422,123.19999694824219,126.69999694824219,122.32633209228516,51400
2016-08-25,126.69999694824219,128.0500030517578,124.25,124.80000305175781,120.491943359375,26970
2016-08-26,125.19999694824219,126.0,122.0,122.8499984741211,118.6092300415039,33815
2016-08-29,120.80000305175781,128.0,120.80000305175781,125.6500015258789,121.31258392333984,70348
2016-08-30,125.80000305175781,128.0,123.0,123.9000015258789,119.62299346923828,76486
2016-08-31,125.3499984741211,127.0,122.9000015258789,125.19999694824219,120.87811279296875,96267
2016-09-01,125.25,129.75,124.0,128.9499969482422,124.4986572265625,143363
2016-09-02,128.9499969482422,135.6999969482422,115.0,123.1500015258789,118.89888763427734,924900
2016-09-06,127.0,130.0,125.30000305175781,125.94999694824219,121.60222625732422,298581
2016-09-07,126.9000015258789,126.9000015258789,123.0,124.1500015258789,119.86437225341797,100468
2016-09-08,125.5999984741211,129.0,123.19999694824219,125.8499984741211,121.50568389892578,226227
2016-09-09,126.30000305175781,126.4000015258789,124.05000305175781,124.8499984741211,120.54019165039062,57380
2016-09-12,121.05000305175781,124.75,116.4000015258789,118.55000305175781,114.45767974853516,125551
2016-09-14,119.75,121.75,118.0,118.8499984741211,114.74730682373047,108385
2016-09-15,119.05000305175781,120.0,117.19999694824219,117.75,113.68528747558594,62612
2016-09-16,118.19999694824219,123.30000305175781,117.5,122.30000305175781,118.07821655273438,243883
2016-09-19,122.0,122.0,118.19999694824219,119.4000015258789,115.27833557128906,118982
2016-09-20,120.69999694824219,121.4000015258789,118.75,119.3499984741211,115.23004913330078,96520
2016-09-21,119.94999694824219,121.69999694824219,118.6500015258789,120.5999984741211,116.43690490722656,35634
2016-09-22,121.8499984741211,126.69999694824219,119.5,124.8499984741211,120.54019165039062,142488
2016-09-23,124.44999694824219,126.0,120.5,122.1500015258789,117.93339538574219,54472
2016-09-26,121.05000305175781,123.8499984741211,119.5,119.75,115.61624145507812,31185
2016-09-27,119.0,124.0,118.80000305175781,121.55000305175781,117.35411071777344,54069
2016-09-28,121.94999694824219,122.80000305175781,120.19999694824219,120.94999694824219,116.77481842041016,26850
2016-09-29,121.0,122.0,117.9000015258789,120.55000305175781,116.38863372802734,150354
2016-09-30,119.4000015258789,123.5,118.0999984741211,122.94999694824219,118.70577239990234,86059
2016-10-03,123.25,125.75,122.0999984741211,123.0,118.75406646728516,41530
2016-10-04,124.94999694824219,127.0,121.19999694824219,125.8499984741211,121.50568389892578,57340
2016-10-05,126.19999694824219,128.60000610351562,125.0,125.6500015258789,121.31258392333984,55129
2016-10-06,127.05000305175781,127.6500015258789,122.5,123.25,118.99542999267578,38645
2016-10-07,122.5999984741211,123.9000015258789,122.0,123.30000305175781,119.04370880126953,19267
2016-10-10,124.5,124.9000015258789,121.75,123.5999984741211,119.3333511352539,34928
2016-10-13,124.9000015258789,124.9000015258789,121.4000015258789,122.1500015258789,117.93339538574219,26863
2016-10-14,123.05000305175781,124.9000015258789,121.0,123.0999984741211,118.8506088256836,28184
2016-10-17,121.05000305175781,124.0,121.05000305175781,123.0,118.75406646728516,17739
2016-10-18,122.5,128.9499969482422,122.5,125.55000305175781,121.21603393554688,58523
2016-10-19,126.69999694824219,130.5,123.30000305175781,127.80000305175781,123.38836669921875,88917
2016-10-20,129.9499969482422,129.9499969482422,124.55000305175781,126.05000305175781,121.69877624511719,59530
2016-10-21,126.55000305175781,130.0,125.05000305175781,127.9000015258789,123.48490905761719,170505
2016-10-24,128.0500030517578,129.85000610351562,126.55000305175781,127.19999694824219,122.80907440185547,28518
2016-10-25,128.6999969482422,128.89999389648438,125.19999694824219,126.30000305175781,121.94013977050781,29480
2016-10-26,126.05000305175781,127.75,124.9000015258789,125.44999694824219,121.1194839477539,22271
2016-10-27,125.05000305175781,127.1500015258789,124.5,126.0,121.6505126953125,24703
2016-10-28,125.25,127.5999984741211,124.5999984741211,127.0999984741211,122.71253204345703,26170
2016-11-01,125.1500015258789,128.35000610351562,125.1500015258789,127.0999984741211,122.71253204345703,20001
2016-11-02,126.5,127.5,125.9000015258789,127.0,122.61597442626953,126808
2016-11-03,127.0,128.14999389648438,126.5,127.0,122.61597442626953,34017
2016-11-04,127.5,128.0,127.0,127.3499984741211,122.95390319824219,332368
2016-11-07,128.9499969482422,129.0,123.5,126.4000015258789,122.03668975830078,25853
2016-11-08,128.9499969482422,128.9499969482422,127.0,127.1500015258789,122.76080322265625,19246
2016-11-09,120.0,127.5,119.5,126.4000015258789,122.03668975830078,70625
2016-11-10,127.5999984741211,128.0,126.75,127.0,122.61597442626953,26910
2016-11-11,127.9000015258789,127.94999694824219,125.19999694824219,127.19999694824219,122.80907440185547,70500
2016-11-15,125.0,126.94999694824219,120.69999694824219,121.80000305175781,117.59548950195312,116802
2016-11-16,127.69999694824219,127.69999694824219,120.4000015258789,121.5,117.30584716796875,29368
2016-11-17,121.5,122.69999694824219,118.25,119.69999694824219,115.56798553466797,159380
2016-11-18,119.05000305175781,119.75,115.55000305175781,118.1500015258789,114.07147216796875,21627
2016-11-21,117.30000305175781,120.4000015258789,114.5,116.4000015258789,112.38188934326172,22944
2016-11-22,117.94999694824219,119.75,114.3499984741211,119.1500015258789,115.0369644165039,78661
2016-11-23,119.1500015258789,120.0,118.19999694824219,118.69999694824219,114.60247802734375,25348
2016-11-24,119.05000305175781,120.9000015258789,118.05000305175781,119.25,115.13350677490234,77295
2016-11-25,119.80000305175781,120.0999984741211,118.25,118.55000305175781,114.45767974853516,771520
2016-11-28,118.19999694824219,121.9000015258789,116.1500015258789,117.05000305175781,113.00943756103516,194172
2016-11-29,119.8499984741211,120.1500015258789,116.0,117.0,112.96117401123047,294958
2016-11-30,117.05000305175781,117.9000015258789,115.0,116.0,111.9957046508789,28379
2016-12-01,117.0999984741211,117.0999984741211,114.9000015258789,115.1500015258789,111.17503356933594,19144
2016-12-02,114.94999694824219,116.8499984741211,112.3499984741211,115.75,111.75432586669922,75043
2016-12-05,117.25,117.25,114.0,114.9000015258789,110.93367004394531,21352
2016-12-06,116.3499984741211,116.69999694824219,114.80000305175781,116.0999984741211,112.09224700927734,9221
2016-12-07,116.1500015258789,117.30000305175781,115.80000305175781,116.8499984741211,112.81635284423828,7108
2016-12-08,115.30000305175781,119.0,115.30000305175781,117.94999694824219,113.87837982177734,24483
2016-12-09,118.0,121.25,117.55000305175781,119.6500015258789,115.51969909667969,23424
2016-12-12,119.69999694824219,120.3499984741211,117.0,119.0,114.89214324951172,12595
2016-12-13,119.9000015258789,119.94999694824219,117.5,119.0999984741211,114.98868560791016,18927
2016-12-14,118.1500015258789,120.0,117.6500015258789,117.94999694824219,113.87837982177734,8095
2016-12-15,117.30000305175781,119.80000305175781,115.0,118.75,114.65076446533203,13424
2016-12-16,118.1500015258789,119.55000305175781,117.1500015258789,118.4000015258789,114.31285858154297,6265
2016-12-19,119.94999694824219,119.94999694824219,115.3499984741211,115.8499984741211,111.85086822509766,6067
2016-12-20,116.30000305175781,117.25,115.0,116.6500015258789,112.62326049804688,10539
2016-12-21,115.0999984741211,117.25,114.19999694824219,115.0,111.03021240234375,789027
2016-12-22,113.55000305175781,117.0999984741211,113.55000305175781,116.6500015258789,112.62326049804688,13467
2016-12-23,116.05000305175781,117.80000305175781,114.6500015258789,114.8499984741211,110.8853988647461,27645
2016-12-26,114.75,117.44999694824219,113.3499984741211,114.5,110.54747772216797,49368
2016-12-27,113.30000305175781,116.0999984741211,113.30000305175781,114.4000015258789,110.450927734375,140315
2016-12-28,115.80000305175781,117.9000015258789,114.3499984741211,117.4000015258789,113.34736633300781,176337
2016-12-29,116.5,120.69999694824219,116.1500015258789,118.80000305175781,114.69904327392578,84119
2016-12-30,118.05000305175781,120.4000015258789,117.19999694824219,118.8499984741211,114.74730682373047,35163
2017-01-02,121.94999694824219,121.94999694824219,117.30000305175781,119.5,115.3748779296875,5032
2017-01-03,119.9000015258789,121.0,117.69999694824219,120.30000305175781,116.14725494384766,114963
2017-01-04,120.44999694824219,122.0,118.5,119.6500015258789,115.51969909667969,59938
2017-01-05,120.4000015258789,121.4000015258789,118.55000305175781,119.4000015258789,115.27833557128906,10016
2017-01-06,122.0,122.0,117.94999694824219,118.44999694824219,114.36112976074219,182690
2017-01-09,118.25,119.80000305175781,117.5,117.75,113.68528747558594,140129
2017-01-10,118.94999694824219,121.5,117.9000015258789,119.44999694824219,115.32660675048828,134474
2017-01-11,120.0,121.3499984741211,118.25,119.6500015258789,115.51969909667969,182023
2017-01-12,120.94999694824219,120.94999694824219,118.5,118.69999694824219,114.60247802734375,147160
2017-01-13,118.75,120.69999694824219,116.8499984741211,117.5,113.44391632080078,38373
2017-01-16,118.0,118.4000015258789,112.1500015258789,113.19999694824219,109.29234313964844,141422
2017-01-17,113.80000305175781,116.0,113.0,115.80000305175781,111.80260467529297,63997
2017-01-18,115.6500015258789,116.0,114.0,114.30000305175781,110.35438537597656,17354
2017-01-19,115.0999984741211,116.5,115.0,116.0999984741211,112.09224700927734,61912
2017-01-20,115.19999694824219,120.0,115.19999694824219,117.75,113.68528747558594,58639
2017-01-23,118.0,119.0,116.55000305175781,118.30000305175781,114.21630096435547,11946
2017-01-24,118.30000305175781,119.9000015258789,117.69999694824219,119.1500015258789,115.0369644165039,22952
2017-01-25,118.1500015258789,120.69999694824219,117.1500015258789,120.1500015258789,116.00244140625,133497
2017-01-27,122.0,122.0,119.0,120.05000305175781,115.9059066772461,135366
2017-01-30,121.0,121.9000015258789,119.55000305175781,120.0,115.85761260986328,329111
2017-01-31,121.44999694824219,121.44999694824219,119.1500015258789,120.25,116.09899139404297,79425
2017-02-01,119.05000305175781,121.0,117.30000305175781,120.0,115.85761260986328,36581
2017-02-02,119.4000015258789,121.0,118.30000305175781,119.05000305175781,114.94041442871094,134007
2017-02-03,120.6500015258789,126.0,119.3499984741211,125.75,121.40911865234375,147699
2017-02-06,130.0,130.0,126.30000305175781,127.6500015258789,123.24354553222656,49787
2017-02-07,127.5,128.89999389648438,125.0,125.30000305175781,120.97467041015625,17480
2017-02-08,127.94999694824219,128.0500030517578,123.0,124.6500015258789,120.34709930419922,40903
2017-02-09,129.0,129.0,125.69999694824219,128.5,124.06420135498047,90421
2017-02-10,128.5,128.75,124.4000015258789,124.80000305175781,120.491943359375,34809
2017-02-13,122.30000305175781,127.75,122.30000305175781,126.94999694824219,122.56769561767578,42221
2017-02-14,127.0,128.0,124.6500015258789,125.30000305175781,120.97467041015625,23853
2017-02-15,127.0,127.0,122.75,123.4000015258789,119.14024353027344,30009
2017-02-16,124.0,124.94999694824219,122.44999694824219,124.0999984741211,119.81607818603516,17720
2017-02-17,124.5999984741211,125.5,122.0,123.0,118.75406646728516,39054
2017-02-20,124.8499984741211,125.0,122.0,123.3499984741211,119.09197998046875,62168
2017-02-21,123.3499984741211,124.9000015258789,121.5999984741211,122.05000305175781,117.83686065673828,25972
2017-02-22,123.0,124.30000305175781,121.3499984741211,122.9000015258789,118.65750885009766,24610
2017-02-23,122.9000015258789,124.8499984741211,121.6500015258789,122.5,118.27131652832031,33419
2017-02-27,124.5,124.8499984741211,121.5999984741211,122.9000015258789,118.65750885009766,29336
2017-02-28,122.8499984741211,123.44999694824219,120.1500015258789,120.44999694824219,116.29208374023438,21450
2017-03-01,122.4000015258789,122.4000015258789,120.0,121.75,117.54720306396484,18988
2017-03-02,121.1500015258789,123.0,120.0999984741211,121.75,117.54720306396484,28395
2017-03-03,121.0,124.4000015258789,121.0,122.5,118.27131652832031,26349
2017-03-06,120.3499984741211,123.5,120.3499984741211,122.0999984741211,117.88511657714844,14522
2017-03-07,122.0,123.0,121.5,122.3499984741211,118.1264877319336,15686
2017-03-08,122.5999984741211,123.25,121.0,122.0,117.78857421875,28532
2017-03-09,121.1500015258789,123.5,120.94999694824219,123.0999984741211,118.8506088256836,28006
2017-03-10,120.55000305175781,124.0,120.55000305175781,122.9000015258789,118.65750885009766,62441
2017-03-14,123.05000305175781,125.44999694824219,122.3499984741211,123.25,118.99542999267578,36925
2017-03-15,123.6500015258789,124.44999694824219,121.6500015258789,123.9000015258789,119.62299346923828,27478
2017-03-16,124.6500015258789,127.0,122.6500015258789,123.6500015258789,119.38162231445312,123023
2017-03-17,125.80000305175781,126.0,123.4000015258789,125.6500015258789,121.31258392333984,47544
2017-03-20,126.9000015258789,127.0,124.4000015258789,124.94999694824219,120.63674926757812,95379
2017-03-21,124.55000305175781,127.0,124.55000305175781,125.25,120.92637634277344,14287
2017-03-22,122.25,127.5999984741211,122.25,127.0,122.61597442626953,39097
2017-03-23,125.19999694824219,128.0,121.6500015258789,124.55000305175781,120.25055694580078,82610
2017-03-24,125.0,126.94999694824219,124.0999984741211,125.25,120.92637634277344,48422
2017-03-27,125.4000015258789,127.0,123.69999694824219,124.1500015258789,119.86437225341797,64825
2017-03-28,126.44999694824219,128.14999389648438,124.25,127.6500015258789,123.24354553222656,65635
2017-03-29,128.9499969482422,145.89999389648438,128.1999969482422,142.1999969482422,137.291259765625,1250286
2017-03-30,142.0,143.89999389648438,137.25,137.9499969482422,133.18798828125,229193
2017-03-31,137.0,147.3000030517578,135.85000610351562,144.89999389648438,139.8980712890625,369827
2017-04-03,145.8000030517578,148.0,142.5,143.35000610351562,138.40159606933594,192653
2017-04-05,143.0,144.8000030517578,140.0500030517578,141.0,136.13270568847656,89569
2017-04-06,144.0,144.0,139.0,141.6999969482422,136.8085479736328,106681
2017-04-07,141.0,145.89999389648438,139.3000030517578,139.89999389648438,135.07066345214844,109749
2017-04-10,140.0500030517578,142.5,138.1999969482422,138.9499969482422,134.15345764160156,51113
2017-04-11,140.0500030517578,142.85000610351562,138.60000610351562,139.5,134.68447875976562,60987
2017-04-12,140.0,143.39999389648438,137.5500030517578,139.1999969482422,134.3948211669922,91804
2017-04-13,141.0,141.0,138.1999969482422,139.39999389648438,134.5879364013672,43640
2017-04-17,140.0,143.0,138.1999969482422,140.0500030517578,135.2154998779297,64771
2017-04-18,141.9499969482422,141.9499969482422,135.0,136.5500030517578,131.83633422851562,94616
2017-04-19,136.1999969482422,138.8000030517578,135.5,135.9499969482422,131.25701904296875,50265
2017-04-20,137.9499969482422,142.0,136.0,139.5,134.68447875976562,162174
2017-04-21,141.85000610351562,142.85000610351562,138.0,140.25,135.40858459472656,178785
2017-04-24,141.89999389648438,142.89999389648438,140.0,140.35000610351562,135.50515747070312,104450
2017-04-25,142.4499969482422,142.5,139.5,140.3000030517578,135.45687866210938,135993
2017-04-26,140.0,141.8000030517578,139.0,139.14999389648438,134.34654235839844,84337
2017-04-27,138.85000610351562,139.39999389648438,138.14999389648438,138.35000610351562,133.57418823242188,38579
2017-04-28,139.64999389648438,139.64999389648438,137.1999969482422,137.75,132.994873046875,30326
2017-05-02,139.0,139.0,137.1999969482422,138.35000610351562,133.57418823242188,44778
2017-05-03,136.0500030517578,141.6999969482422,136.0,138.5500030517578,133.7672882080078,72073
2017-05-04,137.0,139.85000610351562,135.3000030517578,137.0,132.2707977294922,47621
2017-05-05,137.0500030517578,138.9499969482422,136.0500030517578,137.64999389648438,132.89833068847656,38395
2017-05-08,139.0,142.0500030517578,137.3000030517578,137.89999389648438,133.13970947265625,51727
2017-05-09,139.9499969482422,140.0,136.3000030517578,138.1999969482422,133.42935180664062,40613
2017-05-10,139.8000030517578,139.8000030517578,137.0,137.64999389648438,132.89833068847656,65583
2017-05-11,138.89999389648438,138.89999389648438,136.60000610351562,138.10000610351562,133.33282470703125,26082
2017-05-12,138.0,139.75,135.5,137.5,132.75350952148438,52525
2017-05-15,138.4499969482422,140.10000610351562,137.10000610351562,139.35000610351562,134.5396728515625,92460
2017-05-16,139.0,141.0,136.89999389648438,138.8000030517578,134.0086212158203,253487
2017-05-17,138.89999389648438,139.6999969482422,137.25,138.3000030517578,133.5259246826172,44497
2017-05-18,137.0,149.0,137.0,140.4499969482422,135.60166931152344,410077
2017-05-19,139.10000610351562,142.8000030517578,132.0,133.35000610351562,128.7467803955078,168439
2017-05-22,134.9499969482422,137.6999969482422,131.10000610351562,134.25,129.61572265625,135379
2017-05-23,135.4499969482422,136.35000610351562,127.0,135.1999969482422,130.5329132080078,172655
2017-05-24,133.5500030517578,135.0,129.1999969482422,132.10000610351562,127.53997039794922,70934
2017-05-25,132.60000610351562,138.1999969482422,130.0,135.4499969482422,130.7742919921875,97840
2017-05-26,135.5,138.5,133.75,137.35000610351562,132.60870361328125,53427
2017-05-29,137.35000610351562,138.5,133.0500030517578,137.89999389648438,133.13970947265625,46605
2017-05-30,139.0,141.5,134.3000030517578,141.0,136.13270568847656,92507
2017-05-31,141.0,142.60000610351562,135.39999389648438,137.4499969482422,132.70523071289062,91537
2017-06-01,138.6999969482422,138.6999969482422,135.10000610351562,136.14999389648438,131.45010375976562,72888
2017-06-02,137.5,139.75,133.10000610351562,138.9499969482422,134.15345764160156,54606
2017-06-05,139.0,140.9499969482422,137.0500030517578,140.10000610351562,135.26376342773438,55080
2017-06-06,140.85000610351562,141.39999389648438,137.5,140.1999969482422,135.36032104492188,38214
2017-06-07,142.6999969482422,142.6999969482422,138.3000030517578,138.85000610351562,134.05691528320312,27876
2017-06-08,141.6999969482422,141.6999969482422,136.5,137.5500030517578,132.80181884765625,25622
2017-06-09,138.8000030517578,141.0,138.0500030517578,139.89999389648438,135.07066345214844,88304
2017-06-12,139.89999389648438,141.10000610351562,137.0,139.6999969482422,134.87757873535156,130934
2017-06-13,139.89999389648438,140.5,137.89999389648438,140.0500030517578,135.2154998779297,48106
2017-06-14,139.75,139.89999389648438,137.0,137.5,132.75350952148438,35676
2017-06-15,137.4499969482422,137.5,135.1999969482422,135.8000030517578,131.11219787597656,21005
2017-06-16,137.0,140.5,135.89999389648438,139.89999389648438,135.07066345214844,44096
2017-06-19,140.5,141.0,137.64999389648438,138.4499969482422,133.67071533203125,16671
2017-06-20,139.9499969482422,140.0,137.0500030517578,138.5500030517578,133.7672882080078,20465
2017-06-21,138.75,139.75,136.14999389648438,137.89999389648438,133.13970947265625,34496
2017-06-22,137.1999969482422,141.0,137.1999969482422,140.4499969482422,135.60166931152344,171021
2017-06-23,141.5,142.5,137.60000610351562,139.35000610351562,134.5396728515625,128659
2017-06-27,139.1999969482422,142.0,137.9499969482422,139.5500030517578,134.7327423095703,104990
2017-06-28,138.5,141.14999389648438,137.5,138.3000030517578,133.5259246826172,167492
2017-06-29,138.39999389648438,140.89999389648438,138.0500030517578,139.39999389648438,134.5879364013672,41566
2017-06-30,138.0,143.0,137.35000610351562,140.9499969482422,136.08441162109375,96142
2017-07-03,142.0,142.8000030517578,139.6999969482422,142.0,137.09820556640625,34350
2017-07-04,143.9499969482422,167.25,143.0,156.89999389648438,151.48382568359375,2489156
2017-07-05,156.89999389648438,160.64999389648438,155.14999389648438,157.10000610351562,151.67694091796875,232163
2017-07-06,157.39999389648438,159.6999969482422,152.5500030517578,154.0500030517578,148.7322235107422,130890
2017-07-07,155.0500030517578,155.0500030517578,150.75,151.10000610351562,145.88404846191406,97754
2017-07-10,149.10000610351562,149.60000610351562,146.5,147.3000030517578,142.2152099609375,17888
2017-07-11,147.0,159.0,147.0,152.39999389648438,147.13917541503906,261300
2017-07-12,152.39999389648438,156.8000030517578,148.64999389648438,155.8000030517578,150.42181396484375,156349
2017-07-13,155.89999389648438,155.89999389648438,150.10000610351562,153.85000610351562,148.53912353515625,68601
2017-07-14,154.0500030517578,154.0500030517578,150.5,151.64999389648438,146.4150848388672,37017
2017-07-17,151.0,153.8000030517578,148.64999389648438,149.39999389648438,144.2427215576172,48799
2017-07-18,150.0,150.0,141.8000030517578,142.60000610351562,137.67747497558594,82720
2017-07-19,143.25,147.3000030517578,142.89999389648438,145.14999389648438,140.1394500732422,64184
2017-07-20,144.0500030517578,148.4499969482422,143.1999969482422,144.75,139.75326538085938,79826
2017-07-21,145.4499969482422,146.8000030517578,141.0500030517578,142.10000610351562,137.19471740722656,50959
2017-07-24,142.5,144.5,141.75,142.10000610351562,137.19471740722656,42150
2017-07-25,142.8000030517578,144.25,141.0,141.75,136.8568115234375,27151
2017-07-26,141.64999389648438,145.39999389648438,138.9499969482422,141.75,136.8568115234375,35732
2017-07-27,142.9499969482422,149.39999389648438,141.1999969482422,146.75,141.68421936035156,130016
2017-07-28,145.0500030517578,147.39999389648438,142.60000610351562,144.1999969482422,139.22222900390625,40931
2017-07-31,144.25,144.8000030517578,142.10000610351562,142.64999389648438,137.72572326660156,27919
2017-08-01,143.39999389648438,143.39999389648438,140.0,140.9499969482422,136.08441162109375,24093
2017-08-02,141.9499969482422,142.3000030517578,140.75,141.10000610351562,136.229248046875,27447
2017-08-03,142.25,142.25,138.4499969482422,139.39999389648438,135.30712890625,24053
2017-08-04,139.0500030517578,142.3000030517578,136.64999389648438,136.9499969482422,132.9290771484375,34273
2017-08-07,138.0500030517578,139.89999389648438,136.0,138.89999389648438,134.82180786132812,36693
2017-08-08,142.35000610351562,142.35000610351562,132.75,133.64999389648438,129.72596740722656,50739
2017-08-09,134.3000030517578,136.8000030517578,130.9499969482422,131.6999969482422,127.83319854736328,24890
2017-08-10,129.9499969482422,131.0,125.19999694824219,130.0500030517578,126.2316665649414,94753
2017-08-11,129.85000610351562,135.0,127.0999984741211,133.5,129.58035278320312,358841
2017-08-14,135.0,135.8000030517578,132.64999389648438,134.10000610351562,130.16273498535156,16163
2017-08-16,134.35000610351562,135.5,132.35000610351562,134.14999389648438,130.21127319335938,97811
2017-08-17,133.89999389648438,135.25,131.10000610351562,132.10000610351562,128.22149658203125,25608
2017-08-18,132.10000610351562,133.5,129.1999969482422,130.5500030517578,126.71697235107422,32548
2017-08-21,130.6999969482422,131.3000030517578,127.25,128.0,124.24185180664062,24564
2017-08-22,129.0,131.0500030517578,128.10000610351562,130.1999969482422,126.37724304199219,20509
2017-08-23,130.5500030517578,131.75,130.0,130.4499969482422,126.61991119384766,24340
2017-08-24,131.3000030517578,131.3000030517578,130.0,130.10000610351562,126.28020477294922,10012
2017-08-28,127.0,135.89999389648438,127.0,135.0,131.0363311767578,59490
2017-08-29,135.35000610351562,135.35000610351562,130.5500030517578,131.3000030517578,127.4449691772461,12464
2017-08-30,133.25,136.0,131.0,134.75,130.79364013671875,15414
2017-08-31,133.5,134.9499969482422,131.60000610351562,132.60000610351562,128.706787109375,15014
2017-09-01,132.8000030517578,134.14999389648438,130.60000610351562,131.89999389648438,128.02732849121094,18358
2017-09-04,131.89999389648438,134.9499969482422,129.64999389648438,130.25,126.42578125,26221
2017-09-05,128.5,132.1999969482422,128.5,130.64999389648438,126.81404876708984,50570
2017-09-06,131.9499969482422,131.9499969482422,129.75,130.25,126.42578125,20264
2017-09-07,131.85000610351562,132.1999969482422,129.9499969482422,130.14999389648438,126.3287124633789,166035
2017-09-08,131.5,133.8000030517578,130.14999389648438,133.1999969482422,129.28915405273438,26606
2017-09-11,133.9499969482422,134.9499969482422,129.89999389648438,130.9499969482422,127.10523986816406,58507
2017-09-12,132.1999969482422,134.0,131.89999389648438,133.4499969482422,129.53182983398438,51143
2017-09-13,134.9499969482422,149.5,133.0,137.75,133.70556640625,150875
2017-09-14,139.4499969482422,141.75,136.75,137.1999969482422,133.17176818847656,31201
2017-09-15,137.0,139.0,133.0500030517578,135.4499969482422,131.47311401367188,29088
2017-09-18,138.6999969482422,138.6999969482422,136.5,136.8000030517578,132.78346252441406,20837
2017-09-19,135.10000610351562,141.6999969482422,130.10000610351562,137.6999969482422,133.65704345703125,1301820
2017-09-20,138.0,138.89999389648438,137.0,138.0,133.9482421875,49104
2017-09-21,139.35000610351562,143.14999389648438,136.10000610351562,141.60000610351562,137.4425506591797,70514
2017-09-22,142.4499969482422,142.4499969482422,129.0,131.0500030517578,127.20231628417969,501346
2017-09-25,131.85000610351562,131.85000610351562,124.9000015258789,126.9000015258789,123.17414093017578,72096
2017-09-26,128.3000030517578,132.60000610351562,128.3000030517578,132.25,128.36705017089844,47248
2017-09-27,134.75,134.75,130.10000610351562,130.89999389648438,127.05669403076172,43959
2017-09-28,132.89999389648438,132.89999389648438,127.0999984741211,128.6999969482422,124.92127990722656,54346
2017-09-29,129.6999969482422,131.0,128.6999969482422,129.6999969482422,125.89193725585938,40002
2017-10-03,132.5,132.5,127.5,128.14999389648438,124.38743591308594,32802
2017-10-04,130.9499969482422,130.9499969482422,127.0999984741211,127.80000305175781,124.0477294921875,67315
2017-10-05,129.5,129.5,125.9000015258789,126.80000305175781,123.07708740234375,64554
2017-10-06,129.85000610351562,129.9499969482422,125.75,126.44999694824219,122.73735809326172,89987
2017-10-09,127.69999694824219,128.0,125.75,126.9000015258789,123.17414093017578,66486
2017-10-10,127.0,131.0,126.19999694824219,129.75,125.94047546386719,45198
2017-10-11,131.39999389648438,134.35000610351562,129.4499969482422,132.10000610351562,128.22149658203125,185437
2017-10-12,132.5,132.5,117.25,130.9499969482422,127.10523986816406,960371
2017-10-13,131.0,132.0,125.19999694824219,126.6500015258789,122.93148803710938,790829
2017-10-16,125.05000305175781,129.39999389648438,125.05000305175781,128.5500030517578,124.77569580078125,28254
2017-10-17,129.75,130.1999969482422,127.69999694824219,128.14999389648438,124.38743591308594,40835
2017-10-18,128.25,130.0,128.14999389648438,128.9499969482422,125.16394805908203,27100
2017-10-19,130.0,131.39999389648438,129.8000030517578,130.25,126.42578125,11728
2017-10-23,130.25,130.75,127.5,130.0500030517578,126.2316665649414,19491
2017-10-24,130.60000610351562,135.0,129.10000610351562,130.25,126.42578125,58830
2017-10-25,132.10000610351562,132.39999389648438,125.0,126.80000305175781,123.07708740234375,72867
2017-10-26,129.89999389648438,130.10000610351562,126.9000015258789,129.75,125.94047546386719,29214
2017-10-27,130.39999389648438,131.0,129.0,130.5,126.66844177246094,36845
2017-10-30,130.5,132.0,128.85000610351562,129.35000610351562,125.55221557617188,56804
2017-10-31,130.9499969482422,131.25,128.60000610351562,130.5500030517578,126.71697235107422,77129
2017-11-01,131.9499969482422,131.9499969482422,129.0,129.8000030517578,125.98900604248047,39294
2017-11-02,129.1999969482422,131.5,129.14999389648438,130.35000610351562,126.52288055419922,29889
2017-11-03,130.5,134.25,129.8000030517578,130.75,126.91111755371094,63719
2017-11-06,132.4499969482422,140.4499969482422,130.0,139.0,134.9188995361328,170671
2017-11-07,139.5,142.0,138.1999969482422,140.0,135.8895263671875,109990
2017-11-08,140.85000610351562,143.60000610351562,132.10000610351562,134.75,130.79364013671875,86265
2017-11-09,137.8000030517578,137.8000030517578,130.3000030517578,133.3000030517578,129.38624572753906,72727
2017-11-10,134.3000030517578,136.0,131.4499969482422,135.14999389648438,131.18191528320312,44925
2017-11-13,136.9499969482422,139.0,134.4499969482422,136.0,132.00697326660156,40815
2017-11-14,136.0,147.3000030517578,135.0,141.10000610351562,136.9572296142578,242348
2017-11-15,142.39999389648438,142.39999389648438,137.5,139.9499969482422,135.8409881591797,226123
2017-11-16,140.5,140.5,136.3000030517578,137.35000610351562,133.31732177734375,33889
2017-11-17,137.60000610351562,146.8000030517578,133.10000610351562,135.14999389648438,131.18191528320312,331994
2017-11-20,136.5,136.5,134.0,135.75,132.20448303222656,31252
2017-11-21,136.0,140.89999389648438,135.39999389648438,140.10000610351562,136.44088745117188,156860
2017-11-22,141.0,141.5500030517578,138.35000610351562,140.25,136.5869598388672,36828
2017-11-23,141.8000030517578,141.8000030517578,140.0,140.0500030517578,136.39219665527344,18498
2017-11-24,138.35000610351562,140.9499969482422,133.10000610351562,140.10000610351562,136.44088745117188,166598
2017-11-27,141.39999389648438,146.6999969482422,140.60000610351562,143.60000610351562,139.8494873046875,83696
2017-11-28,145.8000030517578,145.8000030517578,136.0,137.60000610351562,134.00619506835938,74828
2017-11-29,137.89999389648438,139.35000610351562,137.0,137.8000030517578,134.2009735107422,45274
2017-11-30,139.39999389648438,139.39999389648438,135.60000610351562,136.3000030517578,132.74012756347656,27179
2017-12-01,136.39999389648438,138.0500030517578,133.25,133.6999969482422,130.20802307128906,45986
2017-12-04,135.8000030517578,137.5,132.5,133.75,130.25672912597656,20278
2017-12-05,135.0,135.0,132.1999969482422,133.0,129.5263214111328,13005
2017-12-06,132.64999389648438,136.0,132.5,134.5500030517578,131.0358428955078,197179
2017-12-07,134.10000610351562,134.10000610351562,131.10000610351562,132.1999969482422,128.74720764160156,99949
2017-12-08,134.0,134.0,130.5500030517578,130.9499969482422,127.52987670898438,30754
2017-12-11,134.4499969482422,134.4499969482422,125.5,130.0500030517578,126.65337371826172,116777
2017-12-12,131.4499969482422,131.5500030517578,124.9000015258789,128.39999389648438,125.04646301269531,118301
2017-12-13,129.8000030517578,129.8000030517578,127.69999694824219,128.64999389648438,125.28992462158203,36485
2017-12-14,128.85000610351562,129.5,125.05000305175781,127.4000015258789,124.07257843017578,89637
2017-12-15,126.9000015258789,130.0,126.5,128.8000030517578,125.43602752685547,42511
2017-12-18,129.0,129.9499969482422,126.19999694824219,129.1999969482422,125.82557678222656,82287
2017-12-19,129.14999389648438,129.85000610351562,127.25,128.89999389648438,125.53340911865234,117652
2017-12-20,130.75,130.75,128.0,128.85000610351562,125.48473358154297,46756
2017-12-21,129.0500030517578,130.35000610351562,128.0500030517578,129.8000030517578,126.40989685058594,72778
2017-12-22,131.0,131.0500030517578,129.0,129.1999969482422,125.82557678222656,72373
2017-12-26,130.0,136.10000610351562,128.0,135.0500030517578,131.5227813720703,346944
2017-12-27,136.89999389648438,137.89999389648438,134.14999389648438,136.10000610351562,132.54537963867188,130834
2017-12-28,137.8000030517578,137.8000030517578,132.75,133.1999969482422,129.72108459472656,46517
2017-12-29,134.5,135.0,132.64999389648438,133.5500030517578,130.0619659423828,25397
2018-01-01,133.10000610351562,137.0,130.1999969482422,130.75,127.33507537841797,100727
2018-01-02,131.8000030517578,131.9499969482422,128.10000610351562,129.4499969482422,126.06904602050781,1581750
2018-01-03,129.89999389648438,131.39999389648438,129.3000030517578,129.85000610351562,126.45858764648438,103006
2018-01-04,130.0,132.5,130.0,130.5,127.09161376953125,211961
2018-01-05,131.0500030517578,133.5,131.0500030517578,132.39999389648438,128.9420166015625,160919
2018-01-08,133.0,134.64999389648438,132.5,134.0500030517578,130.54888916015625,296731
2018-01-09,134.25,134.85000610351562,131.5,132.14999389648438,128.6985321044922,53788
2018-01-10,133.4499969482422,135.0,132.5,133.5,130.01327514648438,488862
2018-01-11,134.89999389648438,136.5,133.0,134.5500030517578,131.0358428955078,104624
2018-01-12,135.9499969482422,135.9499969482422,133.3000030517578,134.25,130.74366760253906,80802
2018-01-15,136.0,136.5,133.8000030517578,134.0,130.50021362304688,231168
2018-01-16,135.64999389648438,140.6999969482422,133.75,134.10000610351562,130.59759521484375,307696
2018-01-17,134.5,135.0,133.0,134.0,130.50021362304688,162884
2018-01-18,134.85000610351562,134.89999389648438,133.5,134.0,130.50021362304688,102870
2018-01-19,134.89999389648438,134.89999389648438,132.5,133.60000610351562,130.11065673828125,81706
2018-01-22,134.5,134.6999969482422,132.64999389648438,133.35000610351562,129.86720275878906,45419
2018-01-23,135.60000610351562,137.8000030517578,133.3000030517578,133.8000030517578,130.30540466308594,99436
2018-01-24,134.25,136.0,133.10000610351562,134.5,130.98715209960938,204699
2018-01-25,134.5,135.10000610351562,133.25,134.0,130.50021362304688,124550
2018-01-29,134.0500030517578,134.89999389648438,130.10000610351562,130.3000030517578,126.8968505859375,33128
2018-01-30,130.3000030517578,131.75,129.5,130.0,126.60468292236328,153521
2018-01-31,127.25,130.10000610351562,126.25,128.3000030517578,124.9490737915039,149545
2018-02-01,129.89999389648438,130.0500030517578,126.5,129.5500030517578,126.16643524169922,287431
2018-02-02,129.35000610351562,132.0,125.0,126.5,123.19609069824219,393152
2018-02-05,123.4000015258789,127.8499984741211,123.4000015258789,126.9000015258789,123.58564758300781,121427
2018-02-06,123.0,125.94999694824219,120.0,123.5,120.27445220947266,120724
2018-02-07,125.3499984741211,130.25,124.05000305175781,128.1999969482422,124.8516845703125,428365
2018-02-08,127.0,129.39999389648438,124.1500015258789,126.9000015258789,123.58564758300781,773956
2018-02-09,125.94999694824219,128.5,125.0,125.8499984741211,122.56305694580078,466357
2018-02-12,125.0,125.5,121.69999694824219,123.75,120.51791381835938,223308
2018-02-14,125.0,125.0,120.0,121.69999694824219,118.52145385742188,147515
2018-02-15,123.4000015258789,123.4000015258789,119.19999694824219,119.69999694824219,116.57369995117188,53005
2018-02-16,121.44999694824219,121.69999694824219,119.0,120.19999694824219,117.06062316894531,88380
2018-02-19,121.94999694824219,121.94999694824219,117.0,120.0,116.86585998535156,149471
2018-02-20,121.69999694824219,121.69999694824219,116.30000305175781,118.5,115.405029296875,45186
2018-02-21,118.0999984741211,118.94999694824219,116.0999984741211,116.80000305175781,113.74942779541016,23966
2018-02-22,116.80000305175781,116.8499984741211,113.1500015258789,115.55000305175781,112.53207397460938,38011
2018-02-23,114.25,118.0,113.75,117.1500015258789,114.09030151367188,65277
2018-02-26,116.25,122.8499984741211,115.0,121.25,118.08320617675781,130175
2018-02-27,120.30000305175781,121.5,114.94999694824219,119.0,115.89197540283203,405399
2018-02-28,119.0,122.0999984741211,116.30000305175781,122.0,118.81361389160156,134825
2018-03-01,123.0,123.0,117.75,119.05000305175781,115.94065856933594,214437
2018-03-05,117.4000015258789,119.19999694824219,117.0,117.1500015258789,114.09030151367188,102165
2018-03-06,118.0,118.0,115.0,115.69999694824219,112.67816925048828,63727
2018-03-07,117.0,117.0,112.0,112.80000305175781,109.85391235351562,82284
2018-03-08,112.1500015258789,115.0,110.05000305175781,114.1500015258789,111.16864776611328,60941
2018-03-09,115.80000305175781,115.80000305175781,113.0,113.9000015258789,110.92517852783203,25501
2018-03-12,115.5,115.5,111.6500015258789,112.19999694824219,109.26957702636719,128247
2018-03-13,112.69999694824219,113.8499984741211,109.19999694824219,110.1500015258789,107.27311706542969,52049
2018-03-14,110.5,114.5,110.0999984741211,113.8499984741211,110.87648010253906,31806
2018-03-15,114.0,116.80000305175781,112.9000015258789,114.94999694824219,111.94774627685547,32565
2018-03-16,115.94999694824219,115.94999694824219,110.5,110.94999694824219,108.0522232055664,42937
2018-03-19,111.0,113.1500015258789,109.0999984741211,110.0,107.12702941894531,470129
2018-03-20,109.0,109.9000015258789,106.30000305175781,107.5999984741211,104.78971099853516,151416
2018-03-21,108.75,108.75,106.1500015258789,107.19999694824219,104.40015411376953,17679
2018-03-22,106.9000015258789,107.5,103.5,104.0,101.28373718261719,26597
2018-03-23,102.6500015258789,102.6500015258789,99.0,99.75,97.14473724365234,51659
2018-03-26,99.75,102.69999694824219,98.75,99.0999984741211,96.51172637939453,133272
2018-03-27,99.25,104.44999694824219,95.5999984741211,96.80000305175781,94.27179718017578,276907
2018-03-28,95.05000305175781,102.25,95.05000305175781,100.5,97.8751449584961,347939
2018-04-02,101.5,101.94999694824219,99.5,100.4000015258789,97.77777099609375,89858
2018-04-03,100.0,102.75,99.80000305175781,100.0999984741211,97.485595703125,202187
2018-04-04,101.5,101.5,99.5,100.05000305175781,97.4369125366211,178737
2018-04-05,101.5,101.5,99.80000305175781,100.5999984741211,97.97254943847656,61868
2018-04-06,101.0,101.0,99.5,99.8499984741211,97.24214172363281,22113
2018-04-09,100.9000015258789,101.0,99.19999694824219,99.6500015258789,97.04735565185547,36106
2018-04-10,100.25,100.25,97.75,98.30000305175781,95.73261260986328,30534
2018-04-11,99.5,100.0,98.44999694824219,99.30000305175781,96.70649719238281,31045
2018-04-12,99.30000305175781,100.0,97.19999694824219,98.6500015258789,96.07347869873047,23254
2018-04-13,99.0,99.9000015258789,96.5,96.94999694824219,94.4178695678711,53109
2018-04-16,98.5,98.5,96.1500015258789,97.5,94.95350646972656,21075
2018-04-17,97.9000015258789,98.8499984741211,97.0999984741211,97.55000305175781,95.002197265625,14377
2018-04-18,98.94999694824219,102.5999984741211,97.0,98.9000015258789,96.31694030761719,57742
2018-04-19,99.0,99.69999694824219,97.30000305175781,97.80000305175781,95.24568176269531,18823
2018-04-20,98.25,100.94999694824219,96.8499984741211,99.8499984741211,97.24214172363281,47665
2018-04-23,102.0,102.0,97.1500015258789,98.9000015258789,96.31694030761719,24683
2018-04-24,100.6500015258789,100.6500015258789,98.3499984741211,99.25,96.65779876708984,18191
2018-04-25,99.05000305175781,101.80000305175781,98.80000305175781,99.44999694824219,96.85257720947266,31556
2018-04-26,100.44999694824219,100.80000305175781,99.0,99.8499984741211,97.24214172363281,12787
2018-04-27,100.5,100.5,97.30000305175781,98.0,95.44044494628906,112025
2018-04-30,98.05000305175781,100.80000305175781,98.05000305175781,99.6500015258789,97.04735565185547,16405
2018-05-02,99.0,113.5999984741211,99.0,107.8499984741211,105.03318786621094,456612
2018-05-03,107.8499984741211,109.94999694824219,104.0999984741211,105.8499984741211,103.08541870117188,118312
2018-05-04,105.5999984741211,106.5999984741211,102.9000015258789,103.5999984741211,100.8941879272461,35969
2018-05-07,103.75,107.0,101.5,102.0999984741211,99.4333724975586,79496
2018-05-08,102.8499984741211,104.0,99.0,101.05000305175781,98.4107894897461,36741
2018-05-09,99.0999984741211,102.9000015258789,99.0999984741211,100.8499984741211,98.21601104736328,13454
2018-05-10,100.8499984741211,102.5,98.55000305175781,99.6500015258789,97.04735565185547,19212
2018-05-11,99.6500015258789,101.0,98.0,98.5999984741211,96.0247802734375,17024
2018-05-14,98.5999984741211,101.0,98.0,99.75,97.14473724365234,16459
2018-05-15,101.94999694824219,101.94999694824219,98.0,98.1500015258789,95.58653259277344,23452
2018-05-16,98.30000305175781,99.5,96.94999694824219,98.25,95.68392181396484,10880
2018-05-17,98.19999694824219,101.4000015258789,97.0999984741211,99.8499984741211,97.24214172363281,13077
2018-05-18,99.75,102.0,99.0999984741211,100.30000305175781,97.68038177490234,25656
2018-05-21,100.25,102.0,96.55000305175781,97.44999694824219,94.9048080444336,36205
2018-05-22,97.4000015258789,99.8499984741211,96.1500015258789,98.94999694824219,96.36563873291016,41919
2018-05-23,101.8499984741211,109.5,100.0,104.1500015258789,101.42981719970703,159580
2018-05-24,104.0,109.0,104.0,106.69999694824219,103.91321563720703,92871
2018-05-25,106.80000305175781,108.44999694824219,106.19999694824219,108.05000305175781,105.22795867919922,59295
2018-05-28,109.5,109.5,107.8499984741211,108.05000305175781,105.22795867919922,58561
2018-05-29,108.9000015258789,113.5,108.25,110.0999984741211,107.22441864013672,47432
2018-05-30,108.0,111.5999984741211,108.0,110.19999694824219,107.3218002319336,28501
2018-05-31,110.05000305175781,112.05000305175781,110.0,110.0,107.12702941894531,23220
2018-06-01,110.55000305175781,111.05000305175781,110.0,110.0,107.12702941894531,26830
2018-06-04,110.4000015258789,110.44999694824219,108.0,108.05000305175781,105.22795867919922,47195
2018-06-05,108.5,110.9000015258789,103.3499984741211,109.0999984741211,106.25054931640625,104001
2018-06-06,108.94999694824219,111.0,106.05000305175781,109.5,106.64009094238281,47226
2018-06-07,109.0,110.8499984741211,108.0,108.0999984741211,105.27664947509766,13091
2018-06-08,108.75,110.9000015258789,108.0,108.0,105.17926788330078,33703
2018-06-11,107.05000305175781,111.5,107.05000305175781,109.8499984741211,106.98095703125,38310
2018-06-12,110.05000305175781,114.0,108.0,110.0999984741211,107.22441864013672,63728
2018-06-13,110.69999694824219,116.44999694824219,110.3499984741211,112.05000305175781,109.12349700927734,132542
2018-06-14,114.3499984741211,114.3499984741211,111.0999984741211,113.05000305175781,110.09737396240234,21656
2018-06-15,113.5,114.80000305175781,112.94999694824219,113.0999984741211,110.14606475830078,11543
2018-06-18,113.3499984741211,114.0,112.80000305175781,113.0,110.04867553710938,64366
2018-06-19,113.4000015258789,113.4000015258789,110.05000305175781,110.25,107.3705062866211,8358
2018-06-20,109.75,119.0,109.75,116.30000305175781,113.26248931884766,71273
2018-06-21,117.9000015258789,121.19999694824219,113.55000305175781,114.05000305175781,111.07125854492188,73571
2018-06-22,113.05000305175781,114.8499984741211,112.0,112.69999694824219,109.75651550292969,33934
2018-06-25,112.55000305175781,113.94999694824219,112.0,113.05000305175781,110.09737396240234,83971
2018-06-26,113.05000305175781,118.3499984741211,112.55000305175781,115.5,112.48339080810547,274984
2018-06-27,115.69999694824219,117.0,112.94999694824219,115.8499984741211,112.82423400878906,99500
2018-06-28,116.94999694824219,116.94999694824219,112.94999694824219,115.94999694824219,112.921630859375,147518
2018-06-29,116.30000305175781,116.30000305175781,115.0,115.30000305175781,112.28861236572266,121038
2018-07-02,113.05000305175781,117.80000305175781,110.69999694824219,115.75,112.72685241699219,50817
2018-07-03,114.5999984741211,116.25,113.5,114.25,111.26603698730469,9495
2018-07-04,114.4000015258789,118.5,114.30000305175781,117.94999694824219,114.86940002441406,35273
2018-07-05,118.0999984741211,118.5,115.05000305175781,115.6500015258789,112.62947082519531,15525
2018-07-06,115.6500015258789,117.30000305175781,114.0,114.9000015258789,111.89906311035156,15426
2018-07-09,114.0,117.8499984741211,114.0,114.94999694824219,111.94774627685547,56837
2018-07-10,114.3499984741211,135.60000610351562,114.3499984741211,117.75,114.67462158203125,57642
2018-07-11,117.30000305175781,125.8499984741211,117.0,124.55000305175781,121.2970199584961,133537
2018-07-12,124.0,127.25,117.5,119.25,116.13544464111328,161136
2018-07-13,120.25,122.75,115.25,116.6500015258789,113.60335540771484,43706
2018-07-16,117.5,117.5,111.75,116.0999984741211,113.06771087646484,18134
2018-07-17,114.80000305175781,118.75,113.75,114.6500015258789,111.65558624267578,31354
2018-07-18,114.0,116.94999694824219,113.1500015258789,115.05000305175781,112.04513549804688,21850
2018-07-19,115.55000305175781,117.5,113.19999694824219,116.80000305175781,113.74942779541016,16655
2018-07-20,117.6500015258789,117.6500015258789,114.05000305175781,114.80000305175781,111.80167388916016,10680
2018-07-23,113.25,117.6500015258789,113.25,115.19999694824219,112.19122314453125,17651
2018-07-24,114.4000015258789,116.0,114.0,114.6500015258789,111.65558624267578,6388
2018-07-25,114.6500015258789,115.5,114.1500015258789,114.6500015258789,111.65558624267578,3452
2018-07-26,114.30000305175781,115.1500015258789,112.05000305175781,112.5999984741211,109.65912628173828,8464
2018-07-27,112.5999984741211,115.0,112.0999984741211,114.69999694824219,111.70427703857422,11339
2018-07-30,112.5,116.05000305175781,112.5,114.80000305175781,111.80167388916016,15555
2018-07-31,115.0,116.80000305175781,113.05000305175781,114.9000015258789,111.89906311035156,16929
2018-08-01,122.0,122.0,116.94999694824219,118.0,114.91808319091797,946091
2018-08-02,121.4000015258789,121.4000015258789,117.1500015258789,118.1500015258789,115.06417846679688,19270
2018-08-03,121.4000015258789,121.4000015258789,117.0,117.0999984741211,114.04158020019531,32485
2018-08-06,117.1500015258789,119.8499984741211,110.6500015258789,113.55000305175781,110.58432006835938,167101
2018-08-07,113.0999984741211,116.4000015258789,113.0999984741211,115.8499984741211,112.82423400878906,126077
2018-08-08,114.75,119.4000015258789,114.75,116.6500015258789,113.60335540771484,27507
2018-08-09,116.3499984741211,128.8000030517578,116.0,126.05000305175781,122.75784301757812,467072
2018-08-10,127.25,127.5,122.0,123.25,120.03096771240234,162680
2018-08-13,123.25,124.80000305175781,119.0,120.5999984741211,117.45018005371094,86577
2018-08-14,120.5999984741211,121.19999694824219,118.30000305175781,119.3499984741211,116.23282623291016,25433
2018-08-16,117.80000305175781,123.4000015258789,117.19999694824219,118.05000305175781,114.96678924560547,32079
2018-08-17,118.1500015258789,123.05000305175781,118.1500015258789,118.75,115.64849853515625,20551
2018-08-20,119.1500015258789,119.8499984741211,117.25,118.0,114.91808319091797,52505
2018-08-21,117.4000015258789,119.0,117.25,118.05000305175781,114.96678924560547,90805
2018-08-23,118.3499984741211,123.0,118.25,119.4000015258789,116.28153228759766,85564
2018-08-24,120.80000305175781,123.5999984741211,118.44999694824219,122.19999694824219,119.00839233398438,109348
2018-08-27,122.30000305175781,124.80000305175781,120.0,121.5999984741211,118.42405700683594,43202
2018-08-28,120.94999694824219,123.5,120.5,121.6500015258789,118.47277069091797,41040
2018-08-29,121.05000305175781,123.5,120.05000305175781,122.05000305175781,118.86231231689453,25934
2018-08-30,123.25,123.25,121.0,122.1500015258789,118.95970153808594,27728
2018-08-31,122.80000305175781,122.94999694824219,120.9000015258789,122.05000305175781,118.86231231689453,24602
2018-09-03,121.30000305175781,123.0,115.55000305175781,116.5999984741211,113.55464935302734,24336
2018-09-04,116.5999984741211,121.0,115.05000305175781,120.3499984741211,117.20671081542969,47756
2018-09-05,119.9000015258789,121.75,118.5,120.55000305175781,117.94048309326172,37622
2018-09-06,121.05000305175781,122.55000305175781,120.69999694824219,121.0,118.3807373046875,12104
2018-09-07,121.8499984741211,121.8499984741211,119.0,121.0,118.3807373046875,11542
2018-09-10,120.4000015258789,125.0,116.80000305175781,119.0999984741211,116.52186584472656,36651
2018-09-11,119.0,121.0,117.1500015258789,120.0,117.40238952636719,16903
2018-09-12,118.0,120.55000305175781,117.5999984741211,118.55000305175781,115.98377990722656,9910
2018-09-14,117.25,119.4000015258789,117.25,119.05000305175781,116.47294616699219,57891
2018-09-17,118.6500015258789,119.6500015258789,117.69999694824219,119.0999984741211,116.52186584472656,15482
2018-09-18,118.69999694824219,119.5,118.0,118.0,115.44567108154297,10341
2018-09-19,117.94999694824219,118.4000015258789,116.0999984741211,117.0999984741211,114.56515502929688,13532
2018-09-21,117.05000305175781,117.30000305175781,105.55000305175781,109.75,107.37425994873047,125747
2018-09-24,111.0,112.0,105.3499984741211,110.6500015258789,108.25477600097656,22533
2018-09-25,110.05000305175781,111.94999694824219,106.80000305175781,108.0999984741211,105.75997924804688,14432
2018-09-26,108.0,111.0,103.6500015258789,108.8499984741211,106.49373626708984,285735
2018-09-27,110.44999694824219,110.44999694824219,104.25,105.0,102.72708129882812,11925
2018-09-28,106.0,106.0,97.5999984741211,103.30000305175781,101.06389617919922,97528
2018-10-01,101.55000305175781,111.5,94.8499984741211,104.80000305175781,102.53141021728516,486801
2018-10-03,105.69999694824219,107.9000015258789,103.6500015258789,107.0,104.68379211425781,120020
2018-10-04,108.44999694824219,110.80000305175781,100.05000305175781,109.6500015258789,107.27643585205078,44847
2018-10-05,111.25,111.25,103.0,105.69999694824219,103.41192626953125,28788
2018-10-08,103.69999694824219,105.0,95.0,97.94999694824219,95.8296890258789,34110
2018-10-09,97.55000305175781,108.0,97.05000305175781,103.0,100.77039337158203,46358
2018-10-10,104.3499984741211,106.80000305175781,101.1500015258789,104.0,101.74874114990234,23773
2018-10-11,103.44999694824219,103.44999694824219,98.94999694824219,101.55000305175781,99.35176849365234,14633
2018-10-12,103.30000305175781,104.30000305175781,100.5999984741211,101.55000305175781,99.35176849365234,30952
2018-10-15,101.94999694824219,103.69999694824219,100.55000305175781,102.0,99.79203033447266,26628
2018-10-16,102.94999694824219,103.05000305175781,101.0,102.19999694824219,99.98770141601562,15268
2018-10-17,102.80000305175781,102.9000015258789,97.6500015258789,98.3499984741211,96.2210464477539,18327
2018-10-19,98.5,99.0,96.69999694824219,97.9000015258789,95.78079223632812,24161
2018-10-22,98.0,101.9000015258789,96.5999984741211,99.30000305175781,97.15047454833984,22010
2018-10-23,100.0,100.1500015258789,97.44999694824219,98.6500015258789,96.51454162597656,11558
2018-10-24,99.94999694824219,99.94999694824219,95.75,96.0999984741211,94.01974487304688,24733
2018-10-25,95.0,99.0,93.75,96.19999694824219,94.11756896972656,23362
2018-10-26,97.55000305175781,101.0,94.9000015258789,99.44999694824219,97.29722595214844,47259
2018-10-29,99.5,99.9000015258789,96.69999694824219,99.19999694824219,97.05262756347656,29040
2018-10-30,100.55000305175781,103.0,97.5,102.0,99.79203033447266,79305
2018-10-31,104.0,104.0,99.75,101.25,99.05826568603516,25926
2018-11-01,102.05000305175781,103.9000015258789,101.6500015258789,102.3499984741211,100.13444519042969,24878
2018-11-02,111.0,114.9000015258789,109.0,112.0,109.57555389404297,727853
2018-11-05,114.0,114.8499984741211,111.25,112.94999694824219,110.50498962402344,153806
2018-11-06,113.80000305175781,113.80000305175781,111.0999984741211,111.80000305175781,109.37989044189453,30338
2018-11-07,112.9000015258789,113.5,112.0,112.75,110.30931854248047,14454
2018-11-09,114.0,114.0,111.55000305175781,113.4000015258789,110.94525909423828,71157
2018-11-12,112.25,114.25,111.05000305175781,111.8499984741211,109.42880249023438,42586
2018-11-13,112.80000305175781,112.94999694824219,110.5,112.1500015258789,109.72230529785156,48919
2018-11-14,112.0,113.5,112.0,112.94999694824219,110.50498962402344,29345
2018-11-15,113.25,117.5,112.25,116.8499984741211,114.32056427001953,409148
2018-11-16,117.94999694824219,118.55000305175781,114.1500015258789,115.05000305175781,112.55953979492188,159953
2018-11-19,116.5,117.5,115.05000305175781,115.94999694824219,113.44004821777344,29879
2018-11-20,116.80000305175781,116.80000305175781,115.0999984741211,115.94999694824219,113.44004821777344,19297
2018-11-21,116.30000305175781,117.1500015258789,115.05000305175781,116.75,114.22274017333984,18819
2018-11-22,116.25,116.94999694824219,115.6500015258789,116.4000015258789,113.88031768798828,9702
2018-11-26,115.25,116.5,115.0,115.19999694824219,112.7062759399414,27577
2018-11-27,115.80000305175781,116.0,115.0,115.0,112.51061248779297,30432
2018-11-28,115.44999694824219,115.80000305175781,114.9000015258789,115.0999984741211,112.60845184326172,28048
2018-11-29,115.25,116.4000015258789,114.75,115.25,112.75521087646484,28103
2018-11-30,115.0,115.94999694824219,114.9000015258789,115.0,112.51061248779297,15895
2018-12-03,114.94999694824219,115.5999984741211,114.94999694824219,115.05000305175781,112.55953979492188,19382
2018-12-04,115.5,115.75,115.0,115.25,112.75521087646484,15924
2018-12-05,115.80000305175781,116.0,115.25,115.69999694824219,113.19546508789062,7711
2018-12-06,115.75,116.0,114.94999694824219,115.0,112.51061248779297,47536
2018-12-07,115.4000015258789,116.0,115.05000305175781,115.44999694824219,112.95087432861328,23570
2018-12-10,115.05000305175781,116.75,114.55000305175781,116.0,113.48896789550781,74939
2018-12-11,114.0,117.0999984741211,114.0,116.55000305175781,114.02706909179688,11750
2018-12-12,116.19999694824219,117.3499984741211,116.1500015258789,117.1500015258789,114.61408996582031,20631
2018-12-13,117.0999984741211,118.80000305175781,117.0,118.05000305175781,115.4946060180664,16352
2018-12-14,118.0999984741211,119.0,118.0,118.44999694824219,115.88593292236328,12529
2018-12-17,120.94999694824219,123.69999694824219,119.6500015258789,122.6500015258789,119.9950180053711,1130297
2018-12-18,123.4000015258789,124.9000015258789,122.0999984741211,122.6500015258789,119.9950180053711,54469
2018-12-19,122.6500015258789,123.0,120.9000015258789,122.0999984741211,119.45692443847656,23315
2018-12-20,121.80000305175781,122.0,121.0,121.05000305175781,118.4296646118164,58606
2018-12-21,121.5,123.5,120.55000305175781,122.80000305175781,120.14178466796875,37708
2018-12-24,122.80000305175781,123.5,121.1500015258789,122.0999984741211,119.45692443847656,87592
2018-12-26,123.80000305175781,123.80000305175781,118.6500015258789,120.25,117.64697265625,79694
2018-12-27,117.0,117.4000015258789,112.0,112.5,110.06473541259766,54025
2018-12-28,117.69999694824219,117.69999694824219,112.05000305175781,113.5,111.0430908203125,45102
2018-12-31,113.0,113.0,110.0999984741211,110.5,108.10801696777344,17259
2019-01-01,110.0,110.69999694824219,109.0999984741211,109.25,106.88508605957031,11967
2019-01-02,109.9000015258789,121.4000015258789,102.69999694824219,116.44999694824219,113.92923736572266,986691
2019-01-03,116.0,116.5999984741211,110.0,111.8499984741211,109.42880249023438,1294872
2019-01-04,113.0,113.0,108.0999984741211,109.1500015258789,106.7872543334961,66704
2019-01-07,109.05000305175781,113.0,108.0,110.9000015258789,108.4993667602539,96461
2019-01-08,111.0,111.5,108.0999984741211,108.69999694824219,106.34699249267578,29667
2019-01-09,108.80000305175781,113.9000015258789,108.80000305175781,110.0,107.61885070800781,87122
2019-01-10,112.9000015258789,115.9000015258789,111.6500015258789,113.0,110.55390930175781,168468
2019-01-11,114.75,114.75,111.0,112.8499984741211,110.40715789794922,31569
2019-01-14,114.0,114.69999694824219,112.9000015258789,114.1500015258789,111.67901611328125,30418
2019-01-15,112.94999694824219,115.0,112.94999694824219,113.94999694824219,111.48333740234375,22008
2019-01-16,114.25,115.0,113.5999984741211,114.5,112.02143859863281,24436
2019-01-17,114.0999984741211,114.75,113.0999984741211,113.3499984741211,110.89633178710938,15216
2019-01-18,113.44999694824219,113.94999694824219,112.19999694824219,113.4000015258789,110.94525909423828,17003
2019-01-21,113.75,114.75,112.3499984741211,114.0999984741211,111.63008880615234,13988
2019-01-22,113.5999984741211,114.5,112.30000305175781,113.80000305175781,111.33660125732422,21026
2019-01-23,112.5999984741211,114.44999694824219,110.0,112.44999694824219,110.01581573486328,443167
2019-01-24,111.9000015258789,112.80000305175781,108.94999694824219,109.1500015258789,106.7872543334961,8170
2019-01-25,110.8499984741211,110.8499984741211,105.0999984741211,106.55000305175781,104.2435302734375,49462
2019-01-28,105.0999984741211,107.55000305175781,103.0,105.75,103.46084594726562,31863
2019-01-29,106.0,107.0,105.1500015258789,106.3499984741211,104.04785919189453,5432
2019-01-30,105.75,107.25,105.6500015258789,106.69999694824219,104.3902816772461,9608
2019-01-31,105.0999984741211,107.69999694824219,104.75,106.4000015258789,104.0967788696289,44740
2019-02-01,107.0,112.19999694824219,105.0,105.9000015258789,103.60761260986328,74246
2019-02-04,105.19999694824219,106.80000305175781,103.94999694824219,104.94999694824219,102.67816925048828,104545
2019-02-05,104.5,106.0,100.0,103.80000305175781,101.55307006835938,99079
2019-02-06,104.9000015258789,104.9000015258789,100.80000305175781,102.44999694824219,100.23229217529297,20035
2019-02-07,102.0,104.0,101.6500015258789,102.94999694824219,100.72145080566406,32155
2019-02-08,102.94999694824219,104.0,95.80000305175781,103.1500015258789,100.9171371459961,64281
2019-02-11,102.44999694824219,102.8499984741211,97.80000305175781,100.19999694824219,98.03099060058594,32681
2019-02-12,101.5999984741211,103.0,100.0,101.55000305175781,99.35176849365234,29502
2019-02-14,106.0,106.0,104.05000305175781,105.5,103.21626281738281,6978
2019-02-15,105.0,105.5,104.0,104.0,101.74874114990234,17272
2019-02-18,103.94999694824219,104.44999694824219,100.55000305175781,101.0,98.81366729736328,75909
2019-02-19,101.0999984741211,102.5,100.5999984741211,100.9000015258789,98.71583557128906,2880
2019-02-20,100.80000305175781,101.55000305175781,100.0,100.44999694824219,98.27558135986328,15820
2019-02-21,100.44999694824219,101.5,100.05000305175781,100.4000015258789,98.22666931152344,9078
2019-02-22,100.4000015258789,106.25,100.3499984741211,105.80000305175781,103.509765625,38169
2019-02-25,105.0,105.0,102.94999694824219,103.5,101.25955963134766,6785
2019-02-26,103.0,103.30000305175781,100.19999694824219,101.3499984741211,99.1561050415039,11158
2019-02-27,101.05000305175781,103.1500015258789,101.0,101.4000015258789,99.20501708984375,6671
2019-02-28,101.3499984741211,102.4000015258789,101.0,102.1500015258789,99.93878173828125,11365
2019-03-01,102.3499984741211,105.3499984741211,102.0,104.3499984741211,102.09115600585938,4663
2019-03-05,103.1500015258789,116.0,103.0999984741211,114.0999984741211,111.63008880615234,53429
2019-03-06,114.0,114.94999694824219,111.0,111.75,109.33097076416016,24862
2019-03-07,111.75,113.25,110.25,112.19999694824219,109.77123260498047,29936
2019-03-08,110.25,112.9000015258789,110.19999694824219,112.0999984741211,109.67338562011719,11019
2019-03-11,111.0,115.1500015258789,111.0,112.80000305175781,110.3582534790039,26248
2019-03-12,113.5,118.5,112.19999694824219,118.0,115.44567108154297,58283
2019-03-13,118.0,123.0,113.0,122.0999984741211,119.45692443847656,135165
2019-03-14,120.0,121.8499984741211,115.1500015258789,116.19999694824219,113.68463897705078,29070
2019-03-15,114.6500015258789,118.19999694824219,112.0,113.9000015258789,111.43443298339844,111571
2019-03-18,113.9000015258789,115.5999984741211,111.44999694824219,112.9000015258789,110.45606994628906,9596
2019-03-19,113.0,113.19999694824219,111.5,111.8499984741211,109.42880249023438,12617
2019-03-20,110.80000305175781,111.80000305175781,108.0999984741211,109.94999694824219,107.56993103027344,10980
2019-03-22,108.5,110.55000305175781,107.94999694824219,108.80000305175781,106.44483947753906,28834
2019-03-25,108.0,108.0,105.0999984741211,105.8499984741211,103.5586929321289,22457
2019-03-26,107.4000015258789,107.4000015258789,105.0,105.94999694824219,103.6565170288086,74659
2019-03-27,106.30000305175781,108.0,105.44999694824219,107.0999984741211,104.78163146972656,62046
2019-03-28,108.6500015258789,108.6500015258789,106.0,107.44999694824219,105.12403869628906,46219
2019-04-01,109.3499984741211,112.30000305175781,107.5999984741211,111.8499984741211,109.42880249023438,233922
2019-04-02,113.75,113.75,109.5999984741211,110.5,108.10801696777344,140472
2019-04-03,112.0,121.80000305175781,110.5,114.9000015258789,112.41278839111328,990138
2019-04-04,113.6500015258789,114.80000305175781,111.0,112.4000015258789,109.96690368652344,78828
2019-04-05,111.5,113.5,110.3499984741211,110.8499984741211,108.45045471191406,47575
2019-04-08,110.25,111.8499984741211,108.94999694824219,109.6500015258789,107.27643585205078,17839
2019-04-09,109.05000305175781,111.25,109.0,109.5,107.12966918945312,8383
2019-04-10,109.0,111.4000015258789,107.55000305175781,108.0999984741211,105.75997924804688,13493
2019-04-11,108.0999984741211,109.0,105.05000305175781,106.0,103.70543670654297,24287
2019-04-12,106.0,115.5,105.8499984741211,110.55000305175781,108.1569595336914,32550
2019-04-15,110.8499984741211,114.44999694824219,109.5,109.9000015258789,107.5210189819336,74935
2019-04-16,110.75,112.0,108.75,109.5999984741211,107.22750854492188,17951
2019-04-18,111.0,111.0,107.0,107.55000305175781,105.22188568115234,13406
2019-04-22,107.80000305175781,110.8499984741211,106.19999694824219,107.19999694824219,104.87945556640625,16206
2019-04-23,107.44999694824219,109.5,106.0,106.94999694824219,104.63488006591797,17269
2019-04-24,107.30000305175781,110.25,106.6500015258789,109.30000305175781,106.93399810791016,18151
2019-04-25,110.5,110.5,107.25,107.80000305175781,105.46647644042969,9565
2019-04-26,109.0999984741211,109.0999984741211,106.55000305175781,107.8499984741211,105.51539611816406,6718
2019-04-30,109.4000015258789,109.4000015258789,105.0,105.0999984741211,102.82492065429688,18066
2019-05-02,105.69999694824219,106.9000015258789,105.05000305175781,105.55000305175781,103.26517486572266,9185
2019-05-03,105.30000305175781,106.44999694824219,105.0,105.6500015258789,103.3630142211914,22289
2019-05-06,104.8499984741211,106.9000015258789,103.80000305175781,104.5999984741211,102.33573913574219,7555
2019-05-07,105.9000015258789,105.9000015258789,103.0999984741211,104.05000305175781,101.79766082763672,8953
2019-05-08,103.44999694824219,105.80000305175781,103.44999694824219,103.94999694824219,101.69981384277344,11418
2019-05-09,103.30000305175781,104.8499984741211,103.0999984741211,103.94999694824219,101.69981384277344,8928
2019-05-10,105.44999694824219,105.9000015258789,101.0,101.9000015258789,99.6941909790039,22202
2019-05-13,101.05000305175781,103.4000015258789,100.0,101.69999694824219,99.49851989746094,11006
2019-05-14,101.0,106.30000305175781,101.0,104.80000305175781,102.53141021728516,23586
2019-05-15,104.05000305175781,105.0,101.8499984741211,102.0999984741211,99.88986206054688,9898
2019-05-16,102.3499984741211,103.5,101.0,101.19999694824219,99.00934600830078,15766
2019-05-17,101.80000305175781,104.05000305175781,101.0999984741211,103.5,101.25955963134766,14281
2019-05-20,105.0999984741211,121.94999694824219,105.0,119.80000305175781,117.20671081542969,281213
2019-05-21,115.0,118.0,109.05000305175781,109.9000015258789,107.5210189819336,36528
2019-05-22,111.30000305175781,112.3499984741211,108.9000015258789,110.30000305175781,107.912353515625,13038
2019-05-23,108.55000305175781,113.1500015258789,107.05000305175781,107.6500015258789,105.31971740722656,37697
2019-05-24,109.80000305175781,111.5,107.19999694824219,109.9000015258789,107.5210189819336,20860
2019-05-27,110.5,112.4000015258789,107.5,109.30000305175781,106.93399810791016,23383
2019-05-28,114.0,115.0,107.6500015258789,109.19999694824219,106.83616638183594,42721
2019-05-29,110.94999694824219,113.0,108.44999694824219,111.05000305175781,108.64612579345703,39630
2019-05-30,112.0,112.0,108.5999984741211,109.05000305175781,106.68941497802734,6210
2019-05-31,110.9000015258789,111.0,106.05000305175781,108.69999694824219,106.34699249267578,9311
2019-06-03,108.9000015258789,110.5999984741211,107.0,108.0,105.66214752197266,9336
2019-06-04,109.0,109.0,106.1500015258789,106.44999694824219,104.14569854736328,17539
2019-06-06,106.55000305175781,112.5,104.5,109.6500015258789,107.27643585205078,47948
2019-06-07,111.0,114.44999694824219,107.55000305175781,108.44999694824219,106.10240173339844,23842
2019-06-10,110.0,111.9000015258789,106.5,107.25,104.92837524414062,9150
2019-06-11,107.1500015258789,110.0,106.5,107.55000305175781,105.22188568115234,8022
2019-06-12,108.69999694824219,110.3499984741211,108.0,109.9000015258789,107.5210189819336,17720
2019-06-13,111.44999694824219,112.69999694824219,110.05000305175781,110.44999694824219,108.0591049194336,16833
2019-06-14,110.44999694824219,113.4000015258789,107.0999984741211,110.8499984741211,108.45045471191406,47644
2019-06-17,109.9000015258789,110.4000015258789,107.5,110.0,107.61885070800781,18540
2019-06-18,110.0,111.05000305175781,105.6500015258789,106.80000305175781,104.48812866210938,20229
2019-06-19,107.5,108.05000305175781,105.05000305175781,105.9000015258789,103.60761260986328,6995
2019-06-20,105.8499984741211,106.0,104.19999694824219,105.6500015258789,103.3630142211914,3959
2019-06-21,105.44999694824219,106.8499984741211,103.3499984741211,104.0999984741211,101.84656524658203,9677
2019-06-24,104.05000305175781,106.55000305175781,103.94999694824219,104.19999694824219,101.94441223144531,10940
2019-06-25,104.19999694824219,105.30000305175781,102.8499984741211,104.1500015258789,101.8954849243164,8876
2019-06-26,104.0999984741211,104.55000305175781,103.0,103.4000015258789,101.1617202758789,10300
2019-06-27,103.19999694824219,104.30000305175781,103.0999984741211,103.5,101.25955963134766,8136
2019-06-28,103.55000305175781,104.5,103.1500015258789,103.80000305175781,101.55307006835938,14119
2019-07-01,103.19999694824219,106.4000015258789,102.6500015258789,103.30000305175781,101.06389617919922,10157
2019-07-02,103.44999694824219,107.30000305175781,103.44999694824219,104.30000305175781,102.042236328125,13108
2019-07-03,103.94999694824219,104.80000305175781,103.94999694824219,104.25,101.99333190917969,2800
2019-07-04,104.19999694824219,105.69999694824219,103.0999984741211,104.0,101.74874114990234,5631
2019-07-05,103.19999694824219,105.0,102.25,102.80000305175781,100.57471466064453,5952
2019-07-08,103.0,103.8499984741211,101.69999694824219,102.94999694824219,100.72145080566406,13769
2019-07-09,102.6500015258789,103.9000015258789,102.1500015258789,102.94999694824219,100.72145080566406,13547
2019-07-10,102.44999694824219,106.80000305175781,101.55000305175781,102.25,100.03662109375,15446
2019-07-11,102.19999694824219,103.69999694824219,102.0,102.8499984741211,100.62362670898438,5349
2019-07-12,103.30000305175781,103.30000305175781,100.5,100.80000305175781,98.61801147460938,19140
2019-07-15,101.0,101.8499984741211,99.0,99.25,97.1015625,8305
2019-07-16,99.0,100.0,97.1500015258789,97.9000015258789,95.78079223632812,6463
2019-07-17,98.0,104.4000015258789,96.4000015258789,101.0999984741211,98.9114990234375,47148
2019-07-18,100.05000305175781,100.9000015258789,97.05000305175781,97.5999984741211,95.48727416992188,7896
2019-07-19,97.5999984741211,104.0,96.55000305175781,102.75,100.52578735351562,45685
2019-07-22,100.75,100.75,97.0,97.5,95.38944244384766,20167
2019-07-23,97.0,101.19999694824219,95.80000305175781,96.1500015258789,94.06865692138672,17272
2019-07-24,95.05000305175781,98.69999694824219,90.55000305175781,92.55000305175781,90.54658508300781,18066
2019-07-25,91.0999984741211,92.0999984741211,86.25,87.05000305175781,85.16564178466797,16068
2019-07-26,86.0,87.75,83.0,83.75,81.93707275390625,12160
2019-07-29,83.05000305175781,86.94999694824219,83.05000305175781,83.9000015258789,82.08383178710938,12215
2019-07-30,83.9000015258789,88.0,80.5,85.44999694824219,83.60028076171875,73101
2019-07-31,83.0,102.5,83.0,102.0,99.79203033447266,152412
2019-08-01,101.0,103.80000305175781,96.0999984741211,100.5999984741211,98.4223403930664,115999
2019-08-02,97.1500015258789,102.0,96.69999694824219,101.5,99.3028564453125,36950
2019-08-05,103.0,107.0,96.5,101.9000015258789,99.6941909790039,87831
2019-08-06,100.0,101.69999694824219,98.05000305175781,99.94999694824219,97.7863998413086,12432
2019-08-07,98.94999694824219,100.0,95.0999984741211,97.3499984741211,95.24268341064453,15379
2019-08-08,97.44999694824219,98.69999694824219,96.05000305175781,96.69999694824219,94.60675811767578,3279
2019-08-09,95.55000305175781,100.6500015258789,95.55000305175781,100.05000305175781,97.88423919677734,110457
2019-08-13,98.5999984741211,102.25,97.0,100.19999694824219,98.03099060058594,41078
2019-08-14,100.19999694824219,105.25,98.4000015258789,105.0,102.72708129882812,29815
2019-08-16,104.1500015258789,104.19999694824219,100.0999984741211,100.5999984741211,98.4223403930664,11885
2019-08-19,102.0,105.0,99.3499984741211,101.94999694824219,99.74310302734375,1073951
2019-08-20,101.5,106.94999694824219,97.05000305175781,105.80000305175781,103.509765625,73157
2019-08-21,105.8499984741211,106.44999694824219,100.55000305175781,103.94999694824219,101.69981384277344,50713
2019-08-22,102.1500015258789,103.94999694824219,98.5,101.8499984741211,99.64527130126953,39681
2019-08-23,100.1500015258789,104.80000305175781,99.55000305175781,103.19999694824219,100.96604919433594,59188
2019-08-26,103.9000015258789,103.9000015258789,99.05000305175781,100.19999694824219,98.03099060058594,14034
2019-08-27,100.05000305175781,102.8499984741211,99.8499984741211,101.0999984741211,98.9114990234375,12404
2019-08-28,103.69999694824219,103.69999694824219,99.1500015258789,100.30000305175781,98.12882995605469,13083
2019-08-29,99.0999984741211,103.0,99.0999984741211,100.3499984741211,98.17774963378906,11512
2019-08-30,99.80000305175781,101.80000305175781,98.4000015258789,99.19999694824219,97.05262756347656,10807
2019-09-03,98.0999984741211,99.8499984741211,98.0999984741211,98.1500015258789,96.02536010742188,4470
2019-09-04,98.0,104.0,96.0,103.0999984741211,100.86821746826172,28844
2019-09-05,103.0999984741211,106.0,100.1500015258789,100.94999694824219,98.76475524902344,11213
2019-09-06,100.94999694824219,103.0,96.75,97.4000015258789,95.2916030883789,51605
2019-09-09,97.55000305175781,99.5999984741211,96.0,97.25,95.14483642578125,20734
2019-09-11,97.30000305175781,99.55000305175781,96.30000305175781,99.0,96.85697174072266,14554
2019-09-12,99.55000305175781,100.75,98.19999694824219,98.5999984741211,96.46562194824219,22683
2019-09-13,98.55000305175781,99.0,97.0,97.5999984741211,95.48727416992188,10043
2019-09-16,98.69999694824219,98.69999694824219,96.69999694824219,97.1500015258789,95.0470199584961,4060
2019-09-17,96.30000305175781,97.6500015258789,95.0,95.69999694824219,93.62840270996094,10648
2019-09-18,96.19999694824219,96.44999694824219,93.3499984741211,93.94999694824219,91.91627502441406,6533
2019-09-19,93.8499984741211,94.5,91.75,91.94999694824219,89.9595718383789,11797
2019-09-20,92.0,99.05000305175781,91.0999984741211,92.19999694824219,90.20417022705078,57096
2019-09-23,93.0,110.5999984741211,93.0,106.30000305175781,103.99894714355469,491032
2019-09-24,107.1500015258789,107.1500015258789,100.25,103.4000015258789,101.1617202758789,95754
2019-09-25,103.3499984741211,103.94999694824219,100.25,101.44999694824219,99.2539291381836,16050
2019-09-26,101.5,105.0,100.1500015258789,104.1500015258789,101.8954849243164,22637
2019-09-27,104.0,104.55000305175781,102.0,103.9000015258789,101.6509017944336,57369
2019-09-30,103.19999694824219,104.6500015258789,101.05000305175781,103.5,101.25955963134766,50437
2019-10-01,104.94999694824219,105.5,99.0,104.5,102.23790740966797,52032
2019-10-03,105.69999694824219,105.69999694824219,99.25,101.5,99.3028564453125,1164777
2019-10-04,101.80000305175781,102.0999984741211,99.9000015258789,100.0,97.83531951904297,720264
2019-10-07,100.0,102.5999984741211,99.9000015258789,101.4000015258789,99.20501708984375,507334
2019-10-09,100.05000305175781,101.75,99.5999984741211,100.5,98.32449340820312,1683969
2019-10-10,101.25,101.25,99.8499984741211,100.0,97.83531951904297,628943
2019-10-11,100.05000305175781,104.0,99.0999984741211,101.9000015258789,99.6941909790039,1007088
2019-10-14,101.55000305175781,102.1500015258789,99.05000305175781,99.94999694824219,97.7863998413086,37507
2019-10-15,99.5,104.9000015258789,99.0,104.30000305175781,102.042236328125,23850
2019-10-16,103.25,104.0999984741211,98.0,98.75,96.61238098144531,26620
2019-10-17,97.0999984741211,99.5,96.0,97.1500015258789,95.0470199584961,21782
2019-10-18,97.0999984741211,101.0,96.5999984741211,99.8499984741211,97.68856811523438,27152
2019-10-22,100.19999694824219,101.0999984741211,97.6500015258789,97.94999694824219,95.8296890258789,8815
2019-10-23,99.0,99.5,96.0,97.19999694824219,95.0959243774414,16036
2019-10-24,97.80000305175781,97.94999694824219,96.19999694824219,97.5999984741211,95.48727416992188,8232
2019-10-25,97.05000305175781,97.30000305175781,94.94999694824219,95.44999694824219,93.38380432128906,17099
2019-10-27,95.55000305175781,97.0,95.55000305175781,96.69999694824219,94.60675811767578,1508
2019-10-29,98.25,99.80000305175781,96.3499984741211,98.0999984741211,95.97644805908203,11265
2019-10-30,98.1500015258789,99.9000015258789,96.80000305175781,97.9000015258789,95.78079223632812,12108
2019-10-31,98.05000305175781,102.80000305175781,97.05000305175781,100.80000305175781,98.61801147460938,28308
2019-11-01,100.5999984741211,106.0,100.0,104.5999984741211,102.33573913574219,51375
2019-11-04,104.5999984741211,108.5999984741211,104.0,106.0999984741211,103.80326843261719,39462
2019-11-05,105.0,112.0,102.55000305175781,103.25,101.01496887207031,340995
2019-11-06,104.9000015258789,106.5,100.5,102.44999694824219,100.23229217529297,51136
2019-11-07,103.19999694824219,106.5,99.1500015258789,104.25,101.99333190917969,136612
2019-11-08,103.0,104.25,99.44999694824219,100.5,98.32449340820312,48575
2019-11-11,103.69999694824219,103.69999694824219,100.1500015258789,100.69999694824219,98.52015686035156,25074
2019-11-13,102.0,102.80000305175781,100.25,100.8499984741211,98.66691589355469,24974
2019-11-14,102.0,102.0,98.5,98.75,97.09375762939453,20630
2019-11-15,98.44999694824219,101.0,96.4000015258789,97.5999984741211,95.96304321289062,49705
2019-11-18,97.0999984741211,99.80000305175781,97.0999984741211,98.5,96.84795379638672,9733
2019-11-19,97.9000015258789,98.55000305175781,97.0999984741211,97.3499984741211,95.71723937988281,9156
2019-11-20,97.3499984741211,98.25,97.0,97.69999694824219,96.06136322021484,15967
2019-11-21,98.9000015258789,99.44999694824219,96.55000305175781,96.80000305175781,95.17646026611328,16906
2019-11-22,98.30000305175781,101.94999694824219,96.5,98.3499984741211,96.70046997070312,163393
2019-11-25,98.0,99.1500015258789,95.6500015258789,97.9000015258789,96.25802612304688,26167
2019-11-26,97.05000305175781,98.5999984741211,95.55000305175781,95.9000015258789,94.29155731201172,28498
2019-11-27,97.0,97.30000305175781,94.6500015258789,95.69999694824219,94.09490966796875,21798
2019-11-28,96.69999694824219,96.9000015258789,93.19999694824219,94.5,92.9150390625,22887
2019-11-29,95.69999694824219,95.69999694824219,93.5,93.80000305175781,92.2267837524414,13510
2019-12-02,94.4000015258789,94.4000015258789,93.0,94.19999694824219,92.62007141113281,12419
2019-12-03,94.1500015258789,95.30000305175781,92.25,92.9000015258789,91.34187316894531,13711
2019-12-04,92.9000015258789,94.0,92.4000015258789,93.0,91.44019317626953,7973
2019-12-05,93.75,94.0999984741211,93.0,93.4000015258789,91.83348846435547,11935
2019-12-06,93.5999984741211,95.94999694824219,92.1500015258789,95.05000305175781,93.45581817626953,21703
2019-12-09,94.5,94.5,93.0999984741211,93.44999694824219,91.88264465332031,4478
2019-12-10,93.0,93.4000015258789,92.0,92.0,90.45697021484375,7703
2019-12-11,93.94999694824219,95.0,89.0,94.0,92.42343139648438,35832
2019-12-12,94.25,94.30000305175781,91.05000305175781,93.0999984741211,91.53852081298828,1064353
2019-12-13,94.0,95.5999984741211,92.0999984741211,92.69999694824219,91.14521789550781,353374
2019-12-16,93.1500015258789,93.30000305175781,91.5,91.75,90.21116638183594,4347
2019-12-17,91.05000305175781,95.80000305175781,90.5,95.05000305175781,93.45581817626953,89866
2019-12-18,94.05000305175781,95.4000015258789,91.0,91.4000015258789,89.86702728271484,27351
2019-12-19,91.6500015258789,92.80000305175781,90.6500015258789,91.0999984741211,89.57205963134766,71677
2019-12-20,92.0,93.5,88.80000305175781,93.0,91.44019317626953,101539
2019-12-23,91.1500015258789,92.3499984741211,90.1500015258789,90.4000015258789,88.8838119506836,27669
2019-12-24,90.5,93.0,90.19999694824219,92.19999694824219,90.65361785888672,23092
2019-12-26,91.30000305175781,94.69999694824219,91.25,93.5,91.93180847167969,16678
2019-12-27,94.4000015258789,94.4000015258789,92.0,92.5,90.94857788085938,7211
2019-12-30,92.1500015258789,94.0,92.0,93.6500015258789,92.07929229736328,19401
2019-12-31,93.0,94.5,92.75,94.05000305175781,92.47259521484375,21476
2020-01-01,94.0999984741211,94.3499984741211,92.94999694824219,94.05000305175781,92.47259521484375,11275
2020-01-02,94.0,96.5,93.94999694824219,96.1500015258789,94.53736114501953,15926
2020-01-03,96.1500015258789,98.0,94.80000305175781,96.4000015258789,94.78317260742188,13906
2020-01-06,93.30000305175781,96.3499984741211,92.0999984741211,94.0,92.42343139648438,14151
2020-01-07,95.0,96.05000305175781,94.30000305175781,95.05000305175781,93.45581817626953,6945
2020-01-08,94.80000305175781,95.44999694824219,93.5999984741211,94.5999984741211,93.01335906982422,9086
2020-01-09,96.25,96.5,93.5999984741211,96.05000305175781,94.43904876708984,11766
2020-01-10,96.9000015258789,103.5,94.05000305175781,99.05000305175781,97.38872528076172,2164843
2020-01-13,100.5,103.4000015258789,98.5,99.25,97.58537292480469,118324
2020-01-14,101.0,101.0,97.5,98.0,96.35633087158203,42257
2020-01-15,99.5999984741211,99.5999984741211,96.30000305175781,97.30000305175781,95.66808319091797,32702
2020-01-16,97.75,98.0,95.69999694824219,96.4000015258789,94.78317260742188,23617
2020-01-17,95.69999694824219,99.1500015258789,95.55000305175781,98.0,96.35633087158203,38345
2020-01-20,98.69999694824219,99.30000305175781,95.4000015258789,96.4000015258789,94.78317260742188,25879
2020-01-21,98.94999694824219,98.94999694824219,95.55000305175781,96.69999694824219,95.07814025878906,22302
2020-01-22,97.3499984741211,97.5,96.0999984741211,96.6500015258789,95.02897644042969,21290
2020-01-23,97.6500015258789,99.5,95.0,96.69999694824219,95.07814025878906,45587
2020-01-24,98.0,98.5,96.30000305175781,97.5999984741211,95.96304321289062,14031
2020-01-27,97.44999694824219,97.44999694824219,96.0,96.19999694824219,94.58651733398438,10782
2020-01-28,98.5999984741211,98.5999984741211,96.3499984741211,97.69999694824219,96.06136322021484,21129
2020-01-29,97.69999694824219,98.80000305175781,97.5,98.25,96.60214233398438,17721
2020-01-30,98.9000015258789,98.9000015258789,97.30000305175781,97.9000015258789,96.25802612304688,114380
2020-01-31,97.9000015258789,98.69999694824219,97.5,98.0,96.35633087158203,20876
2020-02-03,97.5999984741211,103.0,95.3499984741211,99.55000305175781,97.88034057617188,63649
2020-02-04,100.4000015258789,100.4000015258789,96.0,96.5,94.8814926147461,25405
2020-02-05,97.0,97.0,94.80000305175781,95.19999694824219,93.60328674316406,17807
2020-02-06,95.19999694824219,97.0,94.0,94.25,92.66923522949219,39105
2020-02-07,94.0999984741211,96.0,94.05000305175781,95.19999694824219,93.60328674316406,1031164
2020-02-10,97.0,97.0,93.19999694824219,93.75,92.1776123046875,26041
2020-02-11,95.55000305175781,96.75,92.8499984741211,96.0,94.38987731933594,91236
2020-02-12,96.5999984741211,96.69999694824219,94.0999984741211,94.55000305175781,92.96419525146484,10654
2020-02-13,95.6500015258789,95.9000015258789,92.80000305175781,93.05000305175781,91.4893569946289,23316
2020-02-14,94.3499984741211,95.0,91.9000015258789,94.1500015258789,92.57090759277344,29968
2020-02-17,94.8499984741211,95.6500015258789,91.19999694824219,92.5999984741211,91.04690551757812,28024
2020-02-18,90.80000305175781,92.0,90.0,91.1500015258789,89.62123107910156,74134
2020-02-19,91.3499984741211,95.75,90.55000305175781,95.0,93.40664672851562,100850
2020-02-20,94.05000305175781,100.94999694824219,93.80000305175781,100.05000305175781,98.37195587158203,161817
2020-02-24,100.94999694824219,100.94999694824219,93.0,94.0999984741211,92.52173614501953,31264
2020-02-25,94.25,96.1500015258789,93.5,93.75,92.1776123046875,7187
2020-02-26,93.19999694824219,93.94999694824219,91.0,91.94999694824219,90.40779876708984,19665
2020-02-27,91.55000305175781,92.8499984741211,91.0,92.05000305175781,90.50613403320312,8003
2020-02-28,91.1500015258789,95.8499984741211,88.0,95.0999984741211,93.50497436523438,79442
2020-03-02,95.5,96.8499984741211,90.5,90.94999694824219,89.42457580566406,16369
2020-03-03,93.94999694824219,94.5,90.25,93.6500015258789,92.07929229736328,22394
2020-03-04,93.94999694824219,94.05000305175781,89.0,93.5999984741211,92.03013610839844,76044
2020-03-05,92.5999984741211,94.44999694824219,90.1500015258789,90.5,88.98211669921875,24340
2020-03-06,84.25,90.0,84.0,89.05000305175781,87.55644989013672,1212053
2020-03-09,89.0999984741211,89.0999984741211,83.05000305175781,84.25,82.83695983886719,16877
2020-03-11,83.94999694824219,85.94999694824219,81.5,83.05000305175781,81.6570816040039,1537123
2020-03-12,80.0,82.0,79.0,81.0,79.6414566040039,55788
2020-03-13,77.0,82.0,65.25,78.05000305175781,76.74093627929688,78153
2020-03-16,78.05000305175781,78.05000305175781,72.0,72.9000015258789,71.67731475830078,185869
2020-03-17,72.1500015258789,73.6500015258789,65.5,67.69999694824219,66.56453704833984,21492
2020-03-18,68.94999694824219,69.94999694824219,54.20000076293945,54.45000076293945,53.53676223754883,61478
2020-03-19,57.79999923706055,59.79999923706055,49.25,51.29999923706055,50.43959426879883,194937
2020-03-20,54.0,54.0,48.20000076293945,50.5,49.65300750732422,50584
2020-03-23,49.5,55.0,45.599998474121094,49.099998474121094,48.2764892578125,22098
2020-03-24,49.099998474121094,53.0,48.0,50.25,49.40719985961914,15771
2020-03-25,50.0,55.0,45.5,53.20000076293945,52.30772399902344,17818
2020-03-26,55.0,58.5,51.20000076293945,55.20000076293945,54.2741813659668,21092
2020-03-27,57.79999923706055,60.70000076293945,55.0,57.79999923706055,56.830570220947266,14247
2020-03-30,53.099998474121094,59.20000076293945,53.099998474121094,57.04999923706055,56.09314727783203,7663
2020-03-31,54.150001525878906,59.54999923706055,54.150001525878906,58.5,57.518829345703125,8630
2020-04-01,58.599998474121094,58.75,55.0,56.75,55.79818344116211,20187
2020-04-03,58.900001525878906,60.0,54.0,56.45000076293945,55.503211975097656,48411
2020-04-07,60.0,60.0,56.54999923706055,57.5,56.53560256958008,10569
2020-04-08,59.70000076293945,63.25,57.79999923706055,63.20000076293945,62.1400032043457,24306
2020-04-09,69.0,72.0,62.0,67.25,66.12207794189453,73314
2020-04-13,72.0,72.5,62.20000076293945,64.75,63.664005279541016,29490
2020-04-15,64.80000305175781,66.9000015258789,60.95000076293945,66.0,64.89303588867188,64528
2020-04-16,63.0,67.69999694824219,63.0,64.44999694824219,63.369041442871094,11494
2020-04-17,64.6500015258789,67.0,64.0,64.94999694824219,63.86064910888672,15350
2020-04-20,66.0,68.5,64.1500015258789,66.75,65.63046264648438,38149
2020-04-21,65.9000015258789,65.9000015258789,63.150001525878906,64.05000305175781,62.97574996948242,10105
2020-04-22,64.0,72.0,63.70000076293945,68.55000305175781,67.40027618408203,30628
2020-04-23,68.55000305175781,70.5999984741211,66.30000305175781,67.8499984741211,66.7120132446289,17247
2020-04-24,69.94999694824219,69.94999694824219,65.9000015258789,66.19999694824219,65.08968353271484,5440
2020-04-27,69.5,69.5,65.0,65.55000305175781,64.4505844116211,13704
2020-04-28,68.0,68.0,64.0999984741211,64.9000015258789,63.811492919921875,13583
2020-04-29,67.25,77.8499984741211,64.69999694824219,77.0999984741211,75.80686950683594,176075
2020-04-30,79.0,86.0,74.5,76.5999984741211,75.31525421142578,1096832
2020-05-04,71.80000305175781,74.94999694824219,68.0,68.9000015258789,67.7444076538086,56718
2020-05-05,68.9000015258789,75.0,68.0,69.19999694824219,68.03936767578125,79057
2020-05-06,69.19999694824219,71.69999694824219,67.8499984741211,69.8499984741211,68.678466796875,32178
2020-05-07,68.25,70.05000305175781,67.0999984741211,67.4000015258789,66.26956176757812,16949
2020-05-08,66.25,68.4000015258789,65.05000305175781,65.6500015258789,64.54891967773438,20843
2020-05-11,64.75,67.6500015258789,63.70000076293945,63.849998474121094,62.77910232543945,24683
2020-05-12,63.45000076293945,68.0,61.0,63.25,62.18916702270508,43903
2020-05-13,68.0,71.94999694824219,63.70000076293945,66.1500015258789,65.04051971435547,51756
2020-05-14,66.1500015258789,68.0,64.25,64.9000015258789,63.811492919921875,23275
2020-05-15,67.0,67.0,64.5,65.0,63.90980911254883,11243
2020-05-18,65.19999694824219,66.9000015258789,60.20000076293945,61.54999923706055,60.517677307128906,22409
2020-05-19,63.29999923706055,63.29999923706055,61.099998474121094,61.25,60.22270584106445,11377
2020-05-20,62.099998474121094,62.650001525878906,60.75,61.5,60.46852111816406,9807
2020-05-21,58.95000076293945,63.0,58.95000076293945,61.349998474121094,60.32102966308594,11790
2020-05-22,60.29999923706055,62.0,60.0,60.45000076293945,59.436126708984375,11669
2020-05-26,63.0,63.0,60.04999923706055,60.849998474121094,59.82941818237305,25582
2020-05-27,60.849998474121094,64.0,60.20000076293945,62.0,60.96013259887695,20066
2020-05-28,63.849998474121094,63.849998474121094,61.54999923706055,62.0,60.96013259887695,14403
2020-05-29,60.650001525878906,64.80000305175781,60.650001525878906,63.5,62.43497085571289,25436
2020-06-01,62.349998474121094,69.19999694824219,62.349998474121094,66.94999694824219,65.82711029052734,49320
2020-06-02,68.69999694824219,68.69999694824219,61.0,65.75,64.64723205566406,36386
2020-06-03,65.3499984741211,67.9000015258789,65.19999694824219,65.94999694824219,64.8438720703125,28070
2020-06-04,67.0,67.0,65.05000305175781,65.80000305175781,64.69639587402344,12660
2020-06-05,67.9000015258789,69.4000015258789,66.30000305175781,68.19999694824219,67.05613708496094,47018
2020-06-08,70.19999694824219,74.9000015258789,68.0,73.9000015258789,72.6605453491211,97383
2020-06-09,76.0,76.0,69.5,70.80000305175781,69.61254119873047,27695
2020-06-10,72.9000015258789,73.0,68.75,69.1500015258789,67.9902114868164,16102
2020-06-11,70.05000305175781,74.9000015258789,68.5999984741211,69.25,68.08853149414062,52726
2020-06-12,66.0,71.0,66.0,70.3499984741211,69.17008209228516,26897
2020-06-15,72.94999694824219,72.94999694824219,66.0999984741211,68.19999694824219,67.05613708496094,40242
2020-06-16,69.6500015258789,70.94999694824219,67.0,67.4000015258789,66.26956176757812,37404
2020-06-17,68.94999694824219,73.0,67.05000305175781,71.69999694824219,70.4974365234375,72453
2020-06-18,74.9000015258789,82.30000305175781,73.25,76.3499984741211,75.06945037841797,696543
2020-06-19,78.3499984741211,79.5999984741211,75.30000305175781,75.80000305175781,74.52867126464844,109242
2020-06-22,77.5,77.5,67.55000305175781,74.0,72.75887298583984,71811
2020-06-23,74.05000305175781,76.0,70.80000305175781,73.69999694824219,72.46389770507812,58007
2020-06-24,77.0,77.0,72.1500015258789,72.30000305175781,71.08737182617188,46969
2020-06-25,71.5,74.9000015258789,70.9000015258789,71.6500015258789,70.44828033447266,55724
2020-06-26,72.0999984741211,73.5999984741211,71.94999694824219,72.19999694824219,70.98905944824219,21183
2020-06-29,73.5999984741211,73.5999984741211,69.0,70.0,68.82595825195312,24758
2020-06-30,72.8499984741211,73.6500015258789,68.1500015258789,68.5999984741211,67.4494400024414,25116
2020-07-01,71.0,71.0,68.5999984741211,69.5,68.33434295654297,11768
2020-07-02,69.4000015258789,70.9000015258789,69.0,70.05000305175781,68.87511444091797,23725
2020-07-03,71.0,75.0,69.0999984741211,73.5,72.26725006103516,98697
2020-07-06,76.0,88.19999694824219,75.0,85.8499984741211,84.41011810302734,1860793
2020-07-07,83.30000305175781,83.30000305175781,79.0999984741211,79.75,78.41242980957031,435993
2020-07-08,77.30000305175781,79.05000305175781,73.5,75.25,73.98789978027344,236221
2020-07-09,75.25,76.5,71.80000305175781,72.4000015258789,71.18570709228516,167747
2020-07-10,72.0,75.69999694824219,69.5,70.0,68.82595825195312,300020
2020-07-13,70.5,71.3499984741211,67.0999984741211,67.30000305175781,66.1712417602539,253504
2020-07-14,65.05000305175781,69.4000015258789,65.05000305175781,68.4000015258789,67.25279235839844,124065
2020-07-15,69.19999694824219,71.4000015258789,66.30000305175781,67.19999694824219,66.07290649414062,145089
2020-07-16,67.5999984741211,69.0,66.3499984741211,67.44999694824219,66.31871795654297,50821
2020-07-17,68.4000015258789,68.9000015258789,64.8499984741211,65.0,63.90980911254883,359230
2020-07-20,65.19999694824219,65.4000015258789,63.5,63.849998474121094,62.77910232543945,110402
2020-07-21,64.6500015258789,65.5999984741211,64.5,64.8499984741211,63.762325286865234,58203
2020-07-22,64.8499984741211,67.19999694824219,64.55000305175781,65.69999694824219,64.59806823730469,88834
2020-07-23,65.05000305175781,66.5,64.0,65.3499984741211,64.25394439697266,80234
2020-07-24,65.5999984741211,65.5999984741211,63.599998474121094,63.900001525878906,62.82826614379883,58300
2020-07-27,64.80000305175781,64.80000305175781,61.75,62.900001525878906,61.845035552978516,53007
2020-07-28,62.95000076293945,64.0,62.0,63.45000076293945,62.38581466674805,31866
2020-07-29,64.0,65.4000015258789,62.79999923706055,64.0,62.92658615112305,59552
2020-07-30,64.4000015258789,64.8499984741211,62.20000076293945,62.54999923706055,61.50090789794922,46950
2020-07-31,63.900001525878906,63.900001525878906,62.04999923706055,62.45000076293945,61.402584075927734,23302
2020-08-03,62.599998474121094,65.80000305175781,62.5,64.6500015258789,63.565677642822266,52481
2020-08-04,64.6500015258789,64.94999694824219,63.5,63.79999923706055,62.72993850708008,54948
2020-08-05,64.94999694824219,65.94999694824219,62.599998474121094,64.25,63.17239761352539,384673
2020-08-06,65.0999984741211,65.3499984741211,63.349998474121094,63.900001525878906,62.82826614379883,127034
2020-08-07,64.5,64.69999694824219,63.400001525878906,64.0,62.92658615112305,135619
2020-08-10,64.9000015258789,66.5999984741211,64.25,65.3499984741211,64.25394439697266,179470
2020-08-11,66.25,67.5,64.0999984741211,65.05000305175781,63.958980560302734,231792
2020-08-12,65.19999694824219,65.25,63.79999923706055,64.0,62.92658615112305,299346
2020-08-13,64.9000015258789,66.30000305175781,63.900001525878906,65.0,63.90980911254883,697315
2020-08-14,65.9000015258789,67.9000015258789,64.0999984741211,65.69999694824219,64.59806823730469,348104
2020-08-17,66.3499984741211,66.5999984741211,65.0999984741211,65.4000015258789,64.3031005859375,102452
2020-08-18,66.5999984741211,66.9000015258789,65.0,65.75,64.64723205566406,128127
2020-08-19,66.0,68.80000305175781,65.8499984741211,67.55000305175781,66.41704559326172,412638
2020-08-20,67.0,75.94999694824219,66.5,74.75,73.49629211425781,1280019
2020-08-21,76.0,79.80000305175781,74.19999694824219,75.8499984741211,74.57784271240234,869249
2020-08-24,75.44999694824219,77.0,72.9000015258789,73.5999984741211,72.3655776977539,210154
2020-08-25,75.75,75.75,70.0999984741211,75.05000305175781,73.79125213623047,296078
2020-08-26,74.0999984741211,75.44999694824219,73.0,73.5,72.26725006103516,130742
2020-08-27,74.5,77.3499984741211,73.19999694824219,75.0,73.7420883178711,701717
2020-08-28,77.80000305175781,83.9000015258789,75.0999984741211,81.25,79.88726806640625,3236120
2020-08-31,78.94999694824219,79.9000015258789,73.19999694824219,75.5,74.23370361328125,519197
2020-09-01,74.69999694824219,76.80000305175781,70.6500015258789,71.94999694824219,70.74324798583984,153501
2020-09-02,72.55000305175781,74.9000015258789,71.44999694824219,73.4000015258789,72.16893768310547,93712
2020-09-03,73.94999694824219,76.80000305175781,73.05000305175781,74.1500015258789,72.9063491821289,130381
2020-09-04,72.6500015258789,77.5999984741211,71.80000305175781,73.3499984741211,72.11976623535156,241777
2020-09-07,73.9000015258789,76.75,72.0999984741211,75.69999694824219,74.43035125732422,368874
2020-09-08,75.44999694824219,75.44999694824219,72.4000015258789,73.0999984741211,71.87396240234375,71822
2020-09-09,72.5,73.0,70.4000015258789,70.94999694824219,69.76001739501953,151634
2020-09-10,71.94999694824219,73.25,71.25,72.25,71.03822326660156,34436
2020-09-11,72.5999984741211,73.30000305175781,69.0,71.0,69.80918884277344,75336
2020-09-14,74.0,75.19999694824219,73.0,73.6500015258789,72.41473388671875,230686
2020-09-15,74.8499984741211,79.80000305175781,74.5,78.5,77.18338775634766,592653
2020-09-16,78.9000015258789,79.6500015258789,75.69999694824219,77.6500015258789,76.34764862060547,144615
2020-09-17,77.5,77.5,73.69999694824219,73.9000015258789,72.6605453491211,199161
2020-09-18,73.9000015258789,75.8499984741211,72.8499984741211,73.3499984741211,72.11976623535156,85111
2020-09-21,73.44999694824219,74.55000305175781,68.0,69.44999694824219,68.28517150878906,125912
2020-09-22,71.5,71.5,66.69999694824219,68.5,67.35111236572266,681366
2020-09-23,71.0,71.0,68.30000305175781,70.4000015258789,69.21925354003906,160035
2020-09-24,70.80000305175781,70.80000305175781,67.19999694824219,69.25,68.08853149414062,84477
2020-09-25,70.94999694824219,70.94999694824219,68.5,70.1500015258789,68.97344207763672,45877
2020-09-28,71.80000305175781,71.9000015258789,69.0,69.3499984741211,68.18685913085938,172856
2020-09-29,71.8499984741211,71.8499984741211,68.5,69.3499984741211,68.18685913085938,57744
2020-09-30,70.8499984741211,70.8499984741211,68.19999694824219,68.5999984741211,67.4494400024414,889936
2020-10-01,68.5999984741211,69.80000305175781,68.5999984741211,68.9000015258789,67.7444076538086,71116
2020-10-05,70.25,72.4000015258789,69.25,71.05000305175781,69.85834503173828,96416
2020-10-06,72.0,72.9000015258789,71.0999984741211,71.9000015258789,70.694091796875,54885
2020-10-07,71.9000015258789,72.3499984741211,71.0,72.0,70.79241180419922,47756
2020-10-08,72.3499984741211,72.5999984741211,70.0,72.05000305175781,70.8415756225586,64809
2020-10-09,71.0999984741211,73.0,70.30000305175781,72.30000305175781,71.08737182617188,57109
2020-10-12,70.80000305175781,73.5,70.80000305175781,72.4000015258789,71.18570709228516,65659
2020-10-13,72.8499984741211,73.5,71.19999694824219,72.75,71.52982330322266,68328
2020-10-14,73.0,74.8499984741211,71.0,73.30000305175781,72.07061004638672,147638
2020-10-15,73.30000305175781,73.94999694824219,70.1500015258789,70.3499984741211,69.17008209228516,42188
2020-10-16,70.5,73.19999694824219,69.3499984741211,70.05000305175781,68.87511444091797,34161
2020-10-19,70.05000305175781,71.5,70.05000305175781,70.30000305175781,69.12091827392578,12954
2020-10-20,71.19999694824219,71.19999694824219,69.55000305175781,70.30000305175781,69.12091827392578,23552
2020-10-21,70.30000305175781,71.05000305175781,69.1500015258789,69.69999694824219,68.5309829711914,29988
2020-10-22,70.9000015258789,70.9000015258789,66.80000305175781,68.94999694824219,67.79356384277344,63640
2020-10-23,69.9000015258789,70.0,69.0,69.5,68.33434295654297,34015
2020-10-26,69.5999984741211,70.05000305175781,69.25,69.3499984741211,68.18685913085938,24250
2020-10-27,69.25,69.75,69.0,69.5,68.33434295654297,18956
2020-10-28,70.80000305175781,70.80000305175781,69.19999694824219,69.5,68.33434295654297,19440
2020-10-29,69.5,69.5,68.3499984741211,68.8499984741211,67.69523620605469,20572
2020-10-30,68.4000015258789,71.0,68.3499984741211,69.9000015258789,68.72763061523438,29997
2020-11-02,70.25,70.6500015258789,66.0,70.05000305175781,68.87511444091797,45607
2020-11-03,69.94999694824219,69.94999694824219,68.4000015258789,68.55000305175781,67.40027618408203,53426
2020-11-04,73.05000305175781,73.4000015258789,69.3499984741211,71.30000305175781,70.10415649414062,237066
2020-11-05,72.80000305175781,73.5,71.30000305175781,71.94999694824219,70.74324798583984,47755
2020-11-06,72.8499984741211,72.8499984741211,71.0,71.25,70.05498504638672,24906
2020-11-09,71.94999694824219,71.94999694824219,70.05000305175781,70.0999984741211,68.92427062988281,36898
2020-11-10,71.0,71.0,70.44999694824219,70.5999984741211,69.4158935546875,15951
2020-11-11,71.4000015258789,71.4000015258789,69.55000305175781,70.5999984741211,69.4158935546875,33681
2020-11-12,71.4000015258789,72.80000305175781,70.0,71.6500015258789,70.44828033447266,58650
2020-11-13,72.4000015258789,72.5,71.0,71.80000305175781,70.59577178955078,33930
2020-11-14,71.5,72.4000015258789,71.0,71.5999984741211,70.39911651611328,16778
2020-11-17,70.80000305175781,75.5,70.80000305175781,74.6500015258789,73.39796447753906,110313
2020-11-18,74.6500015258789,75.0,72.0,72.9000015258789,71.67731475830078,64306
2020-11-19,72.0,79.5,72.0,77.3499984741211,76.05268096923828,313481
2020-11-20,78.0,78.30000305175781,74.4000015258789,75.05000305175781,73.79125213623047,82166
2020-11-23,75.1500015258789,76.94999694824219,73.5,74.1500015258789,72.9063491821289,84493
2020-11-24,73.69999694824219,75.44999694824219,73.5999984741211,74.0,72.75887298583984,53800
2020-11-25,75.19999694824219,75.19999694824219,72.75,73.0,71.775634765625,61702
2020-11-26,72.80000305175781,76.0,72.30000305175781,74.4000015258789,73.15216064453125,74359
2020-11-27,75.30000305175781,75.44999694824219,73.9000015258789,74.55000305175781,73.29963684082031,49862
2020-12-01,74.69999694824219,77.9000015258789,74.55000305175781,76.8499984741211,75.5610580444336,124073
2020-12-02,78.0,81.94999694824219,76.1500015258789,79.44999694824219,78.1174545288086,491524
2020-12-03,81.5,83.3499984741211,80.3499984741211,82.69999694824219,81.31294250488281,360771
2020-12-04,82.6500015258789,85.5999984741211,81.0,83.94999694824219,82.54197692871094,291018
2020-12-07,84.0999984741211,85.9000015258789,83.0,83.9000015258789,82.4928207397461,162882
2020-12-08,83.9000015258789,84.25,79.80000305175781,80.75,79.3956527709961,93954
2020-12-09,81.9000015258789,82.94999694824219,80.19999694824219,81.19999694824219,79.83809661865234,67250
2020-12-10,82.0,88.94999694824219,81.6500015258789,85.8499984741211,84.41011810302734,1500184
2020-12-11,86.69999694824219,87.75,84.0,85.0,83.5743637084961,166164
2020-12-14,84.94999694824219,85.0999984741211,82.55000305175781,83.1500015258789,81.75540161132812,85061
2020-12-15,83.0999984741211,86.1500015258789,83.0999984741211,84.55000305175781,83.13191986083984,117042
2020-12-16,85.0,88.0999984741211,84.1500015258789,84.6500015258789,83.23023986816406,173548
2020-12-17,86.0,86.0,83.0999984741211,83.55000305175781,82.14868927001953,86069
2020-12-18,84.0,85.69999694824219,81.19999694824219,83.55000305175781,82.14868927001953,61649
2020-12-21,83.94999694824219,85.0,77.05000305175781,78.1500015258789,76.83926391601562,129561
2020-12-22,77.05000305175781,80.9000015258789,74.0,79.80000305175781,78.46158599853516,124791
2020-12-23,82.9000015258789,82.9000015258789,79.4000015258789,80.55000305175781,79.19901275634766,37126
2020-12-24,79.69999694824219,82.75,79.69999694824219,81.1500015258789,79.78894805908203,27523
2020-12-28,81.25,81.69999694824219,79.25,80.6500015258789,79.29733276367188,69855
2020-12-29,82.0,82.0,79.5,81.30000305175781,79.93643188476562,84866
2020-12-30,82.0,82.0,79.05000305175781,79.94999694824219,78.60906982421875,81196
2020-12-31,80.9000015258789,82.0,80.19999694824219,81.19999694824219,79.83809661865234,47370
2021-01-01,81.19999694824219,82.3499984741211,80.69999694824219,80.94999694824219,79.59230041503906,57739
2021-01-04,82.44999694824219,83.0,80.6500015258789,81.4000015258789,80.03475189208984,147516
2021-01-05,81.80000305175781,81.80000305175781,79.6500015258789,81.19999694824219,79.83809661865234,84755
2021-01-06,81.94999694824219,85.80000305175781,80.80000305175781,84.25,82.83695983886719,258088
2021-01-07,85.0,85.0,82.75,84.0999984741211,82.68946075439453,113497
2021-01-08,84.0999984741211,90.69999694824219,83.80000305175781,89.0,87.50727844238281,957291
2021-01-11,89.9000015258789,99.5,89.19999694824219,96.30000305175781,94.68485260009766,3198825
2021-01-12,96.25,99.0,94.30000305175781,98.0,96.35633087158203,589311
2021-01-13,99.1500015258789,99.1500015258789,91.69999694824219,92.80000305175781,91.24356079101562,337979
2021-01-14,93.75,96.3499984741211,93.75,94.44999694824219,92.86588287353516,285604
2021-01-15,96.0,96.0,91.44999694824219,92.4000015258789,90.85026550292969,105270
2021-01-18,93.44999694824219,93.44999694824219,87.94999694824219,89.44999694824219,87.9497299194336,95445
2021-01-19,90.19999694824219,92.80000305175781,89.1500015258789,89.9000015258789,88.3921890258789,63463
2021-01-20,89.0999984741211,91.3499984741211,86.0999984741211,87.0,85.54083251953125,143143
2021-01-21,87.44999694824219,87.5999984741211,85.0,85.19999694824219,83.77101135253906,150715
2021-01-22,85.19999694824219,89.9000015258789,84.5,88.9000015258789,87.40896606445312,532341
2021-01-25,90.69999694824219,90.69999694824219,85.4000015258789,86.1500015258789,84.705078125,54616
2021-01-27,86.1500015258789,86.5,84.0,84.25,82.83695983886719,60708
2021-01-28,84.25,85.80000305175781,82.75,84.69999694824219,83.27940368652344,29087
2021-01-29,85.1500015258789,86.25,83.44999694824219,83.94999694824219,82.54197692871094,31874
2021-02-01,85.80000305175781,85.80000305175781,83.5,84.5999984741211,83.18107604980469,40618
2021-02-02,85.0,89.69999694824219,84.5999984741211,87.44999694824219,85.9832763671875,744371
2021-02-03,92.80000305175781,92.80000305175781,89.05000305175781,89.5,87.9989013671875,430563
2021-02-04,90.25,91.0999984741211,89.1500015258789,90.8499984741211,89.32625579833984,334861
2021-02-05,91.0,92.30000305175781,90.19999694824219,91.44999694824219,89.91619110107422,205127
2021-02-08,91.44999694824219,96.5,89.80000305175781,95.8499984741211,94.24240112304688,744813
2021-02-09,96.75,99.5,93.44999694824219,96.80000305175781,95.17646026611328,381164
2021-02-10,96.0999984741211,102.4000015258789,95.0999984741211,98.4000015258789,96.74962615966797,600904
2021-02-11,98.8499984741211,102.9000015258789,98.5,101.5999984741211,99.89595031738281,317136
2021-02-12,102.0,102.0,97.5,98.69999694824219,97.04459381103516,212517
2021-02-15,99.19999694824219,100.5,95.5,97.9000015258789,96.25802612304688,293475
2021-02-16,99.05000305175781,99.80000305175781,96.0,97.0999984741211,95.47142791748047,78074
2021-02-17,101.5999984741211,101.5999984741211,97.0,99.69999694824219,98.02782440185547,717030
2021-02-18,101.3499984741211,114.44999694824219,99.19999694824219,110.3499984741211,108.49919891357422,2422833
2021-02-19,111.4000015258789,116.69999694824219,104.0,109.75,107.90925598144531,601973
2021-02-22,112.0,112.0,103.3499984741211,103.94999694824219,102.20653533935547,285806
2021-02-23,104.75,110.5,103.8499984741211,105.75,103.97634887695312,251145
2021-02-24,106.80000305175781,107.0,102.5999984741211,105.69999694824219,103.92718505859375,86528
2021-02-25,106.80000305175781,107.69999694824219,103.6500015258789,104.3499984741211,102.5998306274414,128681
2021-02-26,102.69999694824219,104.4000015258789,98.5,100.8499984741211,99.15853118896484,165713
2021-03-01,108.0,118.25,105.80000305175781,112.8499984741211,110.95726776123047,577512
2021-03-02,113.0,114.5999984741211,109.5,110.0999984741211,108.25338745117188,253782
2021-03-03,111.0,111.75,109.4000015258789,110.69999694824219,108.84332275390625,481868
2021-03-04,110.0,111.9000015258789,107.5999984741211,110.5,108.64667510986328,353161
2021-03-05,111.0,118.30000305175781,104.5,111.8499984741211,109.97403717041016,407435
2021-03-08,110.6500015258789,114.0,108.75,109.4000015258789,107.56513214111328,249566
2021-03-09,110.0,112.1500015258789,106.05000305175781,106.80000305175781,105.00874328613281,236480
2021-03-10,107.80000305175781,107.9000015258789,103.9000015258789,104.75,102.99311828613281,144701
2021-03-12,108.25,108.25,101.0,101.6500015258789,99.94512176513672,265442
2021-03-15,103.5999984741211,103.5999984741211,98.55000305175781,100.4000015258789,98.7160873413086,333480
2021-03-16,101.75,111.0,100.55000305175781,108.0999984741211,106.28693389892578,466555
2021-03-17,108.9000015258789,109.0,103.0999984741211,104.1500015258789,102.40318298339844,266863
2021-03-18,105.0,106.55000305175781,101.25,102.30000305175781,100.58421325683594,272094
2021-03-19,101.5999984741211,104.9000015258789,99.44999694824219,103.1500015258789,101.41996002197266,235808
2021-03-22,104.0,105.05000305175781,101.5999984741211,102.44999694824219,100.73170471191406,49390
2021-03-23,103.1500015258789,105.05000305175781,102.0999984741211,103.5999984741211,101.86241149902344,96637
2021-03-24,104.44999694824219,104.44999694824219,101.0,101.6500015258789,99.94512176513672,217033
2021-03-25,100.0,102.44999694824219,99.55000305175781,101.19999694824219,99.5026626586914,145240
2021-03-26,106.0,106.0,101.05000305175781,101.94999694824219,100.24008178710938,255939
2021-03-30,101.5,103.69999694824219,100.25,102.1500015258789,100.43672943115234,117523
2021-03-31,102.0999984741211,103.80000305175781,101.0,101.80000305175781,100.09260559082031,123233
2021-04-01,102.1500015258789,103.5,100.5,101.75,100.04344177246094,63590
2021-04-05,100.0,101.1500015258789,97.5,100.5,98.81439971923828,156440
2021-04-06,101.0,102.9000015258789,100.94999694824219,101.4000015258789,99.69931030273438,43884
2021-04-07,101.9000015258789,102.69999694824219,100.25,101.30000305175781,99.60099029541016,64079
2021-04-08,101.80000305175781,102.0,100.0,100.8499984741211,99.15853118896484,91671
2021-04-09,101.4000015258789,102.5,100.69999694824219,101.44999694824219,99.74846649169922,98947
2021-04-12,101.0,101.19999694824219,96.0,97.30000305175781,95.66808319091797,161108
2021-04-13,99.0,99.94999694824219,96.9000015258789,98.69999694824219,97.04459381103516,56767
2021-04-15,99.0,105.0,97.5,102.3499984741211,100.63336944580078,162969
2021-04-16,102.0,103.8499984741211,101.25,101.9000015258789,100.19092559814453,49402
2021-04-19,100.05000305175781,104.4000015258789,97.0,100.5999984741211,98.91273498535156,367028
2021-04-20,99.80000305175781,103.5999984741211,99.80000305175781,101.4000015258789,99.69931030273438,101060
2021-04-22,100.55000305175781,104.4000015258789,100.19999694824219,101.44999694824219,99.74846649169922,63325
2021-04-23,101.94999694824219,106.0,100.0999984741211,102.1500015258789,100.43672943115234,375586
2021-04-26,102.1500015258789,103.55000305175781,101.0,101.44999694824219,99.74846649169922,31968
2021-04-27,101.94999694824219,103.0,100.80000305175781,101.4000015258789,99.69931030273438,44563
2021-04-28,102.0,103.69999694824219,101.0,101.80000305175781,100.09260559082031,60638
2021-04-29,101.5,102.55000305175781,100.0,100.44999694824219,98.76524353027344,152491
2021-04-30,101.0,102.4000015258789,99.80000305175781,100.75,99.06021881103516,131954
2021-05-03,101.5,109.8499984741211,100.5,104.19999694824219,102.45235443115234,1051172
2021-05-04,105.25,108.69999694824219,99.0,100.44999694824219,98.76524353027344,603602
2021-05-05,101.5,107.0,101.0,101.5,99.79763793945312,1203803
2021-05-06,103.0,103.44999694824219,99.25,99.6500015258789,97.9786605834961,1206552
2021-05-07,101.0,105.1500015258789,99.5,99.94999694824219,98.27362823486328,615739
2021-05-10,101.80000305175781,101.80000305175781,99.0,99.55000305175781,97.88034057617188,221303
2021-05-11,98.9000015258789,102.0999984741211,98.25,100.4000015258789,98.7160873413086,266435
2021-05-12,101.3499984741211,101.3499984741211,96.30000305175781,96.8499984741211,95.22561645507812,316685
2021-05-14,97.9000015258789,98.1500015258789,96.19999694824219,96.6500015258789,95.02897644042969,141675
2021-05-17,97.80000305175781,98.25,96.4000015258789,97.5,95.8647232055664,92756
2021-05-18,98.4000015258789,98.6500015258789,96.5,96.69999694824219,95.07814025878906,101991
2021-05-19,97.94999694824219,101.69999694824219,97.4000015258789,100.5999984741211,98.91273498535156,291253
2021-05-20,100.5,101.8499984741211,97.5999984741211,98.05000305175781,96.40550231933594,223298
2021-05-21,99.0,99.5999984741211,98.0,98.5,96.84795379638672,113587
2021-05-24,99.0,99.75,97.6500015258789,98.0,96.35633087158203,93285
2021-05-25,99.69999694824219,99.69999694824219,97.55000305175781,97.8499984741211,96.20884704589844,80249
2021-05-26,98.9000015258789,105.0,97.5999984741211,102.55000305175781,100.83002471923828,2406735
2021-05-27,103.44999694824219,105.5999984741211,101.1500015258789,102.30000305175781,100.58421325683594,827452
2021-05-28,103.25,104.4000015258789,100.5,101.0,99.30601501464844,240878
2021-05-31,101.5,104.0,100.19999694824219,101.3499984741211,99.65015411376953,216708
2021-06-01,101.0,109.3499984741211,101.0,107.5,105.6969985961914,1836195
2021-06-02,107.9000015258789,117.30000305175781,106.0,115.4000015258789,113.46449279785156,4183033
2021-06-03,116.5999984741211,116.80000305175781,112.5,113.25,111.3505630493164,789457
2021-06-04,114.0,114.0,110.44999694824219,113.05000305175781,111.15391540527344,450671
2021-06-07,114.0,126.80000305175781,113.25,122.5,120.4454116821289,2376896
2021-06-08,123.0,123.9000015258789,118.5,119.3499984741211,117.34825134277344,1226554
2021-06-09,118.25,122.44999694824219,115.0999984741211,116.0999984741211,114.15275573730469,536022
2021-06-10,117.5999984741211,119.0,116.44999694824219,117.80000305175781,115.82424926757812,249733
2021-06-11,119.0,119.05000305175781,113.6500015258789,116.5,114.54605102539062,297906
2021-06-14,117.0,117.0,111.55000305175781,114.69999694824219,112.77623748779297,170114
2021-06-15,115.19999694824219,122.9000015258789,115.0,120.1500015258789,118.13484191894531,692974
2021-06-16,121.1500015258789,121.5,115.5,116.80000305175781,114.84101867675781,153035
2021-06-17,115.80000305175781,118.19999694824219,115.0,115.3499984741211,113.41534423828125,136074
2021-06-18,116.0,116.5,107.25,113.1500015258789,111.25223541259766,254426
2021-06-21,111.05000305175781,124.9000015258789,110.30000305175781,121.69999694824219,119.6588363647461,1926480
2021-06-22,123.30000305175781,127.4000015258789,119.55000305175781,120.75,118.72477722167969,862803
2021-06-23,121.75,123.3499984741211,118.30000305175781,119.0,117.0041275024414,281602
2021-06-24,120.9000015258789,120.9000015258789,117.05000305175781,118.0,116.02088928222656,186722
2021-06-25,119.05000305175781,123.30000305175781,117.3499984741211,120.9000015258789,118.87225341796875,205090
2021-06-28,121.3499984741211,121.9000015258789,115.0999984741211,118.5999984741211,116.61082458496094,160429
2021-06-29,120.0,124.80000305175781,120.0,123.3499984741211,121.28115844726562,1000769
2021-06-30,126.19999694824219,128.60000610351562,120.0,123.30000305175781,121.23200988769531,866857
2021-07-01,126.0,127.4000015258789,121.1500015258789,122.69999694824219,120.64205932617188,329637
2021-07-02,124.9000015258789,124.9000015258789,121.5,122.1500015258789,120.10128784179688,187868
2021-07-05,123.94999694824219,124.4000015258789,121.0999984741211,122.25,120.19961547851562,145740
2021-07-06,124.6500015258789,129.4499969482422,122.80000305175781,125.25,123.14929962158203,1096046
2021-07-07,125.9000015258789,127.19999694824219,124.69999694824219,126.6500015258789,124.52581024169922,243369
2021-07-08,126.6500015258789,127.6500015258789,123.0,125.1500015258789,123.05097198486328,253229
2021-07-09,123.5999984741211,125.1500015258789,122.30000305175781,123.05000305175781,120.98619842529297,135155
2021-07-12,123.1500015258789,125.5999984741211,122.3499984741211,123.1500015258789,121.08451843261719,400935
2021-07-13,123.5,125.80000305175781,122.4000015258789,123.6500015258789,121.57613372802734,179156
2021-07-14,123.5999984741211,126.5,122.25,123.19999694824219,121.13367462158203,181313
2021-07-15,124.4000015258789,134.89999389648438,123.0,131.25,129.0486602783203,2323127
2021-07-16,132.6999969482422,136.35000610351562,132.0,135.5500030517578,133.27655029296875,984490
2021-07-19,134.0,134.9499969482422,131.25,131.6999969482422,129.49111938476562,261214
2021-07-20,132.3000030517578,132.3000030517578,119.5,124.8499984741211,122.7560043334961,553989
2021-07-22,126.4000015258789,134.39999389648438,126.4000015258789,132.9499969482422,130.7201385498047,526220
2021-07-23,133.89999389648438,134.1999969482422,127.8499984741211,128.39999389648438,126.2464599609375,190180
2021-07-26,128.89999389648438,129.89999389648438,126.0999984741211,127.5999984741211,125.45987701416016,119756
2021-07-27,131.0,131.0,121.55000305175781,122.69999694824219,120.64205932617188,227025
2021-07-28,123.5,126.05000305175781,120.0,121.80000305175781,119.75716400146484,233924
2021-07-29,121.30000305175781,126.1500015258789,121.30000305175781,121.8499984741211,119.80632019042969,185278
2021-07-30,123.30000305175781,124.19999694824219,121.1500015258789,122.25,120.19961547851562,156731
2021-08-02,123.80000305175781,124.30000305175781,118.25,120.1500015258789,118.13484191894531,204567
2021-08-03,119.94999694824219,124.44999694824219,117.3499984741211,123.0999984741211,121.03535461425781,390018
2021-08-04,124.80000305175781,127.8499984741211,115.0,120.44999694824219,118.42980194091797,397849
2021-08-05,121.0999984741211,129.0,120.5,121.1500015258789,119.1180648803711,200861
2021-08-06,122.5,123.5999984741211,116.19999694824219,119.0999984741211,117.1024398803711,398216
2021-08-09,119.5,122.6500015258789,119.0,120.0999984741211,118.08566284179688,182856
2021-08-10,123.3499984741211,123.3499984741211,108.9000015258789,114.0999984741211,112.18629455566406,439280
2021-08-11,115.94999694824219,116.4000015258789,107.0999984741211,113.94999694824219,112.03881072998047,203489
2021-08-12,112.0999984741211,117.0,112.0999984741211,114.94999694824219,113.02204132080078,149693
2021-08-13,115.0,121.0,112.5999984741211,118.19999694824219,116.21753692626953,280566
2021-08-16,120.9000015258789,134.5500030517578,116.1500015258789,129.5500030517578,127.37718200683594,4292719
2021-08-17,124.0999984741211,138.0,123.25,135.0500030517578,132.78492736816406,2349775
2021-08-18,134.0,135.64999389648438,128.25,131.35000610351562,129.14698791503906,629060
2021-08-20,130.0500030517578,131.35000610351562,124.5,125.9000015258789,123.78839874267578,391893
2021-08-23,128.4499969482422,129.75,120.8499984741211,125.0,122.90348052978516,185579
2021-08-24,126.0,127.5,121.19999694824219,125.44999694824219,123.34593963623047,151049
2021-08-25,125.05000305175781,127.9000015258789,123.6500015258789,124.55000305175781,122.4610366821289,108052
2021-08-26,124.44999694824219,127.30000305175781,122.0,122.8499984741211,120.78955078125,148894
2021-08-27,123.9000015258789,124.80000305175781,121.55000305175781,123.0,120.93704223632812,212899
2021-08-30,124.9000015258789,126.30000305175781,122.69999694824219,122.9000015258789,120.83870697021484,290802
2021-08-31,124.5999984741211,135.9499969482422,122.75,129.10000610351562,126.93473052978516,1873497
2021-09-01,130.3000030517578,136.0500030517578,130.3000030517578,133.8000030517578,131.55589294433594,778632
2021-09-02,133.89999389648438,145.60000610351562,133.8000030517578,143.4499969482422,141.04403686523438,2735284
2021-09-03,146.5,148.0,138.0500030517578,143.3000030517578,140.8965606689453,879609
2021-09-06,145.0,150.39999389648438,143.6999969482422,148.3000030517578,145.8126983642578,827900
2021-09-07,149.0,149.85000610351562,137.0,138.64999389648438,137.43663024902344,642257
2021-09-08,138.9499969482422,142.89999389648438,138.25,141.75,140.509521484375,332899
2021-09-09,141.89999389648438,145.6999969482422,139.25,142.4499969482422,141.20338439941406,193669
2021-09-13,141.4499969482422,142.60000610351562,135.0,138.10000610351562,136.89146423339844,205353
2021-09-14,139.1999969482422,141.60000610351562,136.0,139.5,138.27919006347656,208314
2021-09-15,140.1999969482422,141.60000610351562,138.60000610351562,139.9499969482422,138.7252655029297,172146
2021-09-16,141.5,144.0,137.5,138.5500030517578,137.3375244140625,202628
2021-09-17,139.9499969482422,141.64999389648438,135.1999969482422,139.0,137.78358459472656,151091
2021-09-20,139.0,139.6999969482422,133.0500030517578,135.0500030517578,133.86814880371094,140741
2021-09-21,136.0,137.39999389648438,131.6999969482422,132.60000610351562,131.43959045410156,87115
2021-09-22,132.6999969482422,135.89999389648438,131.0,132.14999389648438,130.9935302734375,112942
2021-09-23,134.39999389648438,140.0,134.39999389648438,138.14999389648438,136.94100952148438,290522
2021-09-24,138.14999389648438,139.4499969482422,133.10000610351562,134.75,133.5707550048828,94045
2021-09-27,135.4499969482422,135.75,132.85000610351562,133.3000030517578,132.1334686279297,109772
2021-09-28,133.0,148.64999389648438,132.39999389648438,141.9499969482422,140.707763671875,3477351
2021-09-29,138.85000610351562,148.60000610351562,137.9499969482422,144.60000610351562,143.33456420898438,1058183
2021-09-30,146.0,164.85000610351562,145.75,159.4499969482422,158.05462646484375,3279803
2021-10-01,163.8000030517578,178.5,163.14999389648438,173.89999389648438,172.37815856933594,8313231
2021-10-04,177.0,187.6999969482422,177.0,183.1999969482422,181.59677124023438,4996626
2021-10-05,182.9499969482422,182.9499969482422,176.5,178.10000610351562,176.54141235351562,792986
2021-10-06,178.64999389648438,184.5500030517578,175.39999389648438,179.9499969482422,178.37521362304688,856808
2021-10-07,181.5,181.6999969482422,172.85000610351562,174.25,172.72509765625,218186
2021-10-08,174.35000610351562,181.0,170.0,172.4499969482422,170.94085693359375,276211
2021-10-11,172.4499969482422,175.8000030517578,166.14999389648438,167.8000030517578,166.33154296875,121181
2021-10-12,174.14999389648438,177.5500030517578,167.5,170.89999389648438,169.4044189453125,184885
2021-10-13,172.0,176.0,168.14999389648438,169.1999969482422,167.71929931640625,157880
2021-10-14,173.0,173.3000030517578,167.39999389648438,168.5500030517578,167.07498168945312,114238
2021-10-18,173.0,173.4499969482422,161.8000030517578,165.10000610351562,163.65516662597656,391174
2021-10-19,168.39999389648438,172.60000610351562,161.60000610351562,164.60000610351562,163.15956115722656,521245
2021-10-20,166.0,168.60000610351562,160.0500030517578,164.0500030517578,162.61436462402344,248732
2021-10-21,162.5,173.8000030517578,162.5,167.85000610351562,166.38111877441406,878397
2021-10-22,171.0,182.0,163.9499969482422,179.0,177.4335479736328,1066489
2021-10-25,180.0,183.89999389648438,171.0,173.0,171.4860382080078,1039009
2021-10-26,174.5,175.60000610351562,167.5,169.75,168.2644805908203,421165
2021-10-27,175.5,195.89999389648438,144.10000610351562,169.75,168.2644805908203,13485421
2021-10-28,171.6999969482422,183.64999389648438,171.0,178.8000030517578,177.2352752685547,4295957
2021-10-29,177.39999389648438,196.8000030517578,172.14999389648438,191.8000030517578,190.12152099609375,6531994
2021-11-01,196.8000030517578,205.0,196.60000610351562,201.35000610351562,199.5879364013672,3950493
2021-11-02,204.39999389648438,217.6999969482422,199.1999969482422,211.0,209.1534881591797,2153461
2021-11-03,211.0,211.9499969482422,198.0,201.6999969482422,199.93487548828125,1451985
2021-11-04,202.60000610351562,206.25,198.0,199.5,197.75413513183594,215285
2021-11-08,199.5,211.5500030517578,197.25,202.3000030517578,201.13455200195312,1900210
2021-11-09,206.5,214.4499969482422,200.0500030517578,210.64999389648438,209.4364471435547,1592135
2021-11-10,209.3000030517578,222.0,207.1999969482422,219.14999389648438,217.88746643066406,1976861
2021-11-11,220.3000030517578,229.10000610351562,215.35000610351562,221.39999389648438,220.12449645996094,2365649
2021-11-12,216.0,219.89999389648438,205.60000610351562,210.9499969482422,209.73471069335938,1017554
2021-11-15,210.89999389648438,214.0,191.60000610351562,195.75,194.62228393554688,1081087
2021-11-16,198.5,198.5,189.0,191.4499969482422,190.34706115722656,653825
2021-11-17,191.39999389648438,192.9499969482422,187.1999969482422,188.0500030517578,186.96664428710938,282476
2021-11-18,189.1999969482422,189.1999969482422,179.10000610351562,180.5,179.46014404296875,509207
2021-11-22,180.89999389648438,180.9499969482422,164.64999389648438,166.8000030517578,165.8390655517578,566509
2021-11-23,169.89999389648438,188.0,166.0500030517578,183.1999969482422,182.1445770263672,2027354
2021-11-24,189.4499969482422,196.5500030517578,181.10000610351562,183.1999969482422,182.1445770263672,2353673
2021-11-25,183.4499969482422,188.8000030517578,177.5500030517578,186.6999969482422,185.62442016601562,938688
2021-11-26,182.89999389648438,185.0,170.60000610351562,175.1999969482422,174.19065856933594,643250
2021-11-29,176.0,184.5500030517578,157.1999969482422,181.39999389648438,180.35494995117188,1476121
2021-11-30,181.0,188.89999389648438,181.0,185.89999389648438,184.8290252685547,972125
2021-12-01,189.5,193.9499969482422,188.25,190.39999389648438,189.30308532714844,948325
2021-12-02,190.0,190.0,180.9499969482422,182.4499969482422,181.39889526367188,823259
2021-12-03,183.9499969482422,186.0,181.64999389648438,183.5,182.44284057617188,421549
2021-12-06,180.0,186.0,173.39999389648438,182.39999389648438,181.34918212890625,974388
2021-12-07,182.39999389648438,184.89999389648438,180.0,181.1999969482422,180.15611267089844,902027
2021-12-08,183.0,184.89999389648438,181.1999969482422,182.0500030517578,181.00120544433594,141009
2021-12-09,183.1999969482422,188.0,182.35000610351562,184.35000610351562,183.2879638671875,392379
2021-12-10,183.5,187.35000610351562,182.85000610351562,184.6999969482422,183.6359405517578,192607
2021-12-13,186.1999969482422,192.8000030517578,181.89999389648438,184.89999389648438,183.8347930908203,709486
2021-12-14,183.4499969482422,192.6999969482422,181.75,189.9499969482422,188.85569763183594,900816
2021-12-15,190.5,192.4499969482422,184.14999389648438,187.0,185.92269897460938,299859
2021-12-16,185.14999389648438,188.35000610351562,181.0,181.89999389648438,180.85206604003906,208339
2021-12-17,181.89999389648438,183.5500030517578,172.35000610351562,174.9499969482422,173.94210815429688,232231
2021-12-20,168.5,189.85000610351562,166.5500030517578,181.60000610351562,180.55381774902344,463984
2021-12-21,183.85000610351562,184.85000610351562,175.5500030517578,178.4499969482422,177.42193603515625,457100
2021-12-22,179.5,182.1999969482422,178.1999969482422,179.5500030517578,178.51560974121094,178372
2021-12-23,180.89999389648438,181.89999389648438,176.0,176.5500030517578,175.5328826904297,148979
2021-12-24,178.3000030517578,179.6999969482422,173.5,174.35000610351562,173.3455810546875,163033
2021-12-27,174.60000610351562,175.6999969482422,171.4499969482422,172.5500030517578,171.55593872070312,140196
2021-12-28,171.85000610351562,179.5500030517578,171.85000610351562,176.25,175.234619140625,204490
2021-12-29,177.14999389648438,180.89999389648438,175.89999389648438,177.85000610351562,176.82540893554688,191721
2021-12-30,176.5,184.35000610351562,171.89999389648438,181.60000610351562,180.55381774902344,502473
2021-12-31,184.39999389648438,191.0,181.0,189.4499969482422,188.3585662841797,1298899
2022-01-03,190.0,195.0,189.5,191.39999389648438,190.29734802246094,458279
2022-01-04,192.0,195.0,185.0,187.60000610351562,186.5192413330078,351823
2022-01-05,185.6999969482422,189.89999389648438,182.10000610351562,184.1999969482422,183.13880920410156,359089
2022-01-06,184.1999969482422,184.75,181.0,181.64999389648438,180.60350036621094,172822
2022-01-07,183.0,184.3000030517578,177.5,178.60000610351562,177.5710906982422,207787
2022-01-10,178.60000610351562,182.39999389648438,178.60000610351562,180.60000610351562,179.55955505371094,176971
2022-01-11,181.5500030517578,182.89999389648438,177.39999389648438,178.5500030517578,177.52137756347656,126023
2022-01-12,178.5500030517578,180.85000610351562,177.64999389648438,179.14999389648438,178.11790466308594,112818
2022-01-13,179.14999389648438,181.85000610351562,177.64999389648438,178.75,177.72021484375,300583
2022-01-14,178.10000610351562,204.5500030517578,178.10000610351562,202.0,200.83627319335938,5227208
2022-01-17,202.0,209.6999969482422,201.0500030517578,204.5500030517578,203.37158203125,2288959
2022-01-18,205.0500030517578,212.8000030517578,196.10000610351562,199.9499969482422,198.79808044433594,1121412
2022-01-19,200.4499969482422,201.89999389648438,193.35000610351562,196.85000610351562,195.71595764160156,566868
2022-01-20,196.85000610351562,201.14999389648438,193.60000610351562,195.6999969482422,194.57257080078125,363701
2022-01-21,197.0,212.5,196.10000610351562,202.35000610351562,201.18426513671875,3444309
2022-01-24,203.5500030517578,205.10000610351562,184.5,187.3000030517578,186.22096252441406,751300
2022-01-25,184.9499969482422,220.75,174.0500030517578,214.3000030517578,213.0654296875,6990365
2022-01-27,212.4499969482422,231.6999969482422,202.60000610351562,207.85000610351562,206.65257263183594,5900855
2022-01-28,209.8000030517578,218.5,201.14999389648438,207.60000610351562,206.40402221679688,1478567
2022-01-31,210.5,216.64999389648438,200.0,203.0,201.8305206298828,792507
2022-02-01,204.6999969482422,214.0,201.14999389648438,206.10000610351562,204.91265869140625,1064635
2022-02-02,207.0,215.0,207.0,210.0,208.79017639160156,924360
2022-02-03,211.4499969482422,218.6999969482422,204.39999389648438,205.64999389648438,204.46524047851562,1621199
2022-02-04,208.0,213.0,205.64999389648438,209.89999389648438,208.69076538085938,891289
2022-02-07,208.5,210.9499969482422,205.5,208.0,206.8017120361328,385331
2022-02-08,206.60000610351562,215.89999389648438,205.64999389648438,209.39999389648438,208.19363403320312,883443
2022-02-09,211.0,213.9499969482422,202.6999969482422,204.85000610351562,203.66986083984375,554238
2022-02-10,205.89999389648438,208.8000030517578,205.0,207.35000610351562,206.15545654296875,181218
2022-02-11,203.0,207.10000610351562,201.0,203.25,202.07907104492188,165103
2022-02-14,199.0,199.0,185.0,186.60000610351562,185.52500915527344,364934
2022-02-15,187.5500030517578,194.89999389648438,178.25,185.75,184.6798858642578,596013
2022-02-16,194.89999389648438,199.85000610351562,190.4499969482422,193.14999389648438,192.03726196289062,937245
2022-02-17,193.14999389648438,194.8000030517578,186.1999969482422,188.64999389648438,187.56317138671875,225467
2022-02-18,189.89999389648438,193.5,187.35000610351562,188.35000610351562,187.26492309570312,171676
2022-02-21,183.6999969482422,187.6999969482422,175.0,176.4499969482422,175.4334716796875,327337
2022-02-22,165.0,180.8000030517578,165.0,178.6999969482422,177.67051696777344,560962
2022-02-23,180.0,187.5500030517578,177.10000610351562,179.64999389648438,178.61502075195312,339940
2022-02-24,173.0,176.4499969482422,158.25,160.60000610351562,159.67478942871094,402212
2022-02-25,163.1999969482422,186.5,163.1999969482422,180.60000610351562,179.55955505371094,1004914
2022-02-28,178.0,178.85000610351562,173.5500030517578,176.0,174.98606872558594,267982
2022-03-02,175.0,182.89999389648438,174.0500030517578,179.4499969482422,178.4161834716797,244933
2022-03-03,181.10000610351562,183.75,177.9499969482422,179.0,177.96878051757812,158566
2022-03-04,179.0,182.5,174.0,175.8000030517578,174.78721618652344,291069
2022-03-07,175.0,181.3000030517578,168.10000610351562,174.75,173.74325561523438,337321
2022-03-08,176.25,184.8000030517578,172.35000610351562,175.85000610351562,174.83692932128906,504088
2022-03-09,180.0,181.6999969482422,175.0,177.3000030517578,176.278564453125,338760
2022-03-10,182.0,185.9499969482422,179.0500030517578,181.4499969482422,180.4046630859375,457045
2022-03-11,181.0,184.1999969482422,180.14999389648438,182.64999389648438,181.59774780273438,150716
2022-03-14,184.10000610351562,186.35000610351562,181.0,182.85000610351562,181.79660034179688,219227
2022-03-15,184.35000610351562,187.9499969482422,177.35000610351562,178.64999389648438,177.62078857421875,343253
2022-03-16,181.0,189.35000610351562,178.1999969482422,183.4499969482422,182.3931427001953,598350
2022-03-17,184.89999389648438,189.1999969482422,183.35000610351562,187.9499969482422,186.86721801757812,283402
2022-03-21,188.89999389648438,192.0,186.0,189.39999389648438,188.30885314941406,287993
2022-03-22,190.9499969482422,197.0,188.14999389648438,192.5,191.39100646972656,404070
2022-03-23,194.9499969482422,201.9499969482422,193.4499969482422,199.1999969482422,198.05239868164062,546370
2022-03-24,205.1999969482422,205.1999969482422,199.3000030517578,203.1999969482422,202.02935791015625,720372
2022-03-25,200.39999389648438,204.3000030517578,200.1999969482422,203.0500030517578,201.88023376464844,174571
2022-03-28,204.0500030517578,204.4499969482422,192.10000610351562,194.5500030517578,193.42919921875,225454
2022-03-29,197.5,200.8000030517578,194.60000610351562,198.0500030517578,196.90902709960938,260049
2022-03-30,204.0,205.0,195.64999389648438,197.1999969482422,196.06393432617188,248961
2022-03-31,196.0500030517578,211.14999389648438,196.0500030517578,202.14999389648438,200.9853973388672,959005
2022-04-01,203.6999969482422,209.0,201.10000610351562,203.85000610351562,202.6756134033203,224023
2022-04-04,204.85000610351562,209.8000030517578,203.0,203.64999389648438,202.4767608642578,232181
2022-04-05,204.64999389648438,224.5,204.60000610351562,211.75,210.5301055908203,3652338
2022-04-06,211.5,214.6999969482422,206.10000610351562,208.4499969482422,207.24911499023438,640523
2022-04-07,209.0,215.4499969482422,200.10000610351562,202.10000610351562,200.93569946289062,821973
2022-04-08,203.14999389648438,206.89999389648438,201.75,203.5500030517578,202.37734985351562,315625
2022-04-11,204.8000030517578,209.6999969482422,203.64999389648438,205.39999389648438,204.2166748046875,407820
2022-04-12,206.39999389648438,206.75,201.3000030517578,203.85000610351562,202.6756134033203,185309
2022-04-13,204.85000610351562,213.0,204.8000030517578,206.14999389648438,204.9623565673828,441927
2022-04-18,205.9499969482422,211.14999389648438,204.1999969482422,206.89999389648438,205.70803833007812,367118
2022-04-19,208.0,215.4499969482422,201.14999389648438,204.1999969482422,203.02359008789062,625585
2022-04-20,206.0,212.25,201.1999969482422,201.9499969482422,200.78656005859375,668168
2022-04-21,202.10000610351562,207.6999969482422,198.10000610351562,199.85000610351562,198.6986541748047,311521
2022-04-22,199.0,210.0,198.3000030517578,199.85000610351562,198.6986541748047,973246
2022-04-25,200.25,204.75,195.75,197.3000030517578,196.16334533691406,403881
2022-04-26,199.8000030517578,204.0,197.89999389648438,202.64999389648438,201.48252868652344,502849
2022-04-27,199.75,203.0,195.10000610351562,197.3000030517578,196.16334533691406,188856
2022-04-28,198.89999389648438,200.75,196.0500030517578,198.60000610351562,197.45587158203125,141105
2022-04-29,198.89999389648438,200.64999389648438,191.0500030517578,192.85000610351562,191.73899841308594,223664
2022-05-02,191.85000610351562,194.60000610351562,189.0,193.3000030517578,192.18638610839844,136772
2022-05-04,193.39999389648438,203.0,188.6999969482422,190.8000030517578,189.70079040527344,597630
2022-05-05,194.75,197.25,185.35000610351562,186.60000610351562,185.52500915527344,138960
2022-05-06,181.10000610351562,187.89999389648438,181.10000610351562,184.4499969482422,183.3873748779297,155986
2022-05-09,184.4499969482422,185.5,177.0500030517578,178.6999969482422,177.67051696777344,253865
2022-05-10,176.0,182.9499969482422,175.0,177.1999969482422,176.1791534423828,354027
2022-05-11,178.10000610351562,179.89999389648438,162.0,172.35000610351562,171.3571014404297,318428
2022-05-12,168.0,183.89999389648438,167.85000610351562,179.14999389648438,178.11790466308594,404464
2022-05-13,184.60000610351562,184.60000610351562,172.5,173.64999389648438,172.6495819091797,515960
2022-05-16,175.0,180.10000610351562,168.64999389648438,173.85000610351562,172.84844970703125,622454
2022-05-17,174.75,182.89999389648438,173.89999389648438,179.4499969482422,178.4161834716797,397759
2022-05-18,184.75,184.75,174.0500030517578,178.39999389648438,177.37222290039062,391437
2022-05-19,175.9499969482422,179.89999389648438,173.0,175.35000610351562,174.33981323242188,240248
2022-05-20,178.89999389648438,184.6999969482422,178.10000610351562,179.10000610351562,178.06820678710938,411173
2022-05-23,182.14999389648438,183.89999389648438,175.8000030517578,178.85000610351562,177.81964111328125,340847
2022-05-24,177.89999389648438,184.0,177.35000610351562,179.4499969482422,178.4161834716797,356033
2022-05-25,181.35000610351562,182.25,176.3000030517578,179.0500030517578,178.01849365234375,250444
2022-05-26,178.8000030517578,190.89999389648438,178.10000610351562,185.39999389648438,184.33189392089844,1130596
2022-05-27,184.6999969482422,185.6999969482422,171.85000610351562,175.64999389648438,174.63807678222656,374370
2022-05-30,175.1999969482422,177.0500030517578,172.5500030517578,175.60000610351562,174.58836364746094,267694
2022-05-31,174.0,179.8000030517578,168.75,170.3000030517578,169.31890869140625,1322463
2022-06-01,170.3000030517578,172.89999389648438,166.10000610351562,168.3000030517578,167.33042907714844,227267
2022-06-02,169.10000610351562,172.0,166.5500030517578,171.14999389648438,170.1639862060547,174260
2022-06-03,172.0,174.25,167.0500030517578,168.4499969482422,167.47955322265625,164473
2022-06-06,169.8000030517578,170.89999389648438,162.0500030517578,163.85000610351562,162.9060516357422,297354
2022-06-07,163.85000610351562,167.4499969482422,159.75,165.14999389648438,164.1985626220703,163226
2022-06-08,165.25,166.6999969482422,161.25,162.60000610351562,161.66326904296875,142547
2022-06-09,160.14999389648438,167.4499969482422,160.14999389648438,166.6999969482422,165.73963928222656,180067
2022-06-10,165.0,165.0,162.64999389648438,163.5500030517578,162.6077880859375,57678
2022-06-13,161.60000610351562,161.64999389648438,152.85000610351562,155.25,154.35560607910156,166274
2022-06-14,155.25,159.4499969482422,153.25,155.85000610351562,154.9521484375,181787
2022-06-15,156.0,160.64999389648438,155.1999969482422,158.60000610351562,157.68630981445312,155835
2022-06-16,158.60000610351562,161.9499969482422,150.0,152.5,151.62144470214844,150773
2022-06-17,150.10000610351562,161.4499969482422,147.25,158.8000030517578,157.88514709472656,397366
2022-06-20,156.14999389648438,160.0,154.10000610351562,156.25,155.34983825683594,200413
2022-06-21,156.25,158.5500030517578,155.0500030517578,157.5,156.59263610839844,93775
2022-06-22,157.0,158.60000610351562,150.10000610351562,151.25,150.37864685058594,99739
2022-06-23,151.25,179.6999969482422,151.25,158.89999389648438,157.9845733642578,6538911
2022-06-24,157.89999389648438,162.25,153.75,157.0500030517578,156.14523315429688,1141747
2022-06-27,160.0,161.0,156.89999389648438,157.85000610351562,156.9406280517578,302276
2022-06-28,156.9499969482422,157.8000030517578,155.10000610351562,155.75,154.85272216796875,138264
2022-06-29,154.0,161.6999969482422,154.0,157.4499969482422,156.5429229736328,356828
2022-06-30,157.0,159.4499969482422,155.0,156.35000610351562,155.4492645263672,182252
2022-07-01,154.14999389648438,157.64999389648438,154.0500030517578,155.39999389648438,154.50473022460938,126459
2022-07-04,156.4499969482422,158.5500030517578,153.1999969482422,154.1999969482422,153.3116455078125,103597
2022-07-05,155.35000610351562,162.39999389648438,154.85000610351562,159.25,158.33255004882812,306902
2022-07-06,159.0,161.89999389648438,156.64999389648438,160.1999969482422,159.27706909179688,110226
2022-07-07,161.4499969482422,166.4499969482422,159.5,164.64999389648438,163.70144653320312,495687
2022-07-08,166.89999389648438,166.9499969482422,160.85000610351562,162.85000610351562,161.9118194580078,603354
2022-07-11,162.6999969482422,163.89999389648438,160.4499969482422,161.0500030517578,160.1221923828125,114247
2022-07-12,160.8000030517578,162.0,158.8000030517578,160.39999389648438,159.47592163085938,129481
2022-07-13,161.5,162.14999389648438,155.75,157.4499969482422,156.5429229736328,134607
2022-07-14,157.5,159.4499969482422,155.25,157.0,156.09552001953125,67966
2022-07-15,156.89999389648438,158.39999389648438,154.0500030517578,155.5500030517578,154.65386962890625,69549
2022-07-18,156.85000610351562,160.25,156.60000610351562,157.5500030517578,156.64236450195312,71819
2022-07-19,158.0,159.75,157.35000610351562,158.1999969482422,157.28860473632812,53512
2022-07-20,159.5500030517578,170.35000610351562,159.0500030517578,167.9499969482422,166.98243713378906,1462806
2022-07-21,167.0,173.8000030517578,165.3000030517578,172.8000030517578,171.80450439453125,623286
2022-07-22,171.60000610351562,175.0,169.0500030517578,172.1999969482422,171.20794677734375,338878
2022-07-25,173.0,177.14999389648438,168.25,173.5,172.50047302246094,333544
2022-07-26,173.0,179.85000610351562,171.10000610351562,176.85000610351562,175.8311767578125,395886
2022-07-27,175.5500030517578,181.0,169.60000610351562,171.1999969482422,170.21371459960938,340506
2022-07-28,172.5,174.60000610351562,168.5500030517578,170.1999969482422,169.21946716308594,153480
2022-07-29,174.5,174.5,165.0500030517578,170.85000610351562,169.86573791503906,220424
2022-08-01,172.1999969482422,183.5,172.0,180.9499969482422,179.90753173828125,455617
2022-08-02,195.35000610351562,205.9499969482422,190.60000610351562,192.9499969482422,191.83840942382812,4233144
2022-08-03,193.6999969482422,195.0,186.4499969482422,189.60000610351562,188.50772094726562,458947
2022-08-04,192.4499969482422,194.10000610351562,182.1999969482422,186.4499969482422,185.3758544921875,319226
2022-08-05,189.1999969482422,193.0,187.5,189.3000030517578,188.20944213867188,335324
2022-08-08,191.89999389648438,197.75,189.75,192.60000610351562,191.4904327392578,606831
2022-08-10,193.8000030517578,197.64999389648438,193.14999389648438,194.9499969482422,193.82688903808594,412618
2022-08-11,195.89999389648438,198.60000610351562,192.0,193.5500030517578,193.12841796875,243564
2022-08-12,193.5,194.39999389648438,188.10000610351562,189.6999969482422,189.2867889404297,147817
2022-08-16,190.89999389648438,196.0,189.8000030517578,194.0,193.57742309570312,188358
2022-08-17,194.89999389648438,198.0,193.64999389648438,196.4499969482422,196.0220947265625,167855
2022-08-18,197.0,200.0,195.5500030517578,198.39999389648438,197.96783447265625,252242
2022-08-19,198.9499969482422,200.0,195.0,197.5,197.06980895996094,228194
2022-08-22,197.3000030517578,202.0,194.5500030517578,198.0500030517578,197.6186065673828,404057
2022-08-23,195.3000030517578,203.39999389648438,193.39999389648438,200.89999389648438,200.46240234375,372691
2022-08-24,200.8000030517578,203.0,198.85000610351562,199.75,199.31491088867188,122741
2022-08-25,201.3000030517578,204.85000610351562,200.25,202.60000610351562,202.15870666503906,213715
2022-08-26,203.6999969482422,207.5,199.10000610351562,200.1999969482422,199.763916015625,316745
2022-08-29,194.0,204.0,194.0,197.39999389648438,196.9700164794922,383645
2022-08-30,198.5,210.0,198.5,204.9499969482422,204.50357055664062,1463990
2022-09-01,204.9499969482422,211.0,204.9499969482422,209.85000610351562,209.39291381835938,602471
2022-09-02,210.60000610351562,215.4499969482422,208.6999969482422,213.9499969482422,213.48397827148438,626479
2022-09-05,224.0,242.8000030517578,218.0,231.25,230.7462921142578,10756251
2022-09-06,234.1999969482422,235.3000030517578,216.0500030517578,217.89999389648438,217.4253692626953,1951522
2022-09-07,218.3000030517578,225.0,216.10000610351562,217.9499969482422,217.4752655029297,1492673
2022-09-08,220.0,221.85000610351562,214.60000610351562,216.64999389648438,216.17808532714844,578903
2022-09-09,218.39999389648438,223.5,216.14999389648438,221.0500030517578,220.56851196289062,690219
2022-09-12,224.0,226.0500030517578,218.0,219.35000610351562,218.87222290039062,1862213
2022-09-13,221.5,222.35000610351562,218.5,219.5,219.02188110351562,346849
2022-09-14,217.0,222.89999389648438,216.64999389648438,221.10000610351562,220.618408203125,325939
2022-09-15,222.0,226.9499969482422,219.75,220.39999389648438,219.919921875,1069379
2022-09-16,221.0,229.6999969482422,219.5500030517578,222.89999389648438,222.4144744873047,1106214
2022-09-19,225.60000610351562,242.0,222.8000030517578,238.39999389648438,237.88070678710938,2289517
2022-09-20,243.75,244.4499969482422,228.0,228.9499969482422,228.4512939453125,1516996
2022-09-21,240.3000030517578,248.8000030517578,228.6999969482422,231.39999389648438,230.89596557617188,6217709
2022-09-22,239.75,245.5,228.10000610351562,229.1999969482422,228.7007598876953,5629356
2022-09-23,231.5,234.8000030517578,227.0,232.10000610351562,231.59445190429688,1324462
2022-09-26,231.0,236.10000610351562,221.39999389648438,232.75,232.24302673339844,3134512
2022-09-27,236.1999969482422,238.0,228.64999389648438,230.0,229.4990234375,799757
2022-09-28,227.10000610351562,234.8000030517578,227.10000610351562,231.0500030517578,230.54673767089844,952492
2022-09-29,234.89999389648438,241.0,230.10000610351562,232.14999389648438,231.6443328857422,1474520
2022-09-30,232.0,236.9499969482422,231.9499969482422,234.89999389648438,234.38833618164062,782438
2022-10-03,235.0,262.45001220703125,234.89999389648438,255.5,254.94346618652344,7747389
2022-10-04,262.0,272.0,254.35000610351562,269.1499938964844,268.563720703125,5054241
2022-10-06,265.54998779296875,267.6000061035156,256.5,259.0,258.43585205078125,2100701
2022-10-07,260.3999938964844,261.6000061035156,249.4499969482422,253.5500030517578,252.9977264404297,1256785
2022-10-10,250.3000030517578,266.95001220703125,248.5,260.54998779296875,259.9824523925781,2541490
2022-10-11,261.79998779296875,265.3500061035156,252.6999969482422,254.1999969482422,253.64630126953125,987079
2022-10-12,255.5,269.3999938964844,253.0500030517578,266.29998779296875,265.7199401855469,2314719
2022-10-13,267.3999938964844,267.6000061035156,256.5,257.5,256.9391174316406,856454
2022-10-14,262.0,266.20001220703125,261.0,263.79998779296875,263.2253723144531,653568
2022-10-17,264.0,271.3500061035156,261.6000061035156,268.54998779296875,267.96502685546875,1600395
2022-10-18,272.25,277.8999938964844,264.0,264.79998779296875,264.22320556640625,1680175
2022-10-19,266.70001220703125,274.95001220703125,263.29998779296875,269.04998779296875,268.4639587402344,1461408
2022-10-20,268.45001220703125,274.0,266.0,272.3999938964844,271.806640625,615284
2022-10-21,275.5,290.0,274.3999938964844,286.79998779296875,286.17529296875,2347567
2022-10-24,292.79998779296875,294.5,276.79998779296875,283.6000061035156,282.9822692871094,459457
2022-10-25,284.0,295.45001220703125,280.54998779296875,289.75,289.1188659667969,1263375
2022-10-27,295.0,302.79998779296875,286.8999938964844,300.29998779296875,299.6458740234375,1748503
2022-10-28,300.5,305.5,286.3500061035156,289.75,289.1188659667969,1192642
2022-10-31,300.0,301.3500061035156,279.0,279.79998779296875,279.1905212402344,1390607
2022-11-01,281.20001220703125,282.75,271.1000061035156,277.6000061035156,276.9953308105469,772045
2022-11-02,279.0,286.75,276.5,283.25,282.6330261230469,996786
2022-11-03,281.95001220703125,289.45001220703125,276.70001220703125,281.45001220703125,280.83697509765625,1079582
2022-11-04,283.3999938964844,287.70001220703125,281.20001220703125,285.3999938964844,284.7783508300781,528405
2022-11-07,288.70001220703125,293.8500061035156,286.3999938964844,288.1000061035156,287.47247314453125,940881
2022-11-09,288.1000061035156,294.79998779296875,285.6000061035156,287.6499938964844,287.0234375,631257
2022-11-10,287.0,291.75,278.54998779296875,279.95001220703125,279.3402404785156,492676
2022-11-11,283.70001220703125,284.5,270.45001220703125,272.20001220703125,271.60711669921875,481011
2022-11-14,271.29998779296875,278.0,270.20001220703125,273.79998779296875,273.20361328125,407640
2022-11-15,275.20001220703125,284.70001220703125,275.0,281.6499938964844,281.0364990234375,501826
2022-11-16,283.20001220703125,287.3999938964844,281.3500061035156,285.6000061035156,284.9779052734375,514147
2022-11-17,284.79998779296875,289.6499938964844,275.54998779296875,276.6499938964844,276.0473937988281,542614
2022-11-18,278.0,293.0,277.20001220703125,289.75,289.1188659667969,752372
2022-11-21,291.0,291.70001220703125,279.3500061035156,282.54998779296875,281.9345397949219,476405
2022-11-22,283.79998779296875,288.5,278.3999938964844,281.6499938964844,281.0364990234375,403957
2022-11-23,283.1000061035156,285.25,275.1000061035156,276.29998779296875,275.6981506347656,325810
2022-11-24,281.0,282.0,277.0,278.1499938964844,277.54412841796875,456375
2022-11-25,278.95001220703125,278.95001220703125,274.5,275.6000061035156,274.99969482421875,267392
2022-11-28,276.0,277.3999938964844,272.6499938964844,275.5,274.89990234375,304483
2022-11-29,276.8999938964844,282.29998779296875,276.04998779296875,280.29998779296875,279.689453125,475785
2022-11-30,281.70001220703125,289.5,280.5,286.95001220703125,286.3249816894531,940036
2022-12-01,290.3999938964844,294.95001220703125,287.0,293.5,292.8606872558594,894118
2022-12-02,291.8999938964844,302.0,288.20001220703125,290.20001220703125,289.5679016113281,766656
2022-12-05,291.8500061035156,293.5,286.45001220703125,288.45001220703125,287.82171630859375,261279
2022-12-06,288.70001220703125,291.0,281.3500061035156,286.5,285.8759460449219,268370
2022-12-07,287.6499938964844,291.95001220703125,285.1000061035156,288.20001220703125,287.572265625,279813
2022-12-08,289.5,301.6000061035156,288.25,299.8999938964844,299.24676513671875,1467946
2022-12-09,302.79998779296875,307.6000061035156,286.25,291.54998779296875,290.9149475097656,1584890
2022-12-12,292.8999938964844,298.79998779296875,291.6499938964844,294.1000061035156,293.45941162109375,458918
2022-12-13,295.45001220703125,297.5,291.79998779296875,294.5,293.8585205078125,279312
2022-12-14,294.95001220703125,308.5,293.8500061035156,304.25,303.5872802734375,1385461
2022-12-15,306.79998779296875,309.3500061035156,296.1000061035156,297.79998779296875,297.1513366699219,554226
2022-12-16,298.29998779296875,302.29998779296875,290.29998779296875,294.20001220703125,293.5591735839844,394381
2022-12-19,296.20001220703125,300.8999938964844,293.0,294.8500061035156,294.207763671875,464668
2022-12-20,295.20001220703125,300.75,292.0,299.3999938964844,298.7478332519531,430120
2022-12-21,301.79998779296875,304.29998779296875,283.04998779296875,285.6499938964844,285.0278015136719,432252
2022-12-22,279.95001220703125,279.95001220703125,260.1499938964844,265.79998779296875,265.2210388183594,1207494
2022-12-23,258.45001220703125,263.75,250.0,251.60000610351562,251.05197143554688,451828
2022-12-26,250.0,271.5,248.35000610351562,269.3999938964844,268.8132019042969,859985
2022-12-27,270.75,275.3999938964844,266.79998779296875,272.6000061035156,272.0062255859375,287519
2022-12-28,273.79998779296875,273.79998779296875,262.04998779296875,263.95001220703125,263.3750915527344,415590
2022-12-29,264.3999938964844,269.3500061035156,255.0,258.70001220703125,258.1365051269531,307786
2022-12-30,260.70001220703125,266.70001220703125,259.0,260.25,259.6831359863281,316251
2023-01-02,261.6000061035156,261.8999938964844,243.85000610351562,249.5500030517578,249.00643920898438,1176914
2023-01-03,250.0,251.8000030517578,241.60000610351562,244.6999969482422,244.1669921875,1219085
2023-01-04,243.10000610351562,248.6999969482422,243.0,246.60000610351562,246.0628662109375,643374
2023-01-05,249.1999969482422,250.0,242.5,244.60000610351562,244.0672149658203,387786
2023-01-06,245.85000610351562,255.0,243.9499969482422,253.75,253.19728088378906,992892
2023-01-09,254.89999389648438,260.5,254.1999969482422,259.70001220703125,259.13433837890625,1047934
2023-01-10,259.5,263.79998779296875,254.1999969482422,259.79998779296875,259.2341003417969,491447
2023-01-11,261.3999938964844,265.8500061035156,258.04998779296875,264.6499938964844,264.07354736328125,478700
2023-01-12,269.0,275.8999938964844,268.29998779296875,274.25,273.6526184082031,1779656
2023-01-13,274.6499938964844,278.3500061035156,272.3999938964844,274.54998779296875,273.95196533203125,545729
2023-01-16,274.8999938964844,297.8999938964844,274.79998779296875,292.95001220703125,292.3119201660156,1116867
2023-01-17,294.0,294.0,286.5,290.45001220703125,289.8173522949219,579030
2023-01-18,290.5,302.3500061035156,283.5,289.04998779296875,288.4203796386719,826436
2023-01-19,289.04998779296875,290.0,277.0,279.6499938964844,279.0408630371094,488940
2023-01-20,280.0,290.54998779296875,272.54998779296875,274.6499938964844,274.0517578125,785350
2023-01-23,276.04998779296875,281.25,269.04998779296875,275.70001220703125,275.0994873046875,362320
2023-01-24,278.20001220703125,281.8999938964844,269.29998779296875,275.75,275.14935302734375,679253
2023-01-25,276.5,278.5,270.04998779296875,272.8500061035156,272.25567626953125,241513
2023-01-27,274.95001220703125,278.54998779296875,272.1000061035156,273.6000061035156,273.0040588378906,406783
2023-01-30,275.0,278.8999938964844,259.04998779296875,264.5,263.9238586425781,538983
2023-01-31,265.6499938964844,275.0,262.0,271.25,270.6591796875,744438
2023-02-01,273.1000061035156,284.8999938964844,261.0,267.6499938964844,267.0669860839844,975101
2023-02-02,267.6499938964844,271.75,259.04998779296875,261.1000061035156,260.5312805175781,857986
2023-02-03,264.0,269.6000061035156,261.20001220703125,264.1499938964844,263.5746154785156,488595
2023-02-06,264.1499938964844,269.0,261.6499938964844,263.8999938964844,263.3251647949219,1457623
2023-02-07,265.0,302.0,265.0,278.70001220703125,278.09295654296875,5397792
2023-02-08,280.70001220703125,291.25,278.75,284.75,284.1297607421875,1262908
2023-02-09,286.0,286.29998779296875,280.1000061035156,283.8500061035156,283.2317199707031,284973
2023-02-10,283.75,289.3500061035156,278.1000061035156,280.8500061035156,280.2382507324219,1294820
2023-02-13,282.3999938964844,284.5,275.1499938964844,282.3999938964844,281.7848815917969,342182
2023-02-14,282.0,301.5,278.0,282.6000061035156,281.98443603515625,2986304
2023-02-15,283.1000061035156,292.6499938964844,281.6000061035156,289.75,289.1188659667969,897898
2023-02-16,291.20001220703125,294.5,287.5,291.79998779296875,291.1643981933594,365220
2023-02-17,292.20001220703125,297.3500061035156,283.3999938964844,284.3999938964844,283.780517578125,728305
2023-02-20,285.8500061035156,305.8999938964844,284.95001220703125,299.8500061035156,299.1968688964844,3261690
2023-02-21,301.20001220703125,310.54998779296875,298.1000061035156,306.20001220703125,305.5330505371094,2276659
2023-02-22,308.0,312.6499938964844,301.79998779296875,304.29998779296875,303.6371765136719,1910813
2023-02-23,304.29998779296875,305.20001220703125,293.29998779296875,297.25,296.6025390625,1026058
2023-02-24,298.6000061035156,301.45001220703125,290.0,292.0,291.36395263671875,864790
2023-02-27,292.0,311.8999938964844,290.8999938964844,300.6499938964844,299.9951171875,3439061
2023-02-28,302.8999938964844,330.0,302.20001220703125,317.54998779296875,316.8583068847656,11175329
2023-03-01,320.29998779296875,368.5,317.6499938964844,344.8999938964844,344.14874267578125,10371990
2023-03-02,342.6499938964844,342.6499938964844,319.04998779296875,321.70001220703125,320.9992980957031,4939782
2023-03-03,324.0,333.3999938964844,315.0,322.95001220703125,322.2465515136719,4370055
2023-03-06,326.8500061035156,338.0,325.6000061035156,334.54998779296875,333.8212585449219,2897349
2023-03-08,333.0,344.79998779296875,331.0,336.6000061035156,335.8668212890625,2353310
2023-03-09,337.0,339.0,331.1000061035156,335.5,334.76922607421875,1224524
2023-03-10,335.0,349.3500061035156,332.5,339.6499938964844,338.91015625,2560021
2023-03-13,340.79998779296875,342.79998779296875,330.3500061035156,332.70001220703125,331.975341796875,1358040
2023-03-14,332.0,334.0,311.54998779296875,315.45001220703125,314.7629089355469,1409352
2023-03-15,320.04998779296875,324.5,306.0,309.1000061035156,308.4267272949219,1880256
2023-03-16,310.5,311.95001220703125,295.20001220703125,299.5,298.8476257324219,1709998
2023-03-17,303.70001220703125,310.8500061035156,297.3500061035156,300.8500061035156,300.1947021484375,5539920
2023-03-20,300.8500061035156,311.75,295.0,297.3999938964844,296.752197265625,2080507
2023-03-21,299.6000061035156,306.70001220703125,291.3500061035156,295.0,294.357421875,976018
2023-03-22,296.25,304.95001220703125,296.1000061035156,301.0,300.3443603515625,1240756
2023-03-23,301.70001220703125,317.20001220703125,301.0,314.6499938964844,313.9646301269531,2699737
2023-03-24,315.79998779296875,318.1499938964844,304.0,308.75,308.0774841308594,950653
2023-03-27,310.70001220703125,312.70001220703125,303.8999938964844,310.1000061035156,309.424560546875,484571
2023-03-28,312.0,313.25,304.70001220703125,308.75,308.0774841308594,354815
2023-03-29,308.75,324.8999938964844,308.04998779296875,321.3500061035156,320.6500549316406,783270
2023-03-31,325.04998779296875,335.75,321.6499938964844,333.1499938964844,332.42431640625,1166456
2023-04-03,337.5,341.0,320.1499938964844,325.75,325.04046630859375,1319354
2023-04-05,328.3999938964844,337.70001220703125,325.3500061035156,333.3500061035156,332.6239013671875,1169249
2023-04-06,333.3500061035156,334.5,326.3999938964844,327.0,326.2877197265625,1172378
2023-04-10,328.29998779296875,334.0,323.5,332.1000061035156,331.3766174316406,377251
2023-04-11,334.0,342.3500061035156,331.70001220703125,338.20001220703125,337.4633483886719,924452
2023-04-12,339.5,348.5,337.25,344.0,343.2507019042969,940580
2023-04-13,345.75,345.75,338.3500061035156,341.3999938964844,340.6563720703125,733942
2023-04-17,341.25,342.20001220703125,326.5,334.54998779296875,333.8212585449219,784022
2023-04-18,336.0,337.3999938964844,330.8999938964844,334.0,333.2724914550781,652884
2023-04-19,334.95001220703125,339.04998779296875,331.1000061035156,337.8999938964844,337.1639709472656,492391
2023-04-20,339.0,345.5,335.79998779296875,342.20001220703125,341.4546203613281,985475
2023-04-21,341.79998779296875,352.20001220703125,340.1499938964844,343.25,342.5023498535156,1476796
2023-04-24,343.95001220703125,344.75,333.1499938964844,339.3999938964844,338.66070556640625,607248
2023-04-25,340.20001220703125,344.8999938964844,335.04998779296875,341.20001220703125,340.4568176269531,415295
2023-04-26,342.54998779296875,374.54998779296875,338.3500061035156,367.54998779296875,366.7493896484375,2978210
2023-04-27,371.0,395.0,358.0,365.0,364.2049560546875,4171789
2023-04-28,366.8500061035156,371.0,359.6499938964844,365.29998779296875,364.5043029785156,1335531
2023-05-02,367.1499938964844,369.0,348.5,349.95001220703125,349.187744140625,1279015
2023-05-03,350.04998779296875,353.20001220703125,337.0,342.6000061035156,341.853759765625,1131596
2023-05-04,344.3500061035156,358.79998779296875,343.04998779296875,356.20001220703125,355.42413330078125,1120880
2023-05-05,356.0,360.3500061035156,348.3999938964844,357.45001220703125,356.6714172363281,646180
2023-05-08,359.25,393.0,358.04998779296875,388.0,387.15484619140625,2881115
2023-05-09,388.0,401.95001220703125,383.29998779296875,386.79998779296875,385.95745849609375,1864488
2023-05-10,386.29998779296875,398.1499938964844,381.6000061035156,392.95001220703125,392.0940856933594,1402590
2023-05-11,394.95001220703125,409.54998779296875,389.45001220703125,405.54998779296875,404.6666259765625,1060941
2023-05-12,402.04998779296875,422.8999938964844,395.5,400.6499938964844,399.7773132324219,2164864
2023-05-15,400.0,400.8999938964844,393.0,395.1000061035156,394.2394104003906,379943
2023-05-16,397.45001220703125,401.75,382.0,384.29998779296875,383.4629211425781,902658
2023-05-17,400.0,407.95001220703125,382.29998779296875,398.3500061035156,397.4823303222656,4510618
2023-05-18,400.3500061035156,400.3500061035156,387.1499938964844,390.20001220703125,389.3500671386719,1525525
2023-05-19,391.1499938964844,392.0,375.8500061035156,377.45001220703125,376.62786865234375,738500
2023-05-22,379.25,403.0,378.8500061035156,401.04998779296875,400.1764221191406,1427371
2023-05-23,400.6499938964844,409.0,398.0,399.79998779296875,398.92913818359375,945014
2023-05-24,400.0,405.5,397.04998779296875,403.04998779296875,402.17205810546875,550541
2023-05-25,404.0,404.75,391.5,394.04998779296875,393.1916809082031,833994
2023-05-26,394.95001220703125,403.0,394.95001220703125,400.04998779296875,399.1785888671875,578588
2023-05-29,403.70001220703125,403.70001220703125,386.0,389.8500061035156,389.0008239746094,617795
2023-05-30,391.3999938964844,403.5,382.70001220703125,385.04998779296875,384.2112731933594,843380
2023-05-31,385.0,404.70001220703125,381.0,399.5,398.62982177734375,2017704
2023-06-01,394.0,395.8500061035156,388.1499938964844,391.45001220703125,390.59735107421875,493908
2023-06-02,393.1499938964844,397.5,387.0,388.3999938964844,387.5539855957031,521913
2023-06-05,390.6000061035156,394.54998779296875,382.1499938964844,385.20001220703125,384.3609619140625,470970
2023-06-06,386.54998779296875,402.8500061035156,386.0,399.8500061035156,398.97906494140625,1106796
2023-06-07,405.0,409.0,400.1000061035156,406.8999938964844,406.0137023925781,1049097
2023-06-08,409.0,414.79998779296875,401.0,412.25,411.35205078125,1247962
2023-06-09,414.3999938964844,420.0,413.1000061035156,417.70001220703125,416.7901916503906,858261
2023-06-12,417.70001220703125,419.6499938964844,397.0,401.29998779296875,400.4258728027344,784982
2023-06-13,402.79998779296875,416.0,399.54998779296875,414.70001220703125,413.7967224121094,823417
2023-06-14,416.6000061035156,417.70001220703125,404.3999938964844,410.3500061035156,409.4561767578125,621749
2023-06-15,412.3999938964844,415.0,404.04998779296875,413.79998779296875,412.8986511230469,402951
2023-06-16,410.0,425.0,410.0,423.1000061035156,422.17840576171875,1045977
2023-06-19,425.1000061035156,430.5,405.0,407.95001220703125,407.0614318847656,1117816
2023-06-20,410.54998779296875,412.8999938964844,401.1499938964844,409.95001220703125,409.05706787109375,591914
2023-06-21,413.20001220703125,413.6000061035156,398.6000061035156,406.95001220703125,406.0635986328125,936480
2023-06-22,407.79998779296875,409.45001220703125,390.0,391.8999938964844,391.0463562011719,1241006
2023-06-23,394.0,404.0,393.3500061035156,402.6000061035156,401.7230529785156,1017267
2023-06-26,405.25,406.6000061035156,399.04998779296875,404.25,403.3694763183594,311699
2023-06-27,403.3999938964844,405.20001220703125,398.0,399.79998779296875,398.92913818359375,618539
2023-06-28,399.0,405.54998779296875,399.0,402.25,401.3738098144531,466745
2023-06-30,404.8500061035156,408.95001220703125,399.0,406.75,405.864013671875,750036
2023-07-03,406.5,408.79998779296875,398.04998779296875,400.20001220703125,399.32830810546875,349195
2023-07-04,402.8500061035156,405.95001220703125,397.0,398.04998779296875,397.1829528808594,350153
2023-07-05,399.6499938964844,403.5,396.5,398.5,397.6319885253906,170973
2023-07-06,401.45001220703125,401.45001220703125,394.54998779296875,395.6000061035156,394.7383117675781,576705
2023-07-07,395.6000061035156,405.5,395.6000061035156,404.25,403.3694763183594,529745
2023-07-10,404.6000061035156,408.20001220703125,398.1000061035156,401.1000061035156,400.226318359375,256984
2023-07-11,403.29998779296875,406.20001220703125,385.1499938964844,389.8500061035156,389.0008239746094,1420838
2023-07-12,391.8500061035156,403.8999938964844,391.04998779296875,394.45001220703125,393.5908203125,877399
2023-07-13,397.8999938964844,405.25,396.0,402.25,401.3738098144531,876043
2023-07-14,398.0,400.0,392.20001220703125,395.25,394.3890686035156,555709
2023-07-17,394.5,396.8500061035156,387.70001220703125,389.1499938964844,388.3023376464844,537261
2023-07-18,392.8999938964844,402.5,392.0,399.75,398.8792724609375,701282
2023-07-19,401.54998779296875,405.29998779296875,398.3500061035156,399.8999938964844,399.0289306640625,218925
2023-07-20,401.20001220703125,406.0,398.04998779296875,404.79998779296875,403.9182434082031,487673
2023-07-21,404.75,414.8999938964844,403.3999938964844,406.1499938964844,405.26531982421875,555232
2023-07-24,408.6000061035156,412.1499938964844,398.6499938964844,400.0,399.12872314453125,352419
2023-07-25,401.6000061035156,407.6499938964844,401.6000061035156,404.0,403.1199951171875,527398
2023-07-26,402.0,405.8999938964844,399.3500061035156,404.79998779296875,403.9182434082031,206004
2023-07-27,407.0,408.6499938964844,399.45001220703125,400.3500061035156,399.47796630859375,234203
2023-07-28,400.29998779296875,401.95001220703125,396.79998779296875,398.70001220703125,397.8315734863281,134312
2023-07-31,400.5,402.70001220703125,398.25,400.0,399.12872314453125,151000
2023-08-01,402.70001220703125,404.95001220703125,391.0,393.25,392.3934326171875,804623
2023-08-02,400.0,417.8999938964844,390.5,398.3999938964844,397.5321960449219,3147289
2023-08-03,398.3999938964844,403.3999938964844,394.70001220703125,399.6499938964844,398.77947998046875,451349
2023-08-04,403.20001220703125,403.20001220703125,395.1000061035156,396.70001220703125,395.8359375,298313
2023-08-07,399.5,400.29998779296875,392.3999938964844,394.70001220703125,393.84027099609375,603859
2023-08-08,397.0,400.25,395.54998779296875,397.1000061035156,396.23504638671875,240747
2023-08-09,397.5,402.6499938964844,396.6499938964844,397.6499938964844,396.7838439941406,324284
2023-08-10,398.1499938964844,403.45001220703125,398.1499938964844,399.0,398.1308898925781,231630
2023-08-11,399.95001220703125,403.04998779296875,397.79998779296875,399.95001220703125,399.078857421875,338403
2023-08-14,400.8999938964844,402.45001220703125,388.29998779296875,389.0,388.1526794433594,401623
2023-08-16,390.8999938964844,395.0,390.1000061035156,392.95001220703125,392.0940856933594,206181
2023-08-17,397.79998779296875,397.79998779296875,378.1000061035156,380.1000061035156,379.2720642089844,640462
2023-08-18,380.8999938964844,384.70001220703125,375.0,378.3500061035156,377.52587890625,299800
2023-08-21,375.0,377.8999938964844,360.1499938964844,371.20001220703125,370.3914794921875,999771
2023-08-22,370.75,379.70001220703125,370.54998779296875,374.79998779296875,373.9836120605469,354728
2023-08-23,375.0,379.0,372.0,374.5,373.68426513671875,374988
2023-08-24,375.1499938964844,391.29998779296875,375.1499938964844,386.8999938964844,386.0572509765625,1632116
2023-08-25,387.8999938964844,392.79998779296875,385.29998779296875,388.29998779296875,387.4541931152344,2025260
2023-08-28,391.5,394.70001220703125,384.04998779296875,386.6499938964844,385.80780029296875,309268
2023-08-29,386.0,393.5,385.0,389.8500061035156,389.0008239746094,316000
2023-08-30,389.8500061035156,392.75,385.3999938964844,387.04998779296875,386.2069091796875,340120
2023-08-31,387.04998779296875,394.70001220703125,382.0,391.45001220703125,390.59735107421875,801172
2023-09-01,395.0,398.1000061035156,386.04998779296875,389.3500061035156,388.5019226074219,403407
2023-09-04,391.95001220703125,392.8999938964844,386.70001220703125,388.6000061035156,387.7535705566406,308763
2023-09-05,388.54998779296875,397.0,387.20001220703125,389.29998779296875,388.4520263671875,644306
2023-09-06,391.8999938964844,393.0,388.0,390.75,389.89886474609375,245787
2023-09-07,392.8999938964844,414.0,388.79998779296875,406.25,405.3651123046875,1078425
2023-09-08,410.6000061035156,415.20001220703125,400.29998779296875,403.20001220703125,402.32177734375,734028
2023-09-11,406.79998779296875,421.0,403.0,413.04998779296875,412.1502990722656,1516727
2023-09-12,415.0,416.8999938964844,395.3999938964844,401.20001220703125,400.32611083984375,697777
2023-09-13,402.0,405.0,388.0,393.0,392.14398193359375,590034
2023-09-14,394.8500061035156,407.8999938964844,394.0,398.70001220703125,397.8315734863281,317659
2023-09-15,413.0,444.3500061035156,403.0,433.3500061035156,432.4060974121094,2797217
2023-09-18,442.0,449.3500061035156,430.3500061035156,432.70001220703125,431.75750732421875,2723990
2023-09-20,432.70001220703125,453.95001220703125,425.70001220703125,435.0,434.052490234375,2060629
2023-09-21,436.0,437.6499938964844,418.0,419.1000061035156,418.1871337890625,697429
2023-09-22,422.0,422.20001220703125,406.1499938964844,411.04998779296875,410.1546325683594,828353
2023-09-25,414.5,414.8999938964844,407.20001220703125,408.6499938964844,407.7598876953125,285990
2023-09-26,410.04998779296875,423.3999938964844,409.3500061035156,421.04998779296875,420.13287353515625,615080
2023-09-27,422.04998779296875,447.6000061035156,420.29998779296875,445.29998779296875,444.3300476074219,1944920
2023-09-28,452.0,456.6000061035156,437.04998779296875,439.3999938964844,438.4429016113281,903641
2023-09-29,440.8999938964844,445.0,435.0,438.3999938964844,437.445068359375,459103
2023-10-03,440.29998779296875,443.29998779296875,427.8999938964844,429.3999938964844,428.4646911621094,482158
2023-10-04,429.8500061035156,435.8500061035156,422.0,424.8500061035156,423.9245910644531,810220
2023-10-05,424.1000061035156,426.75,419.29998779296875,421.25,420.3324279785156,296966
2023-10-06,422.8500061035156,422.8500061035156,412.75,414.70001220703125,413.7967224121094,316226
2023-10-09,412.54998779296875,412.6000061035156,400.3500061035156,401.95001220703125,401.0744934082031,288850
2023-10-10,393.0,398.0,378.54998779296875,384.79998779296875,383.9618225097656,2401774
2023-10-11,389.0,391.0,383.0,384.8999938964844,384.0616149902344,928533
2023-10-12,385.0,388.0,380.1000061035156,381.3999938964844,380.5692443847656,487238
2023-10-13,381.29998779296875,384.1499938964844,374.0,375.20001220703125,374.38275146484375,455509
2023-10-16,374.0,376.8999938964844,366.0,367.5,366.69952392578125,848334
2023-10-17,371.04998779296875,375.0,369.1499938964844,372.54998779296875,371.7384948730469,453759
2023-10-18,375.04998779296875,379.8999938964844,369.04998779296875,370.54998779296875,369.74285888671875,521287
2023-10-19,370.0,373.54998779296875,365.29998779296875,366.95001220703125,366.1507263183594,318432
2023-10-20,367.0,373.95001220703125,363.8999938964844,365.75,364.9533386230469,328656
2023-10-23,366.0,369.8500061035156,318.20001220703125,346.1499938964844,345.3960266113281,428288
2023-10-25,346.8999938964844,360.0,326.1000061035156,329.1000061035156,328.3831481933594,1038303
2023-10-26,327.0,333.75,312.0,316.0,315.31170654296875,1454179
2023-10-27,318.20001220703125,340.5,318.20001220703125,337.45001220703125,336.7149963378906,808456
2023-10-30,339.70001220703125,343.8500061035156,331.0,338.70001220703125,337.9622497558594,792498
2023-10-31,338.95001220703125,364.3999938964844,338.70001220703125,359.20001220703125,358.4176025390625,2477941
2023-11-01,361.8999938964844,365.0,352.1499938964844,358.8500061035156,358.068359375,579847
2023-11-02,364.8999938964844,395.6499938964844,358.0,391.70001220703125,390.8468017578125,3198708
2023-11-03,391.75,402.45001220703125,381.79998779296875,392.5,391.6450500488281,1656812
2023-11-06,391.54998779296875,393.75,375.1499938964844,377.3500061035156,376.528076171875,587148
2023-11-07,378.95001220703125,393.8999938964844,372.3500061035156,391.70001220703125,390.8468017578125,953314
2023-11-08,392.54998779296875,394.6499938964844,384.0,386.6499938964844,385.80780029296875,329326
2023-11-09,387.54998779296875,407.0,387.54998779296875,404.25,403.3694763183594,1682098
2023-11-10,403.8999938964844,412.5,401.1499938964844,403.25,402.37164306640625,689133
2023-11-13,405.8999938964844,406.5,401.54998779296875,403.45001220703125,402.57122802734375,205921
2023-11-15,405.95001220703125,408.75,402.45001220703125,403.1000061035156,402.22198486328125,213220
2023-11-16,405.75,411.8999938964844,403.1499938964844,404.45001220703125,403.56903076171875,360381
2023-11-17,405.04998779296875,410.3999938964844,402.79998779296875,408.70001220703125,407.8097839355469,449855
2023-11-20,408.75,426.45001220703125,404.79998779296875,424.0,423.0764465332031,893599
2023-11-21,424.0,425.0,415.79998779296875,420.3999938964844,419.4842834472656,756683
2023-11-22,420.95001220703125,420.95001220703125,406.5,414.0,413.0982360839844,595405
2023-11-23,415.25,419.5,409.70001220703125,418.1499938964844,417.23919677734375,363761
2023-11-24,419.1499938964844,423.0,413.1000061035156,414.8500061035156,413.9463806152344,189002
2023-11-28,414.0,419.5,410.25,411.54998779296875,410.653564453125,183107
2023-11-29,411.95001220703125,414.8999938964844,406.54998779296875,407.70001220703125,406.81195068359375,139048
2023-11-30,409.70001220703125,440.79998779296875,404.6000061035156,430.8500061035156,429.9115295410156,970224
2023-12-01,437.5,438.5,421.6499938964844,430.1499938964844,429.2130432128906,665159
2023-12-04,436.04998779296875,439.1000061035156,425.54998779296875,432.54998779296875,431.6078186035156,2427189
2023-12-05,433.0,440.0,428.04998779296875,434.79998779296875,433.8529052734375,740229
2023-12-06,434.79998779296875,436.8999938964844,421.1000061035156,422.95001220703125,422.02874755859375,358484
2023-12-07,422.95001220703125,426.5,413.45001220703125,416.29998779296875,415.3932189941406,250213
2023-12-08,417.0,420.8999938964844,411.54998779296875,417.1000061035156,416.19146728515625,230742
2023-12-11,417.1499938964844,419.3999938964844,410.0,411.25,410.3542175292969,209245
2023-12-12,413.95001220703125,413.95001220703125,395.54998779296875,403.0,402.1221923828125,878558
2023-12-13,405.0,412.0,399.1000061035156,405.25,404.3672790527344,391861
2023-12-14,410.29998779296875,422.5,408.04998779296875,415.20001220703125,414.2956237792969,668996
2023-12-15,419.95001220703125,419.95001220703125,412.6000061035156,414.20001220703125,413.29779052734375,349807
2023-12-18,415.45001220703125,416.20001220703125,405.54998779296875,406.25,405.3651123046875,339875
2023-12-19,407.95001220703125,408.29998779296875,402.3500061035156,404.3500061035156,403.4692687988281,235757
2023-12-20,407.8999938964844,411.79998779296875,398.1499938964844,404.20001220703125,403.319580078125,724352
2023-12-21,399.0,410.8500061035156,391.20001220703125,403.79998779296875,402.9204406738281,713570
2023-12-22,406.29998779296875,408.0,400.5,401.8999938964844,401.0245666503906,216412
2023-12-26,404.8999938964844,409.75,401.45001220703125,408.3500061035156,407.4605407714844,307464
2023-12-27,407.20001220703125,417.0,405.29998779296875,414.5,413.5971374511719,435529
2023-12-28,414.6000061035156,425.0,409.45001220703125,422.3999938964844,421.47991943359375,529649
2023-12-29,422.3999938964844,428.0,416.0,424.1499938964844,423.2261047363281,478348
2024-01-01,424.1499938964844,426.75,417.54998779296875,420.1499938964844,419.2348327636719,148288
2024-01-02,419.70001220703125,423.29998779296875,412.75,421.1000061035156,420.1827697753906,171802
2024-01-03,421.8999938964844,427.79998779296875,418.54998779296875,420.6000061035156,419.6838684082031,272045
2024-01-04,420.6000061035156,425.1000061035156,418.1000061035156,421.3999938964844,420.48211669921875,221318
2024-01-05,424.70001220703125,436.8500061035156,411.1000061035156,412.8500061035156,411.95074462890625,615565
2024-01-08,412.95001220703125,414.6000061035156,404.3500061035156,407.3999938964844,406.5126037597656,420296
2024-01-09,410.0,411.1000061035156,400.0,401.54998779296875,400.6753234863281,473243
2024-01-10,402.70001220703125,404.70001220703125,391.20001220703125,392.6499938964844,391.79473876953125,460845
2024-01-11,395.29998779296875,402.8999938964844,395.04998779296875,398.0,397.1330871582031,265957
2024-01-12,398.0,405.8999938964844,396.0,403.3999938964844,402.52130126953125,263706
2024-01-15,403.3999938964844,419.6499938964844,403.3999938964844,417.3999938964844,416.4908142089844,728571
2024-01-16,418.1000061035156,418.70001220703125,408.0,410.1499938964844,409.2566223144531,271604
2024-01-17,407.5,408.5,402.8500061035156,405.29998779296875,404.41717529296875,150207
2024-01-18,404.3999938964844,404.3999938964844,393.0,397.6499938964844,396.7838439941406,350861
2024-01-19,400.1499938964844,402.0,392.0,392.70001220703125,391.8446350097656,296281
2024-01-23,406.0,410.75,393.0,396.29998779296875,395.436767578125,315686
2024-01-24,397.5,397.8999938964844,385.29998779296875,394.75,393.8901672363281,829898
2024-01-25,396.75,396.75,384.0,385.79998779296875,384.95965576171875,376730
2024-01-29,385.0,389.0,371.04998779296875,373.95001220703125,373.1354675292969,516233
2024-01-30,377.20001220703125,378.8500061035156,368.1499938964844,369.1499938964844,368.3459167480469,582914
2024-01-31,370.25,380.8500061035156,366.04998779296875,376.54998779296875,375.72979736328125,569988
2024-02-01,377.75,378.45001220703125,369.29998779296875,373.20001220703125,372.3871154785156,477812
2024-02-02,373.20001220703125,383.3999938964844,364.8500061035156,367.20001220703125,366.4001770019531,661033
2024-02-05,367.3500061035156,370.3500061035156,350.3500061035156,354.0,353.2289123535156,849558
2024-02-06,375.0,424.79998779296875,369.1000061035156,424.79998779296875,423.87469482421875,14214394
2024-02-07,429.0,498.0,414.1000061035156,469.6000061035156,468.5771179199219,11226518
2024-02-08,477.20001220703125,482.29998779296875,458.1000061035156,469.04998779296875,468.0283203125,3772709
2024-02-09,465.04998779296875,473.04998779296875,446.20001220703125,466.3999938964844,465.38409423828125,2122628
2024-02-12,467.79998779296875,472.1000061035156,423.3999938964844,428.3500061035156,427.4169921875,958540
2024-02-13,428.54998779296875,451.95001220703125,420.04998779296875,445.54998779296875,444.5794982910156,788868
2024-02-14,427.0,449.0,427.0,437.25,436.2975769042969,338150
2024-02-15,445.0,463.45001220703125,430.0,459.1000061035156,458.1000061035156,888403
2024-02-16,461.95001220703125,471.45001220703125,447.04998779296875,460.8500061035156,460.8500061035156,482496
2024-02-19,466.0,467.75,450.3500061035156,458.04998779296875,458.04998779296875,303813
2024-02-20,463.5,467.8500061035156,445.1000061035156,451.25,451.25,292056
2024-02-21,452.0,459.79998779296875,440.5,453.8999938964844,453.8999938964844,504060
2024-02-22,460.0,464.3500061035156,445.1000061035156,455.6499938964844,455.6499938964844,485008
2024-02-23,468.0,472.0,452.25,457.29998779296875,457.29998779296875,435468
2024-02-26,457.6000061035156,459.6000061035156,442.3500061035156,456.1000061035156,456.1000061035156,396270
2024-02-27,458.0,461.45001220703125,436.45001220703125,459.20001220703125,459.20001220703125,914387
2024-02-28,465.29998779296875,498.70001220703125,447.95001220703125,466.1000061035156,466.1000061035156,10260156
2024-02-29,469.25,503.0,458.04998779296875,498.20001220703125,498.20001220703125,10002556
2024-03-01,498.20001220703125,504.8999938964844,486.6000061035156,491.45001220703125,491.45001220703125,1965936
2024-03-04,518.0,518.0,490.29998779296875,492.3999938964844,492.3999938964844,1877080
2024-03-05,496.3999938964844,515.9500122070312,478.0,480.54998779296875,480.54998779296875,2488644
2024-03-06,487.0,491.0,463.29998779296875,475.6000061035156,475.6000061035156,1367047
2024-03-07,479.8999938964844,489.0,475.6000061035156,484.6499938964844,484.6499938964844,912598
2024-03-11,497.95001220703125,501.3999938964844,473.75,480.6499938964844,480.6499938964844,1566284
2024-03-12,480.6000061035156,484.1499938964844,462.6499938964844,468.1499938964844,468.1499938964844,653245
2024-03-13,467.8999938964844,477.95001220703125,449.5,461.1000061035156,461.1000061035156,1190455
2024-03-14,458.0,476.0,445.0,471.25,471.25,994002
2024-03-15,467.95001220703125,475.0,458.54998779296875,472.25,472.25,609636
2024-03-18,470.8999938964844,474.75,458.3999938964844,461.5,461.5,346530
2024-03-19,463.0,504.70001220703125,460.1000061035156,488.3500061035156,488.3500061035156,12707665
2024-03-20,488.3500061035156,496.45001220703125,478.1499938964844,482.6000061035156,482.6000061035156,2273204
2024-03-21,487.70001220703125,517.5,486.5,499.75,499.75,3577176
2024-03-22,498.04998779296875,508.0,493.1000061035156,502.3500061035156,502.3500061035156,907958
2024-03-26,500.0,545.6500244140625,497.1499938964844,537.5999755859375,537.5999755859375,4223986
2024-03-27,542.8499755859375,559.0,530.8499755859375,546.0,546.0,2873936
2024-03-28,547.0,547.0,524.5499877929688,536.7000122070312,536.7000122070312,1560344
2024-04-01,542.0,578.0,540.0,571.5999755859375,571.5999755859375,2975365
2024-04-02,570.0,574.7999877929688,551.0999755859375,555.1500244140625,555.1500244140625,981352
2024-04-03,558.4000244140625,558.7000122070312,547.0,550.0,550.0,1066403
2024-04-04,554.0,567.9500122070312,553.0999755859375,562.6500244140625,562.6500244140625,1174174
2024-04-05,568.0,574.5,554.0,557.2000122070312,557.2000122070312,667055
2024-04-08,561.0,562.25,545.2000122070312,549.5,549.5,556217
2024-04-09,555.2999877929688,555.2999877929688,536.0999755859375,549.0999755859375,549.0999755859375,512786
2024-04-10,556.8499755859375,565.7999877929688,550.0,555.0,555.0,862532
2024-04-12,558.4000244140625,565.4500122070312,541.0,545.4500122070312,545.4500122070312,1362609
2024-04-15,532.5,543.1500244140625,519.5499877929688,540.6500244140625,540.6500244140625,773634
2024-04-16,528.0999755859375,561.9500122070312,525.25,533.0999755859375,533.0999755859375,1571354
2024-04-18,504.0,531.7999877929688,501.5,519.1500244140625,519.1500244140625,1269310
2024-04-19,515.0,541.0999755859375,512.75,535.8499755859375,535.8499755859375,1931126
2024-04-22,545.0499877929688,546.5999755859375,527.2000122070312,530.8499755859375,530.8499755859375,505074
2024-04-23,532.4500122070312,535.8499755859375,525.5499877929688,531.2999877929688,531.2999877929688,558722
2024-04-24,535.0,542.9000244140625,530.2000122070312,537.9500122070312,537.9500122070312,436069
2024-04-25,542.2999877929688,545.8499755859375,528.5499877929688,531.0,531.0,787985
2024-04-26,533.0,540.4500122070312,528.5,535.7000122070312,535.7000122070312,353173
2024-04-29,539.9500122070312,544.7000122070312,532.5,539.0499877929688,539.0499877929688,639859
2024-04-30,544.3499755859375,551.0,533.0499877929688,537.5499877929688,537.5499877929688,565139
2024-05-02,540.9500122070312,581.9000244140625,535.9500122070312,559.5999755859375,559.5999755859375,3743567
2024-05-03,563.0,596.7000122070312,560.1500244140625,576.1500244140625,576.1500244140625,2566687
2024-05-06,580.0,582.0999755859375,553.3499755859375,569.9000244140625,569.9000244140625,861439
2024-05-07,566.0,566.25,539.0499877929688,555.5999755859375,555.5999755859375,1359605
2024-05-08,555.0,581.0999755859375,551.4000244140625,579.4500122070312,579.4500122070312,924981
2024-05-09,579.9500122070312,581.0,547.0,550.7000122070312,550.7000122070312,839973
2024-05-10,554.9000244140625,564.3499755859375,549.6500244140625,555.4000244140625,555.4000244140625,497833
2024-05-13,554.5,558.0,541.0499877929688,555.5,555.5,348470
2024-05-14,557.0,565.9500122070312,549.0,556.5499877929688,556.5499877929688,752761
2024-05-15,561.7000122070312,586.7999877929688,556.0999755859375,584.6500244140625,584.6500244140625,1056094
2024-05-16,587.0,612.7000122070312,586.9000244140625,605.0999755859375,605.0999755859375,3039096
2024-05-17,639.0,654.4000244140625,617.7999877929688,630.9000244140625,630.9000244140625,6528875
2024-05-21,640.0,640.0,588.0,593.0499877929688,593.0499877929688,1717414
2024-05-22,604.9500122070312,616.0,578.1500244140625,581.3499755859375,581.3499755859375,1518678
2024-05-23,588.5,601.4000244140625,582.4000244140625,585.0,585.0,1003391
2024-05-24,586.0,599.0499877929688,583.0,588.4500122070312,588.4500122070312,632529
2024-05-27,593.7000122070312,593.7000122070312,571.1500244140625,575.0499877929688,575.0499877929688,432200
2024-05-28,576.4000244140625,579.25,559.2000122070312,573.0,573.0,622869
2024-05-29,575.3499755859375,577.5999755859375,560.0,566.4500122070312,566.4500122070312,481901
2024-05-30,565.0499877929688,603.2999877929688,562.0,594.0999755859375,594.0999755859375,1895344
2024-05-31,596.0,598.9000244140625,585.0499877929688,587.2000122070312,587.2000122070312,1197094
2024-06-03,675.0999755859375,676.0999755859375,580.0,583.25,583.25,1015022
2024-06-04,586.0,588.8499755859375,513.0499877929688,540.0499877929688,540.0499877929688,1323546
2024-06-05,548.9500122070312,596.7000122070312,518.1500244140625,561.8499755859375,561.8499755859375,1548118
2024-06-06,565.5999755859375,582.0,561.0,562.7999877929688,562.7999877929688,601802
2024-06-07,564.7999877929688,564.7999877929688,553.25,554.6500244140625,554.6500244140625,958262
2024-06-10,559.7000122070312,564.6500244140625,553.0499877929688,556.5,556.5,406073
2024-06-11,562.0,563.5999755859375,549.4000244140625,551.25,551.25,292878
